pmcids,conditions,study_type,sex,minimum_age,maximum_age,eligibility_criteria
11452962,['Behavior'],INTERVENTIONAL,FEMALE,18 Years,Not Specified,"Inclusion Criteria:

* Women recruited at their first prenatal visit before the 19th week of gestation.
* Participants from Ille-et-Vilaine, Côtes d’Armor and Finistère departments.

Exclusion Criteria:

* Children born before the 35th week of gestation.
* Children with a genetic or chromosomic disease.
* Children who had suffered severe head trauma during childhood.
* Children treated on a regular or prolonged basis with tranquilizers, anti-depressant or psychostimulant neuroleptic drugs.
* Women who did not work during pregnancy.

* Women who changed jobs during pregnancy."
11731389,"['Left Ventricular Ejection Fraction', 'Stroke', 'Cancer']",INTERVENTIONAL,ALL,18 Years,85 Years,"Inclusion Criteria:

* Age between 18-85 years
* Diagnosis of stage I-IV non-Hodgkin’s or Hodgkin’s lymphoma
* Receipt of anthracycline-based chemotherapy or other potentially cardiotoxic cancer therapies
* Self-reported capacity to walk at least 2 city blocks (~ 650 feet/200 m) on a flat surface
* Ability to speak and understand English
* Survival beyond 6 months

Exclusion Criteria:

* Uncontrolled hypertension (systolic blood pressure > 190 mmHg or diastolic blood pressure > 100 mmHg)
* Recent history of alcohol or drug abuse
* Contraindication for magnetic resonance imaging (Magnetic Resonance Imaging)
* Contraindications for exercise training or testing
* Inability to exercise on stationary cycle
* Claustrophobia
* Unstable angina
* Pregnancy
* Moving within 12 months of enrollment
* Inability to provide informed consent"
12597553,['Inflammation'],INTERVENTIONAL,ALL,18 Years,65 Years,"Inclusion Criteria:

* Participants with severe asthma under the care of a respirologist
* Participants with a diagnosis of severe asthma in accordance with the Global Initiative for Asthma treatment step criteria
* Participants who completed research assessments at St. Joseph’s Healthcare Hamilton (Hamilton, ON, Canada)
* Participants who provided demographic information, reported their asthma control and quality of life using the 5-point Asthma Control Questionnaire and Asthma Quality of Life Questionnaire, and performed spirometry and hyperpolarized 129Xe ventilation Magnetic Resonance Imaging after bronchodilator administration
* Participants who provided sputum for cytometry on the same day as ventilation Magnetic Resonance Imaging

Exclusion Criteria:

* Participants younger than 18 years old
* Participants older than 65 years old
* Participants who did not complete research assessments at St. Joseph’s Healthcare Hamilton (Hamilton, ON, Canada)
* Participants who did not provide demographic information, report their asthma control and quality of life, perform spirometry, or undergo hyperpolarized 129Xe ventilation Magnetic Resonance Imaging after bronchodilator administration
* Participants who did not provide sputum for cytometry"
12675164,"['Nasopharyngeal Carcinoma', 'Prognostic Factors']",OBSERVATIONAL,ALL,22 Years,68 Years,"Inclusion Criteria:

* Patients diagnosed with nonkeratinizing squamous cell carcinoma confirmed by histopathology
* Pretreatment DECT was performed

Exclusion Criteria:

* Patients who had received antitumor treatment before DECT examination"
10041670,"['Echocardiography', 'Heart Failure', 'Stress']",OBSERVATIONAL,ALL,18 Years,99 Years,"Inclusion Criteria:

* Patients with symptoms/signs of heart failure
* Patients who are able to provide written informed consent

Exclusion Criteria:

* Patients with previous cardiac imaging indicating significant coronary artery disease
* Patients with severe pulmonary disease (i.e. Forced Expiratory Volume in 1 Second < 50% predicted)
* Patients with cardiomyopathy
* Patients with constrictive pericarditis
* Patients with contraindication to contrast-enhanced Cardiac magnetic resonance imaging study
* Patients with estimated glomerular filtration rate (Estimated Glomerular Filtration Rate) < 30 mL/min/1.73 m2
* Patients with more than moderate valvular disease"
12378737,['Sarcoidosis'],OBSERVATIONAL,ALL,18 Years,Not Specified,"Inclusion Criteria:

* Patients with a recent diagnosis or chronic sarcoidosis
* Patients who are not currently receiving systemic corticosteroid, hydroxychloroquine sulphate or immunosuppressive therapy
* Patients who do not have diabetes, urinary tract infection or urinary lithiasis at the time of sampling, and do not have renal insufficiency

Exclusion Criteria:

* Patients under the age of 18 years
* Patients who have a history of systemic corticosteroid, hydroxychloroquine sulphate or immunosuppressive therapy in the previous 6 months
* Patients who are currently receiving a standard treatment regimen, including recent treatments such as antibiotics
* Patients who have a history of diabetes, urinary tract infection or urinary lithiasis at the time of sampling, or renal insufficiency"
10914657,"['Head and Neck Cancer', 'Cancer']",INTERVENTIONAL,ALL,32 Years,76 Years,"Inclusion Criteria:

* Patients with suspected head and neck squamous cell carcinoma (HNSCC) who are being evaluated with a clinically indicated neck Magnetic Resonance Imaging
* Participants who are able to provide written informed consent

Exclusion Criteria:

* Participants who are unable to undergo Magnetic Resonance Imaging scanning due to contraindications such as pregnancy, extensive tattoos, pacemaker, shrapnel injury, or severe claustrophobia
* Patients with proven liver disease other than HNSCC
* Patients with known malignant liver tumours and those with any malignancy with a life expectancy of less than 36 months
* Patients with heart failure New York Heart Association stages II-IV
* Patients with severe mental illness

* Participants who are not able to complete the Magnetic Resonance Imaging-specific anxiety questionnaire"
1766565,"['Pancreatic Cancer', 'Liver Metastases', 'Pancreatitis', 'Gadolinium', 'Staging', 'Cancer']",OBSERVATIONAL,ALL,18 Years,Not Specified,"Inclusion Criteria:

* Patients with equivocal CT findings
* Patients with cystic lesions

Exclusion Criteria:

* Not specified"
11624772,"['Cardiac Magnetic Resonance Imaging', 'Left Ventricular Ejection Fraction', 'Heart Failure']",INTERVENTIONAL,ALL,18 Years,Not Specified,"Inclusion Criteria:

* Age ≥ 18 years
* Symptomatic heart failure with reduced ejection fraction (HFrEF) as defined by New York Heart Association (New York Heart Association) II–III
* Left ventricular ejection fraction (Left Ventricular Ejection Fraction) ≤ 35% despite established treatment with ACE-inhibitor/ARB, beta blocker, and mineralocorticoid receptor antagonist (MRA) therapy
* Eligible for sacubitril/valsartan initiation as per 2016 ESC guidelines
* Left Ventricular Ejection Fraction ≤ 35% determined by transthoracic echocardiography (Transthoracic echocardiogram)

Exclusion Criteria:

* Pre-existing device
* Symptomatic hypotension (systolic BP < 95 mm Hg)
* Severe renal failure (Estimated Glomerular Filtration Rate < 30 mL/min/1.73 m2)
* Hyperkalaemia (K > 5.4 mmol/L)
* Diagnosis of amyloidosis, sarcoidosis, or hypertrophic cardiomyopathy
* History of angioedema, myocardial infarction, or revascularization within the last 40 days
* Valve disease expected to require surgery
* Life expectancy < 2 years"
11320487,['inflammatory bowel disease'],OBSERVATIONAL,ALL,18 Years,Not Specified,"Inclusion Criteria:

* Healthy volunteers with no history of abdominal surgery or bowel disease
* Age ≥ 18 years

Exclusion Criteria:

* Bowel diseases as seen on Magnetic Resonance Imaging
* Fecal impaction
* Increased peristalsis
* General Magnetic Resonance Imaging contraindications"
11565010,['Cirrhosis'],INTERVENTIONAL,ALL,18 Years,Not Specified,Not Specified
12670764,"['Peripheral nerves', 'Sciatic nerve crush injury']",INTERVENTIONAL,ALL,8 Years,12 Years,"Inclusion Criteria:

* Mice aged 8-12 weeks
* Mice of both sexes

Exclusion Criteria:

* Not specified"
12687485,"['Coronary Computed Tomography Angiography', 'Coronary Disease', 'Atherosclerosis', 'CT Angiography', 'Angina']",OBSERVATIONAL,ALL,18 Years,Not Specified,"Inclusion Criteria:

* Patients with exertional dyspnea and jaw discomfort
* Patients with no hypertension, diabetes, or smoking history
* Patients with family history of premature coronary disease
* Patients with hyperlipidemia
* Patients who underwent exercise treadmill testing (ETT) and myocardial perfusion imaging (MPI)
* Patients who underwent coronary computed tomography angiography (CCTA)
* Patients who underwent invasive coronary angiography (CAG)
* Patients who underwent coronary artery bypass grafting (Prior coronary bypass graft)

Exclusion Criteria:

* Patients with a history of hypertension, diabetes, or smoking
* Patients with a family history other than premature coronary disease
* Patients without hyperlipidemia
* Patients who did not undergo exercise treadmill testing (ETT) and myocardial perfusion imaging (MPI)
* Patients who did not undergo coronary computed tomography angiography (CCTA)
* Patients who did not undergo invasive coronary angiography (CAG)
* Patients who did not undergo coronary artery bypass grafting (Prior coronary bypass graft)"
12644564,['Neuroendocrine Tumors'],INTERVENTIONAL,ALL,18 Years,82 Years,"Inclusion Criteria:

* Diagnosis of pancreatic neuroendocrine tumor (PNET)
* Age ≥ 18 years

Exclusion Criteria:

* No prior neoadjuvant therapy
* No history of other malignancies"
12628996,['Pain'],INTERVENTIONAL,MALE,7 Years,Not Specified,"Inclusion Criteria:

* Adult male Sprague-Dawley rats or C57BL/6 mice
* Successful Magnetic Resonance Imaging-informed stereotactic microinjection of chemicals or virus into trigeminal root entry zones

Exclusion Criteria:

* Animals with trigeminal root demyelination or nearby neuronal ablation not included in further statistical analysis"
9803799,"['Migraine', '18F-FDG']",OBSERVATIONAL,ALL,18 Years,65 Years,"Inclusion Criteria:

* Diagnosis of Visual Snow Syndrome (VSS) with dynamic, continuous, black and white tiny dots in the entire visual field lasting longer than 3 months, with at least two additional visual symptoms [].
* Other underlying neurological conditions were excluded and ophthalmological examinations were performed to exclude other underlying ophthalmological conditions.

Exclusion Criteria:

* Age greater than 65 years
* History of major internal pathology
* Neurological and/or psychiatric disorders (including psychosis, depression, and anxiety)
* History of frequent migraine attacks
* Substance abuse or current use of any central acting medication
* First-degree relatives with dementia"
12680574,['Not Specified'],INTERVENTIONAL,ALL,18 Years,Not Specified,"Inclusion Criteria:

* Bacterial strains of interest for the study
* Ability to grow the bacterial strains in a laboratory setting

Exclusion Criteria:

* Bacterial strains not of interest for the study"
3872721,['Multiple Sclerosis'],OBSERVATIONAL,ALL,18 Years,65 Years,"Inclusion Criteria:

* Diagnosis of Relapsing-Remitting Multiple Sclerosis (RRMS)
* Age 18-65 years
* No corticosteroid treatment within the last 30 days

Exclusion Criteria:

* Visible contrast-enhancing lesions in Multiple Sclerosis patients: exclusion of the nearest 30 mm of non-enhancing tissue into the periventricular NAWM"
12530898,"['Acute Ischemic Stroke', 'Ischemic Stroke', 'Hemorrhage', 'Stroke']",OBSERVATIONAL,ALL,40 Years,Not Specified,"Inclusion Criteria:

* Patients hospitalized under a primary diagnosis of acute ischemic stroke (International Classification of Diseases-10 code: I63)
* Patients who underwent mechanical thrombectomy, followed by discharge, between April 2020 and March 2023.

Exclusion Criteria:

* Patients who underwent mechanical thrombectomy without contact aspiration (CA)
* Patients under 40 years of age"
11873289,"['gamma-amino-butyric acid (GABA)', 'Glx', 'major depressive disorder (MDD)']",INTERVENTIONAL,ALL,18 Years,Not Specified,"Inclusion Criteria:

* Participants with Major Depressive Disorder (MDD) as per Diagnostic and Statistical Manual-IV criteria
* Participants who are medication-naïve or medication-free for at least 3 weeks before imaging
* Participants who are at least 18 years old and have signed informed consent

Exclusion Criteria:

* Participants who are currently receiving efficacious antidepressant treatment
* Participants with contraindications to escitalopram
* Participants who have a history of psychosis or bipolar disorder
* Participants who are actively suicidal
* Participants with high potential for excessive substance use during the study period
* Participants with significant active physical illness
* Participants with significant neurological deficits
* Participants with contradictions to Magnetic Resonance Imaging or Medical positron emitting tomography imaging (e.g., metal implants, current pregnancy, or breastfeeding)"
8270927,"['Carotid Stenosis', 'Inflammation', 'Hemorrhage', '18F-FDG']",OBSERVATIONAL,ALL,18 Years,Not Specified,"Inclusion Criteria:

* Patients with carotid plaque selected for the study based on routine duplex ultrasound using criteria established for the European Carotid Surgery Trial.
* Age 18 years or older.

Exclusion Criteria:

* Patients planned for endarterectomy
* Age greater than 80 years
* Previous carotid endarterectomy
* Carotid occlusion
* Diabetes mellitus
* Renal failure (glomerular filtration rate < 45 mL/min/1.73 m2)
* Inflammatory diseases including malignancies
* Immunologic disorders
* Treatment with immunosuppressive/anti-inflammatory agents"
12382987,"['Specific Phobia', 'Anxiety']",INTERVENTIONAL,ALL,18 Years,70 Years,"Inclusion Criteria:

* Greek as the primary language
* At least 3 years of education
* Age >17

Exclusion Criteria:

* Major psychiatric disorders (e.g., major depression, schizophrenia, dementia, or substance use disorders)"
11883088,"['Anterosuperior Cuff Tears', 'Supraspinatus Tears', 'Subscapularis Tears']",INTERVENTIONAL,ALL,18 Years,85 Years,"Inclusion Criteria:

* Patients with retracted anterosuperior tears
* Muscle quality is good (Goutallier classification < 3)

Exclusion Criteria:

* Patients with poor muscle quality (Goutallier classification ≥ 3)"
11911039,"['Normal Pressure Hydrocephalus', 'Hydrocephalus']",OBSERVATIONAL,ALL,65 Years,85 Years,"Inclusion Criteria:

* Diagnosis of iNPH (Idiopathic Normal Pressure Hydrocephalus)
* Planned shunt surgery

Exclusion Criteria:

* Mini Mental State Examination (Mini Mental State Examination) score of <16
* Contraindications to Magnetic Resonance Imaging
* Anticoagulant or antiplatelet medication beyond acetylsalicylic acid"
12543338,['Inflammatory Bowel Disease (IBD)'],INTERVENTIONAL,ALL,18 Years,Not Specified,"Inclusion Criteria:

* Peer-reviewed articles and reports providing quantitative or qualitative data on the environmental impact of diagnostic imaging relevant to Inflammatory Bowel Disease care
* Studies assessing these modalities in broader gastrointestinal or cross-sectional imaging contexts, provided they report outcomes applicable to Inflammatory Bowel Disease diagnostics

Exclusion Criteria:

* Editorials
* Letters
* Conference abstracts without full data
* Non-peer-reviewed sources
* Papers lacking consistent or extractable data
* Studies focused solely on therapeutic interventions
* No restrictions regarding language, publication date or geographic location"
11876024,['Multiple Sclerosis'],INTERVENTIONAL,ALL,18 Years,Not Specified,"Inclusion Criteria:

* Diagnosis of Leber hereditary optic neuropathy (LHON)
* Diagnosis of Multiple Sclerosis (Multiple Sclerosis)

Exclusion Criteria:

* Not specified"
12673831,"['Inflammation', 'Myocarditis']",INTERVENTIONAL,ALL,18 Years,65 Years,"Inclusion Criteria:

* Age ≥ 18 years and ≤ 65 years
* Diagnosis of myocarditis
* Asian ethnicity
* Ability to provide written informed consent

Exclusion Criteria:

* Pregnant or lactating women
* History of malignancy
* History of severe heart disease
* History of severe liver disease
* History of severe kidney disease
* History of severe lung disease
* History of severe neurological disease
* History of severe autoimmune disease
* History of severe infectious disease
* History of severe metabolic disease
* History of severe endocrine disease
* History of severe hematological disease
* History of severe genetic disease
* History of severe connective tissue disease
* History of severe vascular disease
* History of severe gastrointestinal disease
* History of severe dermatological disease
* History of severe ophthalmological disease
* History of severe musculoskeletal disease
* History of severe psychiatric disease
* History of severe drug abuse
* History of severe alcohol abuse
* History of severe tobacco abuse
* History of severe environmental exposure
* History of severe radiation exposure
* History of severe surgery within the last 6 months
* History of severe trauma within the last 6 months
* History of severe allergic reaction to study medication
* Participation in another clinical trial within the last 30 days
* Unable to comply with study protocol"
9563818,"['Radiation Exposure', 'Breast Cancer', 'Cancer']",INTERVENTIONAL,FEMALE,27 Years,61 Years,"Inclusion Criteria:

* Healthy participants
* Male or female
* Provided written informed consent

Exclusion Criteria:

* Known intolerance/hypersensitivity to iron or dextran compounds
* Standard Magnetic Resonance Imaging exclusion criteria"
8179912,"['Amyloid transthyretin (ATTR) amyloidosis with polyneuropathy (PN)', 'chronic inflammatory demyelinating polyradiculoneuropathy (CIDP)', 'idiopathic axonal polyneuropathy', 'lumbar spinal stenosis', 'diabetic neuropathy', 'AL amyloidosis']",INTERVENTIONAL,ALL,18 Years,85 Years,"Inclusion Criteria:

* Diagnosis of ATTR amyloidosis with polyneuropathy (PN)
* Age of 18 years or older
* Ability to provide written informed consent

Exclusion Criteria:

* Age below 18 years
* Unable to provide written informed consent
* Not meeting the inclusion criteria"
12619081,"['Traumatic Brain Injury', 'Stroke']",OBSERVATIONAL,ALL,18 Years,65 Years,"Inclusion Criteria:

* Patients who previously underwent hemicraniectomy for traumatic brain injury, ruptured aneurysm, or hemorrhagic stroke
* Patients who underwent MRIs before and after cranioplasty
* Written informed consent obtained according to a protocol approved by the University of Southern California Institutional Review Board

Exclusion Criteria:

* Contraindications to Magnetic Resonance Imaging
* Pregnancy
* Other severe concurrent neurologic or psychiatric illnesses"
6071080,"['Tourette Syndrome', 'Stroke']",INTERVENTIONAL,ALL,18 Years,Not Specified,"Inclusion Criteria:

* Diagnosis of Tourette Syndrome (TS)
* Age: All ages

Exclusion Criteria:

* No specific exclusion criteria mentioned in the article"
7134551,"['COVID-19', 'Cough', 'Pain']",OBSERVATIONAL,ALL,18 Years,Not Specified,"Inclusion Criteria:

* Patients with laboratory-confirmed COVID-19 infection
* Native speaker patients
* Patients clinically able to fulfill the questionnaire

Exclusion Criteria:

* Patients with olfactory or gustatory dysfunctions before the epidemic
* Patients without a laboratory-confirmed COVID-19 infection diagnosis
* Patients who were in the intensive-care unit at the time of the study (due to their health status)"
12686522,"['Learning', 'Stroke']",OBSERVATIONAL,ALL,18 Years,Not Specified,"Inclusion Criteria:

* Patients with Acute Ischemic Cerebrovascular Disease (Abbreviated Injury Scale or Transient ischemic attack)

Exclusion Criteria:

* Poor scan quality
* Severe head motion
* Substantial imaging artifacts
* Incomplete Magnetic Resonance Imaging acquisitions
* Image distortions"
10278496,"['Breast Cancer', 'Anxiety', 'Cancer']",INTERVENTIONAL,FEMALE,18 Years,Not Specified,"Inclusion Criteria:

* Women diagnosed with breast cancer within the preceding 12 months
* Stage 0-III unilateral breast cancer
* English-proficient
* Willing to suspend intake of benzodiazepines and to undergo brain Magnetic Resonance Imaging
* No contraindications to Magnetic Resonance Imaging imaging

Exclusion Criteria:

* Other current or past cancers
* Any significant neurologic disease
* Current untreated psychosis or bipolar disorder
* Substance/alcohol abuse/dependence
* Current use of psychotropic medication
* Pregnancy
* Hearing impairment

* Controls: women with no history of cancer, no first‐degree relatives or 2 or more second‐degree relatives with a breast cancer diagnosis, or any first‐ or second‐degree relatives with ovarian cancer"
12566829,"['Lung Cancer', 'Cancer']",INTERVENTIONAL,ALL,18 Years,80 Years,"Inclusion Criteria:

* Diagnosis of non-small cell lung cancer (Non-Small Cell Lung Cancer)
* Age ≥ 18 years and ≤ 80 years
* Eastern Cooperative Oncology Group (ECOG Performance Status) performance status 0-2
* Adequate bone marrow, liver, and renal function
* Adequate cardiac function
* Able to provide written informed consent

Exclusion Criteria:

* History of other malignancies within the past 5 years
* Active infection or uncontrolled systemic disease
* Pregnant or lactating women
* Participants with a known allergy to any component of the study drug or placebo
* Participants who have received prior treatment for Non-Small Cell Lung Cancer with chemotherapy, targeted therapy, or immunotherapy within the past 4 weeks
* Participants who have received prior radiation therapy within the past 6 months
* Participants with a history of significant cardiovascular disease or uncontrolled hypertension
* Participants with a history of significant hematologic, hepatic, or renal disease
* Participants with a history of significant gastrointestinal disease or malabsorption syndrome
* Participants with a history of significant neurologic disease or seizure disorder
* Participants with a history of significant respiratory disease or interstitial lung disease
* Participants with a history of significant endocrine disease or diabetes mellitus
* Participants with a history of significant immunosuppression or autoimmune disease
* Participants with a history of significant psychiatric disease or substance abuse
* Participants who are currently participating in another clinical trial or have participated in another clinical trial within the past 4 weeks
* Participants who are unwilling or unable to comply with the study protocol"
4755166,"['MRI Imaging', 'Stroke', 'Pain']",OBSERVATIONAL,ALL,18 Years,99 Years,"Inclusion Criteria:

1. Patients with continuous health plan enrollment in 2009–2012
2. Patients with a record of an International Classification of Diseases implant (International Classification of Diseases implant cohort) or patients without a record of any cardiac or contraindicated Magnetic Resonance Imaging implant or related monitoring codes (nonimplant cohort)
3. Patients with a diagnosis code on record for the year 2012 for the following diseases: acute stroke, back pain, or joint pain

Exclusion Criteria:

1. Patients with a record of an explant anytime during the calendar year 2012 (International Classification of Diseases implant cohort)
2. Patients with a record of any cardiac or contraindicated Magnetic Resonance Imaging implant or related monitoring codes during the entire 4-year time period (nonimplant cohort)"
6200912,"['disorders of consciousness (DoC)', 'unresponsive wakefulness syndrome (UWS)', 'minimally conscious state (MCS)', 'emerged from MCS (EMCS)']",INTERVENTIONAL,ALL,18 Years,Not Specified,"Inclusion Criteria:

* Clinical diagnosis of Unresponsive Wakefulness Syndrome (UWS), Minimally Conscious State (MCS), or Emerged from MCS (EMCS) according to standard diagnostic criteria.
* Time from onset longer than 1 month.
* Traumatic, vascular, or anoxic brain injury.

Exclusion Criteria:

* Severe pathologies independent from the brain injury (e.g., premorbid history of psychiatric or neurodegenerative diseases)
* Mixed etiology (e.g., both traumatic and anoxic)
* Not stabilized and severe general clinical conditions
* Contraindication for Magnetic Resonance Imaging (e.g., ferromagnetic aneurysm clips, pacemaker)
* Large brain damage (>50% of total brain volume), as stated by a certified neuroradiologist
* Motion parameters >3 mm in translation and 3° in rotation
* Patients whose clinical diagnosis had changed in the week before the neuroimaging acquisition"
5862961,"['Hepatocellular Carcinoma', 'HCC']",OBSERVATIONAL,ALL,18 Years,100 Years,"Inclusion Criteria:

* Age between 18 and 100 years
* Known liver lesion
* No contraindications for Magnetic Resonance Imaging examination
* Glomerular Filtration Rate ≥ 40 ml/min/1.73 m2

Exclusion Criteria:

* Contraindications for Magnetic Resonance Imaging (claustrophobia, Magnetic Resonance Imaging incompatible medical devices, or embedded foreign bodies)
* Pregnancy
* Kidney disease with Glomerular Filtration Rate less 30 ml/min/1.73 m2
* Minors and patients belonging to vulnerable population groups"
12336476,"['Alzheimer’s disease (AD)', 'neurodegenerative diseases']",INTERVENTIONAL,ALL,40 Years,80 Years,"Inclusion Criteria:

* Diagnosis of Alzheimer's disease (Alzheimer's Disease)
* Age 40-80 years

Exclusion Criteria:

* Not applicable (the article does not provide any exclusion criteria for the study)"
12587600,['Traumatic Brain Injury'],OBSERVATIONAL,ALL,18 Years,18 Years,"Inclusion Criteria:

* Pediatric patients under the age of 18 years at the time of admission who presented with moderate to severe traumatic brain injury (Traumatic Brain Injury), as indicated by a Glasgow Coma Scale (Glasgow coma scale) score of less than 12 upon admission.
* Isolated traumatic brain injuries.
* Complete medical records.
* No concurrent infections.
* No steroid treatment.

Exclusion Criteria:

* Incomplete medical records.
* Concurrent infections.
* Steroid treatment."
12524039,"['Endometriosis', 'Inflammation', 'Anxiety']",INTERVENTIONAL,FEMALE,20 Years,50 Years,"Inclusion Criteria:

* Age between 20 and 50 years
* Written informed consent
* Diagnosis of adenomyosis by transvaginal ultrasound (TVUS), symptomology, and gynecological examination
* No previous gynecological disorders and symptoms, or any evidence of endometriosis or adenomyosis per sonographic examination
* No taking hormonal, anti-platelet drugs, oral contraceptives, or other medications to alleviate symptoms in the last 3 months

Exclusion Criteria:

* Pregnancy or lactation
* Smoking
* Co-morbidity of either ovarian endometrioma, deep endometriosis, uterine fibroids, endometrial polyps, or endometritis
* Hypertension, cardiovascular disease, cancer, or thyroid disease
* Chronic insomnia, neurological, or other diseases that may affect heart rate variability
* Complaint of chronic pain or neurological symptoms"
8358155,['Atherosclerosis'],INTERVENTIONAL,ALL,18 Years,67 Years,"Inclusion Criteria:

* Participants were recruited from both urban and rural regions at three locations: University of Washington in Seattle, WA, the Yakima Heart Center in Yakima, WA, and University of Southern California in Los Angeles, CA.
* Participants were defined as medically underserved (US) based on self-reported healthcare coverage.
* Participants had a family history of cardiovascular disease.
* Participants were medically stable.
* Participants had no contraindications to Magnetic Resonance Imaging.
* Participants had angiographically confirmed coronary artery disease or carotid disease.
* Participants had apolipoprotein (Apo) B ≥120 mg/dL.
* Participants had not received lipid therapy for more than 1 year prior to enrollment.

Exclusion Criteria:

* Not specified"
9390233,['Pediatric Patients'],INTERVENTIONAL,ALL,2 Years,17 Years,"Inclusion Criteria:

* Patients aged 2 to 17 years
* Patients with known or suspected lesions scheduled to undergo routine contrast-enhanced Magnetic Resonance Imaging of central nervous system (Evidence for Central Nervous System cohort) or of other organs (body cohort)
* Patients recruited sequentially into 3 predefined age groups: adolescents (12–17 years), then preadolescents (7–11 years), and finally young children (2–6 years)

Exclusion Criteria:

* Patients presenting with acute or chronic renal insufficiency (Estimated Glomerular Filtration Rate out of age-adjusted reference ranges)
* Patients with known cardiac disease
* Patients with severe liver disease
* Patients planning to receive any other contrast agent 1 week prior or after gadopiclenol administration
* Patients undergoing treatment or procedure before or after gadopiclenol administration that would alter gadopiclenol PK parameters"
12579244,['Hernia'],INTERVENTIONAL,ALL,4 Years,6 Years,"Inclusion Criteria:

* Female pigs aged between 4 and 6 months
* Weight between 40 and 60 kg

Exclusion Criteria:

* Pregnant or lactating pigs
* Pigs with a history of hernia or abdominal surgery
* Pigs with a known allergy to the materials used in the S&S Hernia System"
10563854,"['Radiation Exposure', 'Hypertension']",OBSERVATIONAL,ALL,18 Years,Not Specified,"Inclusion Criteria:

* Patients with suspected chronic thromboembolic pulmonary hypertension (CTEPH)
* Patients with other forms of pulmonary hypertension

Exclusion Criteria:

* Patients with contraindications to Magnetic Resonance Imaging scanning (e.g. pacemakers, metal implants, claustrophobia)
* Patients with poor breath holding ability"
7684719,"['Traumatic Brain Injury', 'Inflammation', 'Pain']",OBSERVATIONAL,ALL,18 Years,65 Years,"Inclusion Criteria:

1. Diagnosis of mild traumatic brain injury (mTBI) based on the World Health Organization’s Collaborating Centre for Neurotrauma Task Force.
2. Age between 18 and 65 years.
3. Education level of at least 8 years.

Exclusion Criteria:

1. History of a previous brain injury, preexisting headache, neurological disease, long-standing psychiatric condition, or concurrent substance or alcohol abuse.
2. Structural abnormality on conventional neuroimaging (CT and Magnetic Resonance Imaging).
3. Intubation and/or presence of a skull fracture and administration of sedatives.
4. The manifestation of mild Traumatic Brain Injury due to medications by other injuries (e.g., systemic injuries, facial injuries, or spinal cord injury).
5. Other problems (e.g., psychological trauma, language barrier, or coexisting medical conditions).
6. Caused by penetrating craniocerebral injury."
8218141,"['Lung Cancer', 'Cancer']",OBSERVATIONAL,ALL,18 Years,Not Specified,"Inclusion Criteria:

* Patients with histologically verified Small Cell Lung Cancer (Small Cell Lung Cancer)
* Patients referred to first line standard chemotherapy or reinduction of standard chemotherapy

Exclusion Criteria:

* Not specified"
6434426,"['chronic kidney disease (CKD)', 'iron deficiency anemia (IDA)']",INTERVENTIONAL,ALL,18 Years,Not Specified,"Inclusion Criteria:

* Adults aged 18 years or older
* Diagnosis of chronic kidney disease (Chronic Kidney Disease) undergoing hemodialysis for at least 3 months before screening
* Diagnosis of iron deficiency anemia (IDA) defined as hemoglobin levels at screening of < 11.5 g/dL and transferrin saturation (TSAT) < 30%

Exclusion Criteria:

* Serum ferritin > 800 ng/mL"
12594720,"['Cardiac Magnetic Resonance Imaging', 'Cardiac MRI', 'Gadolinium', 'Cancer']",INTERVENTIONAL,ALL,18 Years,Not Specified,"Inclusion Criteria:

* Pediatric patients with a history of cancer treatment
* Patients with acute or chronic cardiovascular toxicity

Exclusion Criteria:

* Not specified"
12693287,"['Echocardiography', 'Stress']",OBSERVATIONAL,ALL,18 Years,Not Specified,"Inclusion Criteria:

* Patients with a diagnosis of Primary Mitral Regurgitation (PMR)
* Patients with a diagnosis of Mitral Valve Prolapse (MVP)
* Patients with a reduced A-P thoracic diameter caused by sternal depression

Exclusion Criteria:

\-"
3088829,['pelvic floor disorders'],OBSERVATIONAL,FEMALE,18 Years,35 Years,"Inclusion Criteria:

* Age ≥ 18 years
* Nulliparous women

Exclusion Criteria:

* History of pregnancy
* Any (symptom of) pelvic floor disease and/or previous pelvic surgery
* (Relative) contraindications to undergoing Magnetic Resonance Imaging; pacemakers, claustrophobia and pregnancy
* Participants who are not able to complete the standardized questionnaires, including Urogenital Distress Inventory (UDI), Defecation Distress Inventory (DDI) and Incontinence Impact Questionnaire (IIQ)"
10514872,"['X-nuclear application', 'hyperpolarised experiments', 'sodium', 'hyperpolarised carbon', 'hyperpolarised xenon']",INTERVENTIONAL,ALL,21 Years,82 Years,"Inclusion Criteria:

* Healthy subjects (60% male) aged 21-82.2 years
* Patients with a variety of lung disorders, including Chronic Obstructive Pulmonary Disease, asthma, and lung disease post-COVID-19 infection

Exclusion Criteria:

* Not specified"
6615588,"['Lumbar Disc Herniation', 'Pain']",INTERVENTIONAL,ALL,18 Years,Not Specified,"Inclusion Criteria:

* Patients with a diagnosis of lumbar disc herniation (Lumbar Disc Herniation)
* Presence of large annular defects
* Underwent discectomy surgery

Exclusion Criteria:

* Patients with a history of prior lumbar spine surgery
* Patients with a diagnosis other than Lumbar Disc Herniation
* Patients with incomplete data or missing follow-up information"
11106436,"['MRI Imaging', 'HCC']",OBSERVATIONAL,ALL,18 Years,80 Years,"Inclusion Criteria:

* Patients at high risk for Hepatocellular Carcinoma who received both CEUS and EOB-Magnetic Resonance Imaging in our center from November 2019 to December 2022
* Age between 18 and 80 years old
* Routine CT/Magnetic Resonance Imaging/US scan found nodules ≤2 cm
* The number of lesions in each patient ≤3
* Both CEUS and EOB-Magnetic Resonance Imaging were performed within 1 month
* Patients’ informed consent was obtained

Exclusion Criteria:

* Nodules without a definite diagnosis
* Nodules that had received treatment, including local ablation therapy or TACE
* Severe heart, lung, liver, and renal insufficiency
* Lactating and pregnant women
* Those who were assessed by the researchers as not suitable for inclusion"
12554429,"['Radiology', 'Pain']",OBSERVATIONAL,ALL,18 Years,65 Years,"Inclusion Criteria:

* Adult patients (≥18 years old) admitted to the surgical admissions unit (SAU) at Royal Devon and Exeter Hospital

Exclusion Criteria:

* Patients with incomplete electronic patient records"
12591743,"['Malignant Brain Tumors', 'PET Imaging', 'Radiomics']",INTERVENTIONAL,ALL,18 Years,Not Specified,"Inclusion Criteria:

* Patients with malignant brain tumors
* Underwent brain 18F-FET Medical positron emitting tomography/magnetic resonance (MR) scanning followed by surgery

Exclusion Criteria:

* Patients without histological confirmation
* Patients without 18F-FET avid findings
* Patients with significant motion artifacts on Medical positron emitting tomography/MR images"
12431272,"['Ultrasonography', 'Osteoarthritis', 'Stress']",OBSERVATIONAL,ALL,18 Years,75 Years,"Inclusion Criteria:

1. Patients with knee osteoarthritis (KL grade I-IV) who are scheduled for knee surgery (around-knee osteotomy or meniscus repair)
2. Age 18 years or older
3. Ability to walk smoothly
4. Presence of arthroscopic findings

Exclusion Criteria:

1. History of surgery in the ipsilateral knee
2. Neurological disease
3. Absence of radiography data in nonweight-bearing"
11081383,"['Lung Nodules', 'Lung Cancer', 'Cancer']",OBSERVATIONAL,ALL,18 Years,Not Specified,"Inclusion Criteria:

* Age ≥ 18 years
* Diagnosis of lung cancer or mediastinal mass
* Ability to provide written informed consent

Exclusion Criteria:

* Patients without chest CT data"
11797914,['Temperature'],INTERVENTIONAL,ALL,18 Years,Not Specified,"Inclusion Criteria:

* The phantom was positioned headfirst in a supine orientation and then landmarked at a location typical for brain imaging.

Exclusion Criteria:

* Not applicable (phantom study)"
10449626,"['Anxiety', 'Pain']",INTERVENTIONAL,MALE,50 Years,69 Years,"Inclusion Criteria:

* Participants who completed acceptability questionnaires before and after each test

Exclusion Criteria:

* Not specified in the article"
11674553,"['autism spectrum disorder (ASD)', 'obsessive–compulsive disorder (OCD)', 'problematic Internet use (PIU)']",INTERVENTIONAL,ALL,18 Years,70 Years,"Inclusion Criteria:

* Participants with a diagnosis of Autism Spectrum Disorder (Suspected Atrial Septal Defect)
* Participants without mental disabilities, persistent psychotic symptoms, and language or intellectual impairments that would jeopardize the exams.

Exclusion Criteria:

* Participants under 18 years old
* Participants above 70 years old
* Healthy controls with mental illnesses verified using the Structured Clinical Interview for Diagnostic and Statistical Manual-5, Research Version (SCID-5-RV)"
12308866,"['Fertility', 'Cancer']",INTERVENTIONAL,MALE,18 Years,Not Specified,"Inclusion Criteria:

* Males aged 18 years and older
* Presence of testicular microlithiasis (TML) on scrotal ultrasound examination

Exclusion Criteria:

* No history of testicular cancer or carcinoma in situ (CIS)
* No bilateral TML"
7867955,"['Anxiety', 'Stress', 'Pain']",INTERVENTIONAL,ALL,18 Years,18 Years,"Inclusion Criteria:

* Patients aged 0 to 18 years
* Patients who received intranasal administration of different analgesic and sedative drugs

Exclusion Criteria:

* Reviews
* Case reports
* Case series
* Studies involving patients older than 18 years"
6106645,['Inflammation'],INTERVENTIONAL,ALL,18 Years,Not Specified,"Inclusion Criteria:

* Patients with chronic kidney disease (Chronic Kidney Disease)
* Patients with renal transplant
* Patients with vasculitis

Exclusion Criteria:

* Not specified"
9292692,['NAFLD'],INTERVENTIONAL,ALL,18 Years,75 Years,"Inclusion Criteria:

* Age 18-75 years
* Body Mass Index (Body Mass Index) 25-40 kg/m2
* Liver stiffness 2.50-4.63 kPa by magnetic resonance elastography (MRE) and >4.0 kPa measured via vibration controlled transient elastography (VCTE)
* Liver steatosis ≥10% measured by Magnetic Resonance Imaging proton density fat fraction (Magnetic Resonance Imaging-PDFF)
* Subjects with or without Type 2 Diabetes (T2D)

Exclusion Criteria:

* Documented causes of chronic liver disease other than Non-Alcoholic Fatty Liver Disease (NAFLD) (including Non-Alcoholic Steatohepatitis [NASH])
* Positive test for hepatitis B surface antigens or hepatitis C antibodies, HIV Infection-1/HIV Infection-2 antibodies or HIV Infection-1 antigen at screening
* Known or suspected increased consumption of alcohol (>12 g/day for women; >24 g/day for men) or drugs
* Treatment with vitamin E or pioglitazone and HbA1c >9.5%
* Diagnosis of Type 1 Diabetes
* History or presence of pancreatitis (acute/chronic)
* Females who are pregnant or breastfeeding or of child-bearing potential and not using highly effective contraceptive methods
* Prior surgery for obesity
* Current treatment with weight-loss therapies
* Recent treatment with other glucose-lowering medications, including GLP-1RAs, sodium-glucose cotransporter-2 inhibitors and insulin
* Recent use of drugs with potential effects on steatosis, for example certain corticosteroids regimens
* Participation in any organised weight reduction programme
* Post hoc analysis of changes in FibroScan-Aspartate Aminotransferase (FAST) score, which combines liver stiffness measured by VCTE, steatosis by controlled attenuation parameter and serum Aspartate Aminotransferase for the non-invasive identification of patients with NASH and ≥F2 fibrosis"
10864943,['Multiple Sclerosis'],INTERVENTIONAL,ALL,18 Years,60 Years,"Inclusion Criteria:

* Diagnosis of Relapsing-Remitting Multiple Sclerosis (RRMS)
* Age ≥ 18 and ≤ 60 years

Exclusion Criteria:

* History of hypersensitivity to Glatiramer Acetate (GA), mannitol, or any component of the formulation
* Expanded Disability Status Score > 5
* Age < 18 or > 60 years"
12559896,['Nasopharyngeal Carcinoma'],INTERVENTIONAL,ALL,18 Years,Not Specified,"Inclusion Criteria:

* Diagnosis of nasopharyngeal carcinoma
* Patients undergoing prophylactic neck irradiation
* Able to provide written informed consent

Exclusion Criteria:

* Age below 18 years"
8932090,['Pain'],INTERVENTIONAL,ALL,18 Years,80 Years,"Inclusion Criteria:

* Diagnosis of cerebellar ataxia
* Presence of cerebellar atrophy on magnetic resonance imaging
* Prevalence of ataxia on clinical exam
* SARA sitting sub-score less than or equal to 1
* Able to sit safely and use a stationary exercise bike
* Classified as having idiopathic cerebellar ataxia if they had cerebellar atrophy on Magnetic Resonance Imaging and declined genetic testing or no known genetic mutation was found with genetic testing
* Signed informed consent according to the human study guidelines of the Columbia University Institutional Review Board, reference number AAAS0414

Exclusion Criteria:

* Other neurological diseases
* Cognitive impairment (i.e., Mini-Mental State exam score < 24)
* Heart disease
* Joint pain
* Inability to exercise
* SARA walking sub-score > 6 (inability to walk without assistance from another person)
* Medically unstable
* Participants with a variety of cerebellar ataxia types, including idiopathic and multiple system atrophy-cerebellar type, were allowed to participate in the study as long as their predominant neurological deficit was ataxia"
12286055,['Patient Safety'],INTERVENTIONAL,ALL,18 Years,18 Years,"Inclusion Criteria:

* Children aged 0-18 years
* Requirement for auditory brainstem response (ABR) or auditory steady-state response (ASSR) testing

Exclusion Criteria:

* Children with severe systemic conditions (American Society of Anesthesiologists III-V)
* Patients with special healthcare needs
* Anatomical airway abnormalities
* Moderate-to-severe tonsillar hypertrophy
* Obesity requiring special assessment and monitoring by an anaesthesiologist during sedation"
11315271,"['Prostate Cancer', 'Cancer']",INTERVENTIONAL,MALE,50 Years,75 Years,"Inclusion Criteria:

* Men aged 50-75 years
* No prior prostate cancer diagnosis

Exclusion Criteria:

* Not applicable (as the study did not report any exclusion criteria)"
9438255,"['Pediatric anesthesia', 'Neonatal anesthesia']",INTERVENTIONAL,ALL,18 Years,14 Years,"Inclusion Criteria:

* The institution performs pediatric activity
* The institution performs at least three procedures a month

Exclusion Criteria:

* The institution does not meet the minimal criteria for inclusion"
5275770,"['tumors', 'colorectal tumor models']",INTERVENTIONAL,ALL,18 Years,Not Specified,"Inclusion Criteria:

* Female MF1 nu/nu mice
* Subcutaneous injection of 5×10^6 LS174T or SW1222 human colorectal carcinoma cells

Exclusion Criteria:

Not applicable (experiments were performed on mice)"
7483757,['Meditation'],INTERVENTIONAL,ALL,25 Years,65 Years,"Inclusion Criteria:

* Medically and psychiatrically healthy adults
* Age between 25 and 65 years
* Non-smokers
* Magnetic Resonance Imaging-compatible

* Participants who have practiced meditation consistently in the past 5 years (≥90 min/week, ≥14 days of silent retreat practice, at least half of practice on breath and bodily sensations)
* Control participants who have not engaged in regular meditation or other mind-body practices (>20 min at least twice weekly)

Exclusion Criteria:

* Participants who are unable to align images due to excessive movement
* Participants who are incorrectly gender-matched to a meditator"
12643829,"['Echocardiography', 'Inflammation', 'Cirrhosis', 'Stroke']",OBSERVATIONAL,ALL,7 Years,Not Specified,"Inclusion Criteria:

* Male C57BL/6J mice, 7 weeks old, 20–25 g
* Diagnosis of liver cirrhosis with no history of cardiovascular disease (for patients)

Exclusion Criteria:

* Female mice
* Mice with a history of cardiovascular disease (for patients)"
6249873,"['Left Ventricular Ejection Fraction', 'Coronary Artery Disease', 'Hypertension', 'Stress']",INTERVENTIONAL,ALL,55 Years,90 Years,"Inclusion Criteria:

* Age ≥ 55 years
* Presence of risk factors for a future hospitalized cardiac event for more than 5 years prior to study enrollment

Exclusion Criteria:

* Known coronary artery disease (Coronary Artery Disease) or prior myocardial infarction
* Reported any cardiovascular related symptoms such as chest pain or shortness of breath at rest or with exertion 6 months prior to enrollment
* Presence of incompatible bio-metallic implants or claustrophobia
* Participants who experienced an epicardial coronary artery revascularization procedure within 6 weeks of DCMR"
8560591,"['Prostate Cancer', 'Inflammation', 'Staging', 'Cancer']",INTERVENTIONAL,MALE,18 Years,80 Years,"Inclusion Criteria:

* Patients with suspicion of cancer due to persistently elevated prostate-specific antigen (Prostate specific antigen) > 4 ng/mL
* At least one suspicious lesion on multiparametric (mp) Magnetic Resonance Imaging (PiRADS 3 or more)
* No prior biopsy

Exclusion Criteria:

* Patients age < 30 and > 80
* Patients with previous pelvic irradiation, transurethral resection of the prostate (TURP), or androgen deprivation hormonal therapy (Androgen Deprivation Therapy)
* Patients with any contraindication for prostate biopsy as well as patients with active urinary tract infection or indwelling catheter

* Patients with no suspicious uptake on PSMA Medical positron emitting tomography/CT or with discordant lesions between PSMA Medical positron emitting tomography/CT and mpMRI may undergo template biopsy"
6325447,['Safety of MRI'],INTERVENTIONAL,ALL,42 Years,90 Years,"Inclusion Criteria:

* Patients with pacemakers or implantable cardioverter defibrillators who underwent Magnetic Resonance Imaging scans between September 2013 and December 2015.

Exclusion Criteria:

* Patients who underwent Magnetic Resonance Imaging without a cardiology consult"
4766093,['Glioblastoma'],INTERVENTIONAL,ALL,18 Years,75 Years,"Inclusion Criteria:

* Age ≥ 18 years
* Histologically confirmed recurrent Glioblastoma
* Bevacizumab-naïve
* Recurrent tumor with radiographic characteristics of a Glioblastoma, World Health Organization grade IV
* Eligible patients underwent pre-procedure, Dynamic Contrast Enhancement-Magnetic Resonance Imaging

Exclusion Criteria:

* Prior diagnosis of a World Health Organization grade II or III gliomas
* Patients with local progression at the time of the week-10 Magnetic Resonance Imaging scan"
11671888,"['Axial Spondyloarthritis', 'Spondyloarthritis', 'Contrast Media', 'Radiology']",INTERVENTIONAL,ALL,18 Years,90 Years,"Inclusion Criteria:

* Diagnosis of axial spondyloarthritis (axSpA)
* Age 18-90 years
* Ability to provide written informed consent

Exclusion Criteria:

* Patients with contraindications for specific imaging modalities or contrast media"
11032209,['Gadolinium'],OBSERVATIONAL,ALL,18 Years,80 Years,"Inclusion Criteria:

* Age between 18 and 80 years old
* Ability to understand written consent documents and HIPAA authorization prior to initiation of study-related procedures by passing a Mini-Mental State Exam

Exclusion Criteria:

* Known allergy to ferumoxytol or any intravenous iron preparation
* Iron saturation above the upper limit of normal
* A contraindication to Magnetic Resonance Imaging
* Known clinical conditions with a risk of iron overload
* Any medical condition which the investigators believed would have increased risk for an adverse event"
12270624,['Cirrhosis'],OBSERVATIONAL,ALL,18 Years,Not Specified,"Inclusion Criteria:

* Patients with Hepatorenal Syndrome-Acute Kidney Injury (Heart Rhythm Society-AKI)
* Age ≥ 18 years

Exclusion Criteria:

* Hepatic encephalopathy with a score >2 according to the West Haven criteria
* Heart failure or arrhythmia
* Transjugular intrahepatic portosystemic shunts
* Contraindication to Magnetic Resonance Imaging
* Pregnancy
* Any condition that would impede a participant’s competence, compliance, or completion of the study"
10654496,"['Inflammation', 'Cirrhosis']",OBSERVATIONAL,ALL,18 Years,Not Specified,"Inclusion Criteria:

* Patients aged 18 years or older
* Providing oral and written informed consent
* Diagnosis of cirrhosis within the past 6 months based on unambiguous clinical, biochemical and imaging results, liver elastography, or histology verified by liver biopsy.

Exclusion Criteria:

* Questionable diagnosis of liver cirrhosis or a diagnosis that was contradicted by histology
* Irreversible cognitive impairment
* Withdrawal of informed consent
* Patients for whom the investigative program was delayed or not initiated within 6 months of their diagnosis
* Patients with a diagnosis of cancer, depression, or psychiatric disorders in the validation cohort due to an absence of information
* Patients with any heart disease in the validation cohort"
12549457,['Not Specified'],INTERVENTIONAL,ALL,18 Years,Not Specified,"Inclusion Criteria:

* Patients with implants
* Patients who are not claustrophobic

Exclusion Criteria:

* Patients who are sensitive to loud noises"
12698388,"['Breast Cancer', 'Staging', 'Cancer']",INTERVENTIONAL,FEMALE,18 Years,Not Specified,"Inclusion Criteria:

* Patients with histologically confirmed breast cancer (Breast Cancer)
* No previous axillary surgery
* Patient underwent bilateral axillary US assessment prior to any treatment
* Patient signed a written informed consent

Exclusion Criteria:

* Patients with bilateral breast cancer
* Patients with concurrent systemic diseases such as lymphoma, leukemia or autoimmune diseases (e.g. rheumatoid arthritis)"
8113620,['Multiple Sclerosis'],INTERVENTIONAL,ALL,18 Years,65 Years,"Inclusion Criteria:

* Age between 18 and 65 years
* Diagnosis of primary progressive or secondary progressive multiple sclerosis according to the McDonald criteria version 2005
* Expanded disability status scale (Expanded Disability Status Score) between 3.0 and 8.0
* At least 30 days between the last exacerbation and study screening
* No treatment with any immunomodulatory or immunosuppressive drugs, except for methylprednisolone up to 3 months before screening
* No ophthalmological diseases such as glaucoma, recurrent iritis, myopia <-5 dpt

Exclusion Criteria:

* No written informed consent"
9994840,['Cancer'],INTERVENTIONAL,ALL,18 Years,85 Years,"Inclusion Criteria:

* Patients with clinical T2/T3a/T3b rectal adenocarcinoma staged by T2/diffusion-weighted imaging (Diffusion Weighted Imaging) Magnetic Resonance Imaging
* Age greater than or equal to 18 years and less than or equal to 85 years
* Eastern Cooperative Oncology Group (ECOG Performance Status) performance status 0 to 1
* No evidence of distant metastases on baseline computed tomography (CT) or positron emission tomography-CT scan
* No evidence of positive lateral pelvic lymph node
* No prior pelvic radiation therapy
* No prior chemotherapy or surgery for rectal cancer
* No active infections requiring systemic antibiotic treatment
* Absolute neutrophil count >1.5 cells/mm3, hemoglobin >10.0 g/dL, platelets >100,000/mm3, total bilirubin ≤1.5× the upper limit of normal (ULN), aspartate aminotransferase ≤3× ULN, and alanine aminotransferase ≤3× ULN

Exclusion Criteria:

* Recurrent rectal cancer
* Serum creatinine ≥1.5× ULN
* Inability to undergo Magnetic Resonance Imaging
* History of prior malignancy within the past 5 years, except for adequately treated basal cell or squamous cell skin cancer, early-stage breast cancer, thyroid cancer, or small cell renal cancer
* A history of any arterial thrombotic event within the preceding 6 months"
6153507,['hypoglycemia'],INTERVENTIONAL,ALL,18 Years,40 Years,"Inclusion Criteria:

* Male gender
* Age between 18-40 years
* Body Mass Index (Body Mass Index) between 20.0-27.9 kg/m2
* Willingness to reside at Pennington Biomedical Research Center for 4 days

Exclusion Criteria:

* Prior diagnosis of type 1 or 2 diabetes mellitus
* Fasting glucose ≥ 110 mg/dL
* Hyperketonuria (≥ 15 mg/dL)
* Contraindication to Magnetic Resonance Imaging
* Current use of prescription medications
* History of or current eating disorder
* History of obsessive compulsive disorder
* Contraindication to prolonged fasting
* Consumption of ≥ 10 alcoholic drinks per week"
12428292,"['Type 2 Diabetes', 'Stress']",OBSERVATIONAL,ALL,30 Years,95 Years,"Inclusion Criteria:

* Diagnosis of Type 2 Diabetes Mellitus (Type 2 Diabetes Mellitus)
* Age between 30 and 95 years
* Hemoglobin A1c (HbA1c) between 6.5% and 10%
* Body Mass Index (Body Mass Index) between 22 and 30 kg/m2

Exclusion Criteria:

* Confirmed Coronary Artery Disease (Coronary Artery Disease), myocardial infarction, valvular heart disease, or non-ischemic cardiomyopathy
* Other significant diseases (e.g., cancer, stroke)"
9410701,['Stroke'],INTERVENTIONAL,ALL,18 Years,72 Years,"Inclusion Criteria:

* First Stroke
* Right hemiplegia and right-handed
* Age > 18 years
* 14–90 days since stroke (±3 days)
* Partial finger movement (defined as ≥ 10 degrees of active finger flexion)
* Provided written informed consent.

Exclusion Criteria:

* Full finger extension"
10858144,['Bradycardia'],INTERVENTIONAL,ALL,6 Years,12 Years,"Inclusion Criteria:

* Pediatric patients who underwent procedural sedation with intranasal dexmedetomidine and oral midazolam at the Sedation Center of the Children’s Hospital, Zhejiang University School of Medicine from February 2021 to September 2021.

Exclusion Criteria:

* Patients who received drugs other than a combination of dexmedetomidine and midazolam
* Patients with incomplete recording"
12612563,"['Prostate Cancer', 'Cancer']",INTERVENTIONAL,MALE,18 Years,Not Specified,Not Specified
9777095,"['Cardiac Magnetic Resonance Imaging', 'Heart Disease', 'Gadolinium']",OBSERVATIONAL,ALL,1 Years,96 Years,"Inclusion Criteria:

* Diagnosis of congenital heart disease.
* Age between 1 day and 96 years.

Exclusion Criteria:

* Known hypersensitivity to ferumoxytol"
12514835,['Aortic Aneurysm'],INTERVENTIONAL,ALL,18 Years,Not Specified,"Inclusion Criteria:

* Patients with abdominal aortic aneurysm (AAA)
* Age ≥ 18 years
* Eastern Cooperative Oncology Group (ECOG Performance Status) performance status ≤ 3
* Signed informed consent

Exclusion Criteria:

* Pregnant or lactating women
* Patients with known allergies to study drugs or contrast agents
* Patients with severe renal or hepatic impairment
* Patients with uncontrolled hypertension or other significant comorbidities
* Patients with a history of malignancy within the past 5 years (except for non-melanoma skin cancer)
* Patients with a history of bleeding disorders or coagulopathy
* Patients with a history of prior aortic surgery or endovascular repair
* Patients with a history of prior participation in another clinical trial within the past 30 days"
6753516,"['single-sided deafness', 'Cochlear Implant']",INTERVENTIONAL,ALL,18 Years,Not Specified,"Inclusion Criteria:

* Native French-speaking adults
* Diagnosis of Single-Sided Deafness (SSD)
* Near-normal contralateral hearing
* Participants who received a Cochlear Implant (CI) as part of a multicenter French study

Exclusion Criteria:

* Not specified"
12550621,"['Parkinson’s Disease (PD)', 'GBA1']",INTERVENTIONAL,ALL,18 Years,Not Specified,Not Specified
11986457,['Neuroendocrine Tumors'],INTERVENTIONAL,ALL,18 Years,75 Years,"Inclusion Criteria:

* Patients with histologically confirmed diagnosis of metastatic castration-resistant prostate cancer (mCRPC)
* Age ≥ 18 years and ≤ 75 years
* ECOG Performance Status performance status ≤ 2
* Life expectancy ≥ 12 weeks
* Adequate bone marrow, liver, and renal function
* Ability to provide written informed consent

Exclusion Criteria:

* Prior treatment with 211At- or 225Ac-radiopharmaceuticals
* Active infection or history of severe infection within the past 4 weeks
* Uncontrolled intercurrent illness
* Pregnant or breastfeeding women
* Participation in another investigational study within 30 days prior to enrollment
* Known hypersensitivity to any component of the study drug"
11989814,"['brain metastasis progression (MP)', 'brain radionecrosis (RN)']",OBSERVATIONAL,ALL,18 Years,Not Specified,"Inclusion Criteria:

* Diagnostic uncertainty with regard to MP or RN on Magnetic Resonance Imaging at least four months after the end of radiotherapy

Exclusion Criteria:

* Not specified"
12316137,"['Head and Neck Cancer', 'Cancer']",INTERVENTIONAL,ALL,18 Years,Not Specified,"Inclusion Criteria:

* Patients with newly diagnosed stage cT2-4N0-2M0 Squamous Cell Carcinoma (SCC) of the oropharynx, larynx, or hypopharynx (American Joint Committee on Cancer 7th edition)
* Decision for definitive locoregional accelerated Radiotherapy (RT) alone (no concurrent chemotherapy)
* For patients with locally advanced disease, definitive accelerated RT alone when unfit for concurrent chemotherapy (age ≥70 years or comorbidities) or cT3N0-1 laryngeal cancers (following European consensus guidelines)

Exclusion Criteria:

* Patients receiving concurrent systemic treatment
* Previous anticancer treatment to the head and neck area
* A history of invasive malignancies within the last 3 years"
10681241,['Cancer'],INTERVENTIONAL,ALL,18 Years,Not Specified,"Inclusion Criteria:

* Patients with pathologically confirmed pancreatic ductal adenocarcinoma
* Treatment-naïve
* Staged as anatomically resectable or borderline-resectable
* Planned to undergo surgical resection or to receive neoadjuvant treatment (i.e., chemotherapy, radiation therapy, or combination) and subsequent planned surgical resection
* Anatomic imaging (e.g., CT, Magnetic Resonance Imaging) obtained within ≤ 28 days of consent

Exclusion Criteria:

* Pregnant as determined by a pregnancy test as per institutional guidelines for individuals of child-bearing potential.
* Declining to use effective contraceptive methods during the study (for individuals of child-producing potential)
* Need for emergent surgery that would be delayed by participation.
* Bacterial, viral, or fungal infections requiring systemic therapy, that are expected to impact FAP expression.
* Serious co-morbidities and serious nonmalignant disease (e.g., hydronephrosis, kidney failure, liver failure, systemic or local inflammatory or autoimmune diseases or other conditions) that could compromise patient safety and/or protocol objectives.
* Known diagnosis of an autoimmune disorder, that is expected to impact FAP expression.
* Patients receiving any other investigational agent within the past 28 days.
* Breastfeeding. However, nursing mothers are allowed if the potential participant commits to pumping breast milk and discarding it from injection to ≥ 24 hours from the time of the [68Ga]FAPI-46 injection.
* Known hypersensitivity to any excipients used in [68Ga]FAPI-46, which include sodium acetate sodium ascorbate and/or hydrochloric acid.

* No other investigational medical products are allowed during this study, from eligibility determination to surgery. Participant may receive investigational medical products post-surgery for the purpose of another study.

* Patients who exit the study prior to receiving study medication may be replaced."
9062225,"['Mild Cognitive Impairment', 'Cognitive Impairment', 'Learning', 'Dementia']",INTERVENTIONAL,ALL,18 Years,Not Specified,"Inclusion Criteria:

* Participants with a diagnosis of Alzheimer's disease (Alzheimer's Disease)
* Participants with mild cognitive impairment (Mild Cognitive Impairment)

Exclusion Criteria:

* Participants with a diagnosis of other forms of dementia
* Participants with a history of other neurological disorders
* Participants with a history of severe psychiatric disorders
* Participants with a history of substance abuse
* Participants with a history of autoimmune disorders
* Participants with a history of severe systemic infections
* Participants with a history of severe organ dysfunction
* Participants who are currently participating in another clinical trial"
11043703,"['Non-small Cell Lung Cancer', 'Lung Cancer', 'FDG PET/CT', '18F-FDG', 'Cancer', 'NSCLC']",OBSERVATIONAL,ALL,18 Years,Not Specified,"Inclusion Criteria:

* Patients with histologically confirmed metastatic non-small cell lung cancer (Non-Small Cell Lung Cancer)
* Patients who are candidates for immune checkpoint inhibitors (ICPIs) in the first or later line of treatment
* Eastern Cooperative Oncology Group (ECOG Performance Status) performance status 0–2
* Age ≥ 18 years

Exclusion Criteria:

* Clinical or biological contraindication for ICPIs
* Histological subtype other than adenocarcinoma, squamous cell carcinoma or undifferentiated carcinoma
* Delay higher than 3 months between PETbaseline and introduction of treatment
* Prior treatment with ICPIs in the metastatic setting
* Evidence of evolutive concurrent cancer
* Vulnerable patients as defined in Article L1121-5 to L1121-8 of the French Public Health Code
* Refusal of written consent
* High glycemia at baseline 18F-Fluorodeoxyglucose-Medical positron emitting tomography/CT (>9 mmol/L)
* No measurable lesion by PERCIST V.1.0"
9143978,['serotoninergic system'],INTERVENTIONAL,ALL,18 Years,75 Years,"Inclusion Criteria:

* Healthy volunteers
* Age between 18 and 75 years

Exclusion Criteria:

* History of psychiatric disorders
* History of substance abuse
* Pregnant or lactating women
* Participants with a history of head trauma or neurological disorders
* Participants with a history of cardiovascular disease or hypertension
* Participants with a history of renal or hepatic impairment
* Participants with a history of thyroid disease
* Participants with a history of diabetes
* Participants with a history of malignancy
* Participants with a history of allergies to the study drugs or radiolabeled compounds
* Participants with a history of claustrophobia or other conditions that may prevent them from undergoing Magnetic Resonance Imaging scans
* Participants who are unable to provide informed consent"
10216046,['noradrenergic (NA) system'],INTERVENTIONAL,ALL,20 Years,50 Years,"Inclusion Criteria:

* Male and female subjects aged between 20 and 50 years old

Exclusion Criteria:

* Presence of ferromagnetic implanted materials
* Claustrophobia
* Pregnancy
* History of noradrenergic medications
* History of dependence on alcohol or other drugs of abuse
* Diagnosis of other neurological or psychiatric disorders
* History of head trauma
* Smokers"
11804149,['PET Imaging'],INTERVENTIONAL,ALL,18 Years,Not Specified,"Inclusion Criteria:

* Studies investigating the association between NaF uptake and symptomatic and asymptomatic atherosclerotic plaques
* Studies using NaF-Medical positron emitting tomography imaging
* Studies providing details regarding the type or location of symptomatic disease

Exclusion Criteria:

* Animal or preclinical data
* Nonatherosclerotic or nonsymptomatic atherosclerotic disease
* Studies not using NaF-Medical positron emitting tomography
* Editorial or review articles and case reports
* Studies not providing details regarding the type or location of symptomatic disease"
12485354,['diffuse large B-cell lymphoma (DLBCL)'],INTERVENTIONAL,ALL,18 Years,Not Specified,"Inclusion Criteria:

* Patients with newly diagnosed Diffuse Large B-cell Lymphoma (DLBCL)
* Treated with R-CHOP
* Available clinical data
* Baseline Medical positron emitting tomography and interim Medical positron emitting tomography (iPET) scans

Exclusion Criteria:

* Incomplete scans
* Missing essential Digital Image Communication in Medicine data
* Liver SUVmean outside the acceptable range of 1.3-3.0 or total image activity outside 50-80% of the total injected Fluorodeoxyglucose activity
* Lymphoma lesions <3 mL"
9465569,"['myelofibrosis', 'thrombocytopenia', 'anemia']",INTERVENTIONAL,ALL,18 Years,Not Specified,"Inclusion Criteria:

* Diagnosis of Myelofibrosis (PMF, PPV-MF, or Medical positron emitting tomography-MF)
* Age ≥ 18 years
* Palpable spleen (≥5 cm from the costal margin)
* Baseline platelet count between 50 × 10^9/L and <100 × 10^9/L

Exclusion Criteria:

* Any history of platelet counts <45 × 10^9/L within 30 days prior to screening
* Receiving a platelet transfusion within 14 days prior to screening
* Any history or predisposition to clinically significant bleeding
* Any history of platelet dysfunction and/or bleeding diathesis"
8779072,"['Inflammation', 'FDG PET/CT', '18F-FDG', 'Abdomen']",INTERVENTIONAL,ALL,18 Years,Not Specified,"Inclusion Criteria:

* Patients who fulfilled the FUO, IUO or EFUO criteria
* Patients recruited from seven French University Hospital centres

Exclusion Criteria:

* Immunocompromised patients
* Patients with nosocomial or HIV Infection-associated FUO
* Patients using prednisone ≥10 mg/day within two weeks prior to inclusion"
10646867,['Aortic Aneurysm'],INTERVENTIONAL,ALL,18 Years,100 Years,"Inclusion Criteria:

* Diagnosis of abdominal aortic aneurysm
* Undergoing elective endovascular aneurysm repair (EVAR)
* Participants were studied at baseline and at a minimum of 1 year following EVAR

Exclusion Criteria:

* Not applicable"
12515043,"['Prostate Cancer', 'Radiomics', 'Staging', 'Cancer']",INTERVENTIONAL,MALE,18 Years,80 Years,"Inclusion Criteria:

* Patients with unfavourable intermediate or high-risk PCa (n = 52)
* Patients being considered for focal therapy (n = 31)
* Those who had either suspicion of PCa and negative systematic biopsies or clinically discordant low-risk PCa (n = 20)

Exclusion Criteria:

* Patients who received prior primary therapy
* PCa with significant sarcomatoid or spindle cell or neuroendocrine differentiation
* Contraindication to Magnetic Resonance Imaging or gadolinium as per departmental safety guidelines"
12700679,"['Lung Cancer', 'Staging', 'Cancer']",OBSERVATIONAL,ALL,18 Years,Not Specified,"Inclusion Criteria:

* Patients with a diagnosis of lung cancer
* Patients with atypical imaging presentation of lung cancer

Exclusion Criteria:

* Patients with typical imaging presentation of lung cancer"
12627303,['Pain'],INTERVENTIONAL,ALL,35 Years,50 Years,"Inclusion Criteria:

* Healthy volunteers aged 35-50 years
* Normal nasal anatomy and sensory function

Exclusion Criteria:

* Significant medical conditions or contraindications
* Participants with rhinitis"
3224348,"['Breast Cancer', 'FDG PET/CT', 'Cancer']",INTERVENTIONAL,FEMALE,18 Years,Not Specified,"Inclusion Criteria:

* Patients with histologically confirmed breast cancer
* Stage II or III breast cancer
* Patients who received neoadjuvant docetaxel/doxorubicin chemotherapy

Exclusion Criteria:

* Not specified"
12573649,"['Hypertension', 'Pain']",INTERVENTIONAL,ALL,18 Years,Not Specified,"Inclusion Criteria:

* Patients aged 18 years and above
* Patients undergoing orthopaedic surgery
* Patients with a documented history of moderate to severe postoperative pain requiring analgesic intervention
* Patients with complete medical case records and post-surgical follow-up

Exclusion Criteria:

* Patients with bone tumours
* Patients with cognitive impairment or communication difficulties preventing accurate pain assessment
* Patients who underwent minor orthopaedic procedures with minimal or no postoperative pain
* Patients receiving chronic opioid therapy prior to surgery
* Patients with incomplete data in their medical records"
12662936,"['Coronary Artery Disease', 'Coronary Physiology']",OBSERVATIONAL,ALL,18 Years,Not Specified,"Inclusion Criteria:

* Studies assessing and comparing the diagnostic value of Myocardial Flow Reserve (MFR) derived from single photon emission computed tomography (SPECT) among patients with known or suspected Coronary Artery Disease (Coronary Artery Disease)
* Studies assessing the prognostic value of MFR for predicting the occurrence of major adverse cardiac events (Major adverse cardiac events)

Exclusion Criteria:

* Non-original articles
* Non-English publications
* Preprints
* Case reports/series
* Studies without full text"
12623129,['Cognitive Impairment'],INTERVENTIONAL,ALL,60 Years,99 Years,"Inclusion Criteria:

* Patients with an initial presentation of cognitive impairment
* Patients for whom Alzheimer's disease (Alzheimer's Disease) is in the differential diagnosis

Exclusion Criteria:

* Not specified"
12498954,['Dementia'],INTERVENTIONAL,ALL,18 Years,85 Years,"Inclusion Criteria:

* Diagnosis of Parkinson's disease or dementia with Lewy bodies
* Age 18-85
* Ability to provide written informed consent

Exclusion Criteria:

* History of psychosis or schizophrenia
* Current use of antipsychotic medication
* Current use of serotonergic psychedelics
* Pregnancy or lactation"
11393256,"['PET Imaging', 'FDG PET/CT', 'Staging']",INTERVENTIONAL,ALL,18 Years,90 Years,"Inclusion Criteria:

* Patients diagnosed with histologically confirmed Thyroid Carcinoma
* Tumor considered radioiodine refractory according to European Thyroid Association guidelines
* Female patients are either post-menopausal, surgically sterile, or use highly effective contraceptives
* All patients had a routine clinical [18F]Fluorodeoxyglucose Medical positron emitting tomography/CT at most two months before inclusion

Exclusion Criteria:

* Known other active malignancy
* Breastfeeding
* Mentally or legally incapacitated"
12362585,"['Histamine subtype 3 receptor', 'Central nervous system disorders', 'Sigma-1 receptor']",INTERVENTIONAL,ALL,18 Years,Not Specified,"Inclusion Criteria:

* Healthy volunteers
* Able to provide written informed consent

Exclusion Criteria:

* Pregnant or lactating women
* Individuals with a history of psychiatric or neurological disorders
* Individuals with a history of substance abuse
* Individuals with a history of allergies to any of the study drugs or their excipients
* Individuals with a history of significant cardiovascular, hepatic, or renal disease
* Individuals with a history of any other medical condition that may affect study participation or interpretation of results
* Individuals taking any medication that may affect study results
* Individuals with a body weight less than 50 kg or greater than 120 kg"
12690344,"['Prostate Cancer', 'Staging', 'Cancer']",INTERVENTIONAL,MALE,18 Years,Not Specified,"Inclusion Criteria:

* Studies evaluating PSMA Medical positron emitting tomography/CT in primary staging of newly diagnosed European Association of Urology (European Association of Urology)/National Comprehensive Cancer Network (NCCN) intermediate-risk, or Gleason Score 7 (International Society of Urological Pathology [ISUP] Grade Group [GG] 2–3) Prostate Cancer
* Randomized controlled trials (RCTs), retrospective and prospective cohort studies

Exclusion Criteria:

* Studies evaluating PSMA Medical positron emitting tomography/CT in re-staging for biochemical recurrence
* Studies not performing PSMA Medical positron emitting tomography/CT for primary staging"
12667091,"['Prostate Cancer', 'Anxiety', 'Cancer', 'Pain']",INTERVENTIONAL,MALE,18 Years,Not Specified,"Inclusion Criteria:

* men aged 18 years or older
* indication for prostate biopsy
* presence of an Magnetic Resonance Imaging-suspected lesion (PI-RADS >3)
* written informed consent
* sufficient command of German language

Exclusion Criteria:

* previously diagnosed PCa
* anatomical abnormalities that make a perineal biopsy of the prostate impossible according to routine clinical practice"
5777058,['Not Specified'],INTERVENTIONAL,ALL,2 Years,3 Years,"Inclusion Criteria:

* C57BL/6 mice, Sprague-Dawley rats
* 2-3 months old

Exclusion Criteria:

* No specific exclusion criteria mentioned in the article"
8440256,"['Hodgkin Lymphoma', 'FDG PET/CT', 'Staging']",INTERVENTIONAL,ALL,18 Years,80 Years,"Inclusion Criteria:

* Diagnosis of aggressive B-cell non-Hodgkin lymphoma (DLBCL, PMBCL, or FL3b) confirmed by reference pathology
* Participants from the PETAL (NCT00554164) or OPTIMAL>60 (NCT01478542) trials

Exclusion Criteria:

* Diagnosis of aggressive B-cell lymphoma could not be confirmed by reference pathology
* BMB or Fluorodeoxyglucose Medical positron emitting tomography/CT were not done
* BMB or imaging data were unavailable for central review"
12093727,['Learning'],INTERVENTIONAL,ALL,18 Years,65 Years,"Inclusion Criteria:

* Diagnosis of Bipolar Disorder (BD) according to Diagnostic and Statistical Manual-IV-TR criteria
* Age between 18 and 65 years
* Patients in remission, defined by a HAMD-17 score below 7 and a YMRS score below 5 over four consecutive visits
* No significant manic or depressive symptoms at the time of the study
* Stable on any commercially available atypical or typical antipsychotic medications, with up to two antipsychotics prescribed, and all psychiatric medications stable for up to 2 weeks, with no increase in medication dosage in the past 2 weeks
* Participants who are able to provide written informed consent

Exclusion Criteria:

* Comorbid psychiatric disorders
* Serious physical illnesses
* A history of epilepsy, intellectual disability, brain trauma, and other relevant medical conditions
* Having undergone electroconvulsive therapy in the past 6 months
* Being pregnant or had been receiving steroidal or nonsteroidal anti-inflammatory drug treatment
* Participants with head movement greater than 0.3 mm during Magnetic Resonance Imaging scanning"
12593330,"['Radiology', 'Oncology', 'Cancer']",INTERVENTIONAL,FEMALE,18 Years,Not Specified,"Inclusion Criteria:

* Patients with a Karnofsky Performance Status (Performance Status) of 80 or higher, or an Eastern Cooperative Oncology Group (ECOG Performance Status) Performance Status of 2 or lower
* Patients with a life expectancy of at least 3 months
* Patients with a tumor that has recurred within the previously irradiated area
* Patients who have completed their primary treatment for cancer at least 3 months ago
* Patients who have not received any other treatment for their recurrent cancer

Exclusion Criteria:

* Patients with distant metastases at the time of reirradiation
* Patients with significantly reduced lung function
* Patients with severe dysphagia or tracheal dyspnea
* Patients with comorbidities that would increase the risk of severe side effects from reirradiation
* Patients who have received prior chemotherapy or radiation therapy in the area to be reirradiated within the past 6 months
* Patients who have had prior surgery in the area to be reirradiated within the past 3 months
* Patients who have had an infection in the area to be reirradiated within the past 3 months"
11095424,['Dementia'],INTERVENTIONAL,ALL,60 Years,90 Years,"Inclusion Criteria:

* Participants were recruited from stroke prevention clinics and memory clinics
* Diagnosis of moderate-to-severe SVD (Fazekas score ≥ 2)
* Age of 60 years or older
* Expected survival of more than 2 years
* Mini-Mental State Examination (Mini Mental State Examination) score of 20 or higher
* 8 or more years of education
* Sufficient fluency in English or French for cognitive assessment

Exclusion Criteria:

* Cortical or non-lacunar infarct
* Persisting hemiparesis after a motor stroke
* Leg strength less than 4/5 on the Medical Research Council scale
* Cerebellar ataxia
* Contraindications to 3T Magnetic Resonance Imaging
* Major psychiatric diagnosis within the last 5 years
* History of substance abuse in the preceding 2 years
* Neurological diagnosis other than Alzheimer's Disease (e.g., Parkinson's disease, multi-infarct dementia, Huntington's disease, normal pressure hydrocephalus, brain tumor, progressive supranuclear palsy, seizure disorder, subdural hematoma, multiple sclerosis, significant head trauma)
* Pain or sleep disorder that interferes with participation
* Claustrophobia
* Head or neck radiation therapy or involvement in research study with radiation
* Inability or unwillingness to adhere to protocol requirements"
8088438,"['Cognitive Impairment', 'PET Imaging', 'Staging']",INTERVENTIONAL,ALL,40 Years,65 Years,"Inclusion Criteria:

* Recruited via advertisements in newspaper, bus, and online ads, as well as the University of Pittsburgh research registry (Pitt + Me)
* Age between 40 and 65 years old

Exclusion Criteria:

* History of cancer within the previous 5 years"
12316757,"['soft tissue sarcoma', 'leiomyosarcomas', 'dedifferentiated liposarcomas', 'undifferentiated pleomorphic sarcomas', 'myxofibrosarcomas', 'malignant peripheral nerve sheath tumour']",INTERVENTIONAL,MALE,18 Years,Not Specified,"Inclusion Criteria:

* Diagnosis of metastatic (nodal or distant) soft tissue sarcoma
* Age ≥ 18 years at the time of written informed consent
* Recent (< 8 weeks) standard imaging (with CT or [18F]Fluorodeoxyglucose Medical positron emitting tomography/CT) with measurable disease (lesion diameter > 1 cm)
* Biopsy or resection available of the primary tumour and/or metastasis
* ECOG Performance Status/World Health Organization performance status of 0–2
* Either no previous systemic therapy for advanced soft tissue sarcoma, or, previous systemic therapy for advanced soft tissue sarcoma with progression of disease during or after discontinuation of systemic therapy, or, previous systemic therapy for advanced soft tissue sarcoma with partial response or stable disease where the last dose of systemic therapy was given > 8 weeks before.

Exclusion Criteria:

* Women who were pregnant and/or lactating
* Medical or psychiatric conditions that compromised the patient’s ability to give informed consent
* Known hypersensitivity to drugs comparative to [18F]-JK-PSMA-7, any of their excipients or to any component of [18F]-JK-PSMA-7
* Inability to undergo Medical positron emitting tomography/CT scanning, e.g. claustrophobia, body weight higher than the weight limit of the scanner or inability to tolerate lying down for the duration of a Medical positron emitting tomography/CT scan."
8417789,['Heart Failure'],INTERVENTIONAL,ALL,18 Years,80 Years,"Inclusion Criteria:

* Age ≥ 18 and ≤ 80 years
* Diagnosis of Heart Failure with Preserved Ejection Fraction (HFpEF)
* Ability to provide written informed consent

Exclusion Criteria:

* History of any other cardiovascular disease or condition
* History of any other chronic medical condition
* History of any neurological disorder
* History of any malignancy
* History of any allergy to the study medication
* Pregnant or lactating women
* Participants with a history of drug or alcohol abuse
* Participants with a history of participation in another clinical trial within the last 30 days"
12397253,['Hypothyroidism'],INTERVENTIONAL,ALL,18 Years,75 Years,"Inclusion Criteria:

* FVB/NJcl strain mice
* Mice were laboratory grown and mated at postnatal days (P) 50–65

Exclusion Criteria:

* Mice with less than 300 sEPSCs"
12691807,"['Colorectal Cancer', 'Cancer']",INTERVENTIONAL,ALL,18 Years,Not Specified,"Inclusion Criteria:

* Histologically confirmed metastatic colorectal cancer (mCRC)
* Age ≥ 18 years
* ECOG Performance Status performance status 0-1
* Adequate organ function (as defined below)
* No prior treatment with anti-angiogenic agents
* Provision of written informed consent

Exclusion Criteria:

* Age < 18 years
* ECOG Performance Status performance status > 1
* Uncontrolled intercurrent illness
* Pregnant or lactating women
* Prior treatment with anti-angiogenic agents
* Uncontrolled bleeding diathesis
* Known allergy to study drugs or excipients"
4315487,"['Recurrent Prostate Cancer', 'Prostate Cancer', 'Histology', 'Cancer']",INTERVENTIONAL,MALE,18 Years,75 Years,"Inclusion Criteria:

* Patients who underwent 68Ga-PSMA-ligand Medical positron emitting tomography/CT from 2011 to 2014
* Signed a written informed consent form

Exclusion Criteria:

* Patients who did not sign the written informed consent (n = 19)
* Patients who were investigated outside a time frame of 45–75 min p.i. (n = 18)"
12426723,"['Central disorders of hypersomnolence', 'Narcolepsy type 1', 'Narcolepsy type 2', 'Idiopathic hypersomnia', 'Kleine‐Levin syndrome', 'Excessive daytime sleepiness']",OBSERVATIONAL,ALL,18 Years,Not Specified,Not Specified
12384129,['Cancer'],INTERVENTIONAL,FEMALE,18 Years,Not Specified,Not Specified
2702339,['Cancer'],OBSERVATIONAL,FEMALE,18 Years,Not Specified,"Inclusion Criteria:

* Patients with advanced ovarian cancer who have completed a planned course of chemotherapy
* Patients who have undergone a systematic surgical exploration

Exclusion Criteria:

* Patients who have not completed a planned course of chemotherapy
* Patients who have not undergone a systematic surgical exploration"
12691119,"['Breast Cancer', 'Cancer']",INTERVENTIONAL,ALL,18 Years,Not Specified,"Inclusion Criteria:

* Patients with early-stage HR+/HER2− breast cancer at high risk of recurrence
* Patients who experienced distant metastatic relapse during adjuvant therapy with abemaciclib plus ET

Exclusion Criteria:

* Patients with a history of prior systemic anticancer therapy for advanced disease or prior treatment with bevacizumab
* Patients with a life expectancy less than 3 months
* Patients who are pregnant or breastfeeding
* Patients with an inadequate organ function (bone marrow, kidney and liver)"
12155355,['Cancer'],INTERVENTIONAL,FEMALE,18 Years,Not Specified,"Inclusion Criteria:

* Age 18 years or older
* Provision of written informed consent

Exclusion Criteria:

* Pregnant or lactating women
* Participants with a history of allergy or hypersensitivity to any component of the study drug or placebo
* Participants with a history of severe cardiovascular, hepatic, or renal disease
* Participants with a history of malignancy within the past 5 years (except for non-melanoma skin cancer)
* Participants with a history of uncontrolled hypertension or diabetes
* Participants with a history of active infection or immunosuppression
* Participants with a history of active bleeding or coagulopathy
* Participants with a history of alcohol or drug abuse within the past 6 months
* Participants who are currently participating in another clinical trial or have received an investigational drug within the past 30 days
* Participants who are unable to comply with the study protocol or follow instructions."
7910264,['Cancer'],INTERVENTIONAL,ALL,18 Years,Not Specified,"Inclusion Criteria:

* Healthy cynomolgus monkeys

Exclusion Criteria:

* Previous exposure to humanized monoclonal antibodies"
9014075,"['Staging', 'Abdomen', 'Cancer']",INTERVENTIONAL,ALL,18 Years,Not Specified,"Inclusion Criteria:

* Age ≥18 years old.
* Able to provide informed consent.
* Histologically diagnosed with urothelial carcinoma or bladder cancer (or upper tract urothelial carcinoma diagnosed based on standard imaging and malignant urine cytology or direct visualisation on ureteroscopy) or known metastatic bladder or other urothelial carcinoma (based on previous imaging and/or histopathology).
* Negative serum pregnancy test in female patients of childbearing potential at screening.
* Consent to practice double-barrier contraception until a minimum of 42 days after 89Zr-TLX250 administration.
* Participants are also required to have undergone Fluorodeoxyglucose Medical positron emitting tomography/CT scanning within the proceeding 28 days to allow accurate comparison between the two modalities.

Exclusion Criteria:

* Active malignancy other than urothelial carcinoma or bladder cancer.
* Administration of a radioisotope within 10 physical half-lives of 89Zr prior to study enrolment.
* Administration of chemotherapy, radiotherapy or immunotherapy within 4 weeks prior to planned administration of 89Zirconium-labelled girentuximab (89Zr-TLX250) or continuing adverse effects from such therapy.
* Planned antineoplastic therapies for the period between administration of 89Zr-TLX250 and imaging.
* Serious non-malignant disease that may interfere with the objectives of the study (e.g., advanced liver disease).
* Renal insufficiency with glomerular filtration rate ≤45 mL/min/1.73 m2.
* Pregnancy or lactation.
* Exposure to murine or chimeric antibodies within the last 5 years.
* Known hypersensitivity to or human antichimeric antibodies against girentuximab.
* Exposure to any experimental diagnostic or therapeutic agent in the 30 days prior to the date of planned administration of 89Zr-TLX250.
* Contraindications to 18F-fluorodeoxyglucose positron emitting tomography/CT"
12673219,"['Pathologic Complete Response', 'Breast Cancer', 'Cancer']",INTERVENTIONAL,FEMALE,18 Years,Not Specified,"Inclusion Criteria:

* Female patients aged ≥18 years
* Histologically or cytologically confirmed primary locally advanced breast cancer
* HER2-negative status
* No prior treatment for breast cancer, except diagnostic biopsy or surgery for benign breast disease
* Scheduled to receive the TEC regimen

Exclusion Criteria:

* Stage IV (metastatic) breast cancer
* Inflammatory breast cancer
* Bilateral breast cancer
* History of other malignancies within the past 2 years"
12325996,['Learning'],INTERVENTIONAL,MALE,18 Years,60 Years,"Inclusion Criteria:

* Healthy male adults aged between 18 and 60 years
* Absence of cardiovascular symptoms
* Ability to provide written informed consent

Exclusion Criteria:

* Presence of cardiovascular disease
* Smoking within the past 12 months
* Resting blood pressure > 140/60mmHg
* Renal failure with estimated glomerular filtration rate < 90 mL/min/1.73m2
* Type 1 or 2 diabetes mellitus
* Dyslipidemia (defined as LDL ≥ 3.5 mmol/L or ratio of total cholesterol/HDL ≥ 5.0)
* Left ventricular ejection fraction < 50%
* Congenital heart disease
* Body mass index (Body Mass Index) > 35 kg/m2
* Uncontrolled asthma, chronic obstructive pulmonary disease (Chronic Obstructive Pulmonary Disease)
* Known hypersensitivity to adenosine or dipyridamole
* Second degree Mobitz 2 or third-degree atrioventricular block (AVB)
* Resting heart rate < 40 bpm
* Chronic alcoholism, drug abuse
* Statin or beta-blocker use
* Claustrophobia, neurocognitive disorder or medication affecting cognition"
11559468,['neoplastic tissues'],INTERVENTIONAL,ALL,18 Years,80 Years,"Inclusion Criteria:

* Written informed consent
* Age ≥ 18 years and ≤ 80 years
* Diagnosis of cardiac myxoma or adipose tissue
* Ability to provide blood samples for radioactive source preparation

Exclusion Criteria:

* Pregnancy or lactation
* Allergies to any of the materials used in the J-Medical positron emitting tomography detector or the radioactive source preparation
* History of any malignant tumor within the past 5 years
* Current participation in any other clinical trial or use of investigational drugs
* Uncontrolled medical conditions that may interfere with the study or the interpretation of the results
* Inability to comply with the study protocol or follow-up visits"
11892667,"['Idiopathic Pulmonary Fibrosis', 'PET Imaging', 'IPF']",INTERVENTIONAL,ALL,40 Years,Not Specified,"Inclusion Criteria:

* Participants aged 40 years or older
* Diagnosis of Idiopathic Pulmonary Fibrosis within 8 years before screening, according to the Fleischner Society White Paper criteria
* High-resolution computed tomography (CT) imaging showing a typical or probable usual interstitial pneumonia pattern
* Forced Vital Capacity percent predicted ≥45%
* Diffusing capacity of the lung for carbon monoxide (DlCO) adjusted for hemoglobin values ≥30%
* Background therapy for Idiopathic Pulmonary Fibrosis with pirfenidone or nintedanib was permitted, provided that these drugs had been given at a stable dose for 3 months or more before screening

Exclusion Criteria:

* Receiving any nonapproved agent intended for the treatment of pulmonary fibrosis or Idiopathic Pulmonary Fibrosis
* The presence of airway obstruction (ratio <0.7 for forced expiratory volume during 1 second divided by Forced Vital Capacity)
* Known acute Idiopathic Pulmonary Fibrosis exacerbation or suspicion of such within 6 months of screening"
10599921,"['Cognitive Impairment', 'Prostate Cancer', 'Dementia', 'Cancer']",INTERVENTIONAL,MALE,50 Years,80 Years,"Inclusion Criteria:

* Patients with prostate cancer on Androgen Deprivation Therapy for ≥3 months
* Age between 50 and 80 years
* High affinity binding for [11C]-PBR28

Exclusion Criteria:

* Known history of organic brain disorders and associated dementia, delirium, and other specific neuropsychiatric conditions
* Stroke and head injury
* Mild cognitive impairment before starting Androgen Deprivation Therapy"
12598933,['loneliness'],INTERVENTIONAL,ALL,50 Years,Not Specified,"Inclusion Criteria:

* Participants had to be older adults aged ≥50 years, and the total sample’s average age had to be 60 years or above
* Older adults had to use robots designed to provide social or emotional interaction, excluding robot-assisted interventions such as surgical operations, gait training, exercise, or cognitive training
* The primary outcome had to be loneliness and quantitatively assessed

Exclusion Criteria:

* Review articles, narrative studies, study protocols without results, and qualitative studies
* Studies with a primary focus on behavioral effects related to mental health outcomes (e.g., technology acceptance, user behavior, or physical activity)
* Articles that did not contain sufficient statistical data for quantitative synthesis"
10142396,['PET Imaging'],INTERVENTIONAL,ALL,18 Years,Not Specified,"Inclusion Criteria:

* Adult patients with biopsiable stage IIIB-IV melanoma
* Patients who had not previously received PD1 inhibitors

Exclusion Criteria:

* Not specified"
8973291,"['Recurrent Prostate Cancer', 'Prostate Cancer', 'Cancer']",INTERVENTIONAL,MALE,18 Years,Not Specified,"Inclusion Criteria:

* Patients with histologically proven prostate cancer and Ca following biochemical recurrence after RP with or without postoperative RT (PORT) (prostate-specific antigen [Prostate specific antigen] level > 0.2 ng/mL, >6 wk after surgery) or definitive RT (Prostate specific antigen nadir + ≥2 ng/mL)
* Age ≥ 18 years

Exclusion Criteria:

* Patients with another active malignancy within the last 2 years (excluding skin basal cell or cutaneous superficial squamous cell carcinoma that has not metastasized and superficial bladder cancer)
* Patients who received any interval treatment other than androgen deprivation therapy (Androgen Deprivation Therapy)
* Prior conventional imaging was not required for study participation"
12254103,['PET-CT'],INTERVENTIONAL,ALL,18 Years,Not Specified,"Inclusion Criteria:

* NEMA-Institutional Ethics Committee body phantom
* Fluorine-18 (18F) with an activity of about 20 MBq in 9.7 L (2.0 kBq/mL)
* Six hollow spheres with sizes 0.5, 1.2, 2.6, 5.6, 11.5, and 26.5 mL or 10, 13, 17, 22, 28, and 37 mm inside diameter
* Three targets-to-background ratios (TBRs) of 2, 5, and 10.5
* Respiratory motion simulated by adapting a device initially designed for knee rehabilitation (Kinetec Spectra, Medical SOT BV, Losser, The Netherlands)
* Amplitudes of 7, 10, 20, and 30 mm at a fixed speed of 0.75 cm/s

Exclusion Criteria:

* Not applicable as the study used a phantom and not human participants"
10809445,['Dementia'],INTERVENTIONAL,ALL,50 Years,85 Years,"Inclusion Criteria:

* Diagnosis of mild to moderate dementia due to Alzheimer's disease (Alzheimer's Disease)
* At least 6 months of cognitive decline
* Magnetic Resonance Imaging consistent with Alzheimer's Disease diagnosis
* Mini Mental State Examination score of 18-26
* Positive amyloid Medical positron emitting tomography scan or positive Cerebrospinal fluid biomarker test consistent with Alzheimer's Disease

Exclusion Criteria:

* Hospitalization or change of chronic concomitant medication within one month prior to screening
* Significant abnormality detected on screening Magnetic Resonance Imaging
* Another primary cause of dementia (e.g., dementia with Lewy bodies, frontotemporal dementia, Huntington’s disease, Creutzfeldt-Jakob disease, or Down’s syndrome)
* Any significant neurological disease (e.g., Parkinson’s disease, multiple sclerosis, stroke, seizure disorders, or other infectious, metabolic, or systemic diseases that impact the central nervous system)
* Diagnosed depression (unless successfully managed by antidepressants)
* Schizophrenia or bipolar disorder
* Other unstable medical conditions
* Participants who had received an anti-Aβ monoclonal antibody or BACE inhibitor within 180 days or who had previously received an Aβ-targeting vaccine"
12676787,"['Coronary Artery Disease', 'Echocardiography', 'Heart Failure', 'Angina']",OBSERVATIONAL,ALL,18 Years,Not Specified,"Inclusion Criteria:

* Patients with a diagnosis of Coronary Artery Disease (Coronary Artery Disease)
* Age ≥ 18 years

Exclusion Criteria:

* Patients with recent cardiac surgery (within 6 months)
* Patients with severe cardiomyopathy, valvular heart disease, or other serious diseases that may affect cardiac function (e.g. hepatic or renal failure)
* Patients unable to complete echocardiography
* Patients younger than 18 years old"
11320856,"['Cognitive Impairment', 'Dementia', '18F-FDG']",OBSERVATIONAL,ALL,18 Years,Not Specified,"Inclusion Criteria:

* Patients who obtained scans between January 1, 2010, and January 1, 2019, were retrospectively included in this study (ClinicalTrials.gov number NCT04804722)
* Patients who attended a tertiary memory clinic for cognitive complaints

Exclusion Criteria:

* Patients with multiple correspondence in one or the other database were excluded (to limit incorrect matches)"
12247225,"['Oncology', 'Dementia']",INTERVENTIONAL,ALL,18 Years,65 Years,"Inclusion Criteria:

* age between 18 and 65 years
* diagnosis of Alzheimer’s disease, Amyotrophic Lateral Sclerosis, Frontotemporal dementia, or Parkinson’s disease

Exclusion Criteria:

* history of psychiatric or neurological disorders
* counter indication for Magnetic Resonance Imaging"
11811760,"[""Parkinson's Disease""]",INTERVENTIONAL,ALL,18 Years,99 Years,"Inclusion Criteria:

* Peer-reviewed articles
* Published in English
* Involving Parkinson's Disease patients
* Focusing on cognitive outcomes following treatment with LCIG or APO
* Including at least two cognitive tests
* Possibility of extracting cognitive test scores
* Including long-term cognitive follow-up (minimum of 6 months)
* Reporting original data

Exclusion Criteria:

* Articles reporting animal experiments, surveys, single cases, or conference presentations
* Articles without available full texts"
12661342,['Temperature'],INTERVENTIONAL,ALL,65 Years,92 Years,"Inclusion Criteria:

* Participants aged 65-92 years

Exclusion Criteria:

* Participants with a history of cardiovascular disease, as determined by a cardiologist"
8263391,['Not Specified'],INTERVENTIONAL,ALL,Not Specified,Not Specified,Not Specified
12324559,"['Head and Neck Cancer', 'Cancer']",INTERVENTIONAL,ALL,18 Years,80 Years,"Inclusion Criteria:

* patients with histologically confirmed head and neck cancer
* patients who are candidates for definitive or adjuvant radiation therapy
* patients who are able to undergo imaging studies (CT, Magnetic Resonance Imaging) as part of the treatment planning process
* patients who are able to provide informed consent

Exclusion Criteria:

* patients with a history of prior radiation therapy to the head and neck region
* patients with a history of prior chemotherapy within the past 4 weeks
* patients with a history of other malignancies within the past 5 years
* patients with significant cardiac or pulmonary disease that would preclude them from undergoing radiation therapy
* pregnant or breastfeeding women
* patients with severe psychiatric illness or substance abuse issues that would preclude them from participating in the study"
11936851,['Not Specified'],INTERVENTIONAL,ALL,18 Years,Not Specified,"Inclusion Criteria:

* Not specified
* Not specified

Exclusion Criteria:

* Not specified
* Not specified"
10267081,"['heart', 'brain', 'kidneys']",INTERVENTIONAL,ALL,18 Years,67 Years,"Inclusion Criteria:

* Healthy volunteers
* Age ≥ 18 years
* Signed informed consent for participation and publication
* Screened for renal and cardiac diseases prior to inclusion

Exclusion Criteria:

* Not specified"
11300492,"['Radioguidance', 'PET']",INTERVENTIONAL,ALL,18 Years,Not Specified,This article does not provide specific eligibility criteria for a clinical study. It is a position paper discussing the potential use of beta-emitting radionuclides in surgical radioguidance and the challenges and possibilities related to their implementation.
12695124,['Stress'],OBSERVATIONAL,FEMALE,18 Years,45 Years,"Inclusion Criteria:

* Pregnant women with hypertensive disorders of pregnancy after 20 weeks of gestation
* Age between 18 and 45 years old
* Diagnosis of Early Onset Preeclampsia (EOP)
* Receiving regular prenatal care
* Delivering at the hospital
* Providing informed consent

Exclusion Criteria:

* Multiple pregnancies
* Fetal congenital anomalies
* Diabetes
* Premature rupture of membranes
* Renal or liver diseases
* Recurrent miscarriage
* Deep vein thrombosis
* Antiphospholipid syndrome
* Malignancies
* Thrombophilias
* Other hypertensive disorders of pregnancy except preeclampsia
* HELLP syndrome
* Smokers
* Taking nonsteroidal anti-inflammatory, anticoagulant, and antihypertensive drugs"
8975951,['Dementia'],INTERVENTIONAL,ALL,53 Years,86 Years,"Inclusion Criteria:

* Healthy controls
* Age 53-86 years
* Ability to provide written informed consent

Exclusion Criteria:

* Diabetes
* Neurological, psychiatric, gastrointestinal, or other serious diseases
* Previous cancer
* Major surgery or radiation therapy to the head, thorax, or abdomen
* Implausible parent fractions > 100% or increasing parent fraction over time"
12700938,"['diabetes', 'diabetic foot amputation', 'lower extremity amputation']",INTERVENTIONAL,ALL,20 Years,Not Specified,"Inclusion Criteria:

* Participants diagnosed with type 2 diabetes mellitus (Type 2 Diabetes Mellitus) between 2009 and 2012
* Age ≥ 20 years
* No history of prior LEA

Exclusion Criteria:

* Patients with missing data or less than one year of follow-up"
12359722,"['Breast Cancer', 'FDG PET/CT', 'Cancer']",OBSERVATIONAL,FEMALE,18 Years,Not Specified,"Inclusion Criteria:

* Patients diagnosed with advanced breast cancer
* Patients who had undergone liquid biopsy testing and Fluorodeoxyglucose Medical positron emitting tomography/CT scanning within a short time frame (0–60 days)
* No radiotherapy and/or chemotherapy administered between the liquid biopsy and Fluorodeoxyglucose Medical positron emitting tomography/CT scans
* Presence of measurable hypermetabolic lesions in the Fluorodeoxyglucose Medical positron emitting tomography/CT scan
* Complete patient data is available in the archival records

Exclusion Criteria:

* A time gap of more than 60 days between the liquid biopsy and Fluorodeoxyglucose Medical positron emitting tomography/CT scans
* Radiotherapy and/or chemotherapy administered between the liquid biopsy and Fluorodeoxyglucose Medical positron emitting tomography/CT scans
* Presence of a second primary malignancy
* Absence of measurable hypermetabolic lesions in the Fluorodeoxyglucose Medical positron emitting tomography/CT scan
* Incomplete archival data"
9388574,"['Esophageal Cancer', 'Cancer', 'Pain']",INTERVENTIONAL,ALL,18 Years,Not Specified,"Inclusion Criteria:

* Patients diagnosed with head and neck squamous cell carcinoma or esophageal cancer who completed a Medical positron emitting tomography/CT study for the clinical indication of cancer staging
* Patients with a pain rating on the day of the Medical positron emitting tomography scan

Exclusion Criteria:

* Patients with brain metastases based on brain magnetic resonance imaging or CT
* Patients without a pain rating on the day of the Medical positron emitting tomography scan"
12564744,"['Dementia', 'Stroke']",OBSERVATIONAL,ALL,18 Years,Not Specified,Not Specified
12272086,['metabotropic glutamate receptor (mGluR5)'],INTERVENTIONAL,ALL,18 Years,38 Years,"Inclusion Criteria:

* Healthy volunteers
* Age 18-38 years

Exclusion Criteria:

* Current Axis I psychopathology or neurological disorder
* Somatic disorder
* Presence and/or history of first-degree relatives with neurological or psychiatric disorders, including substance use disorders
* Positive urine drug screen
* Women scanned during menstruation or pregnant"
10299969,['Hypertension'],OBSERVATIONAL,ALL,18 Years,99 Years,"Inclusion Criteria:

* Participants referred for a Fluorodeoxyglucose-Medical positron emitting tomography/CT to the university hospital between August 2018 and November 2020
* Age ≥ 18 years

Exclusion Criteria:

* Participants with treated oncologic disease
* Participants with known or suspected vasculitis
* Participants with tumor or adenopathy in close contact with the aorta"
7488419,"['Metastatic Breast Cancer', 'Breast Cancer', 'Cancer']",INTERVENTIONAL,ALL,18 Years,Not Specified,"Inclusion Criteria:

* Women ≥ 18 years of age who are postmenopausal (defined as > 56 years old with amenorrhea for > 12 months, < 56 years old with amenorrhea for > 12 months plus serum estradiol < 20 pg/mL and follicle-stimulating hormone > 40 mIU/mL, or prior bilateral ovariectomy)
* Patients with histologically proven ER+, HER2− advanced breast cancer (Active Breathing Coordinator)
* Tumor progression after ≥ 6 months of 1–3 lines of systemic endocrine treatment for mBC
* Measurable or evaluable disease
* Eastern Cooperative Oncology Group (ECOG Performance Status) performance status (Performance Status) 0–2
* Life expectancy > 3 months
* Adequate organ function
* Prior CDK4/6 inhibitor therapy was allowed

Exclusion Criteria:

* Liver-only metastases (due to high physiological liver uptake of FES, liver metastases are not evaluable by FES-Medical positron emitting tomography/CT imaging)
* Untreated or symptomatic central nervous system metastases
* Prior treatment with tamoxifen or fulvestrant therapy < 42 days before first FES-Medical positron emitting tomography/CT scan
* Other anticancer endocrine therapy < 14 days before first elacestrant dose, or chemotherapy < 28 days before first elacestrant dose"
11754335,"['schizophrenia-spectrum disorders', 'psychotic disorders']",INTERVENTIONAL,ALL,18 Years,Not Specified,"Inclusion Criteria:

* Studies investigating Medical positron emitting tomography or SPECT imaging in individuals with a schizophrenia-spectrum or another psychotic disorder

Exclusion Criteria:

* Studies not done in human psychotic subjects
* Studies with wrong design, mostly not incorporating Medical positron emitting tomography or SPECT
* Wrong publication types including case reports, comments and editorial
* Background articles, mostly reviews
* Conference abstracts with no full-text"
11109037,"['Primary Aldosteronism', 'Cancer']",INTERVENTIONAL,ALL,44 Years,68 Years,"Inclusion Criteria:

* Patients with a range of adrenal pathologies (primary aldosteronism, cortisol-producing adenoma, non-functioning adrenal adenoma)
* Age between 44 and 68 years

Exclusion Criteria:

* Not specified"
9626740,"['Echocardiography', 'Heart Disease']",INTERVENTIONAL,ALL,18 Years,Not Specified,"Inclusion Criteria:

* Patients with ventricular arrhythmias
* Patients with cardiac device leads
* Patients with contraindications to use of other imaging modalities or images obscured by artefact

Exclusion Criteria:

\- Not specified in the article"
8041674,['Huntington disease (HD)'],INTERVENTIONAL,ALL,18 Years,65 Years,"Inclusion Criteria:

* Male participants
* Age 18-65 years
* Written informed consent
* Participants with Huntington's disease (HD) or healthy volunteers (HV)
* Participants with HD must have a UHDRS-Total Motor Score (Transcranial magnetic stimulation) and UHDRS-Total Functional Capacity (TFC) assessed at baseline

Exclusion Criteria:

* Female participants
* Participants with a history of psychiatric or neurological disorders other than HD
* Participants with a history of substance abuse or dependence
* Participants with a history of liver or kidney disease
* Participants with a history of heart disease or hypertension
* Participants with a history of seizures or epilepsy
* Participants with a history of allergies to pridopidine or any of its components
* Participants who are pregnant or breastfeeding
* Participants who are taking any medication that may interfere with the study
* Participants who have participated in another clinical trial within the past 30 days
* Poor metabolizers at the cytochrome P450 2D6 (CYP2D6) genotype"
8921097,['FDG PET/CT'],OBSERVATIONAL,ALL,18 Years,Not Specified,"Inclusion Criteria:

* Patients with newly diagnosed Diffuse Large B-cell Lymphoma (DLBCL)
* Patients who underwent pre-treatment [18F]Fluorodeoxyglucose Medical positron emitting tomography/CT
* Patients who were initially treated with R-CHOP or R-EPOCH

Exclusion Criteria:

* Patients with coexistent central nervous system lymphoma or other malignancies
* Patients with incomplete follow-up"
12698578,"['Coronary Artery Disease', 'Heart Disease', 'Learning']",OBSERVATIONAL,ALL,18 Years,100 Years,"Inclusion Criteria:

* Age ≥ 18 years
* Diagnosis of Coronary Heart Disease (CHD)
* Underwent limb vascular ultrasound
* Data obtained between 2019 and 2024

Exclusion Criteria:

* Patients with >30% missing data on the main study variables
* Missing limb vascular ultrasound data"
11440881,['PET Imaging'],INTERVENTIONAL,ALL,20 Years,50 Years,"Inclusion Criteria:

* Three adult female cynomolgus monkeys (mean weight 6.1 kg)
* Seven male subjects, 20–50 years of age

Exclusion Criteria:

* Not specified"
12294262,['Obesity'],INTERVENTIONAL,ALL,18 Years,65 Years,"Inclusion Criteria:

* Age ≥ 18 years and ≤ 65 years
* HIV Infection-positive
* CD4 count > 200 cells/mm3
* Plasma HIV Infection RNA < 50 copies/mL
* Stable antiretroviral therapy for at least 6 months
* Able to provide written informed consent

Exclusion Criteria:

* Pregnant or breastfeeding women
* History of malignancy (except non-melanoma skin cancer)
* Active hepatitis B or C infection
* Active tuberculosis or other active infections
* History of cardiovascular disease or stroke
* History of diabetes mellitus
* History of liver disease (except alcoholic liver disease)
* History of kidney disease (except stage 1 chronic kidney disease)
* History of psychiatric illness or substance abuse
* Participants who are unable to comply with study requirements"
12183142,"['Alzheimer’s disease (AD)', 'β-amyloid (Aβ)']",INTERVENTIONAL,ALL,50 Years,77 Years,"Inclusion Criteria:

* Diagnosis of Alzheimer's disease (Alzheimer's Disease)
* Age ≥ 50 years
* Mini-Mental State Examination (Mini Mental State Examination) score of at least 15 and not greater than 26

Exclusion Criteria:

* Evidence of any other significant neurodegenerative or psychiatric disease on clinical examination or Magnetic Resonance Imaging
* Clinically significant medical comorbidities that might pose a safety risk to the subject or interfere with the interpretation of the scan"
8940757,"['Epilepsy', '18F-FDG']",OBSERVATIONAL,ALL,6 Years,18 Years,"Inclusion Criteria:

* Age between 6 and 18 years
* Clinical diagnosis as focal epilepsy
* Detailed seizure semiology evaluation, Magnetic Resonance Imaging, EEG, and interictal 18F-Fluorodeoxyglucose Medical positron emitting tomography/CT examination
* Last seizure occurring more than 48 h before Medical positron emitting tomography/CT examination

Exclusion Criteria:

* Any history of central nervous system disease other than epilepsy
* Diagnosis as multifocal epilepsy, epilepsy syndrome, or epileptic encephalopathy
* Poor image quality due to head movement
* Uncertain epileptogenic focus"
10071780,"['Prostate Cancer', 'Cancer']",INTERVENTIONAL,MALE,18 Years,80 Years,"Inclusion Criteria:

* Patients with a diagnosis of prostate cancer
* Patients who have undergone prior definitive therapy
* Patients with suspected PCa recurrence, defined as 3 consecutive Prostate specific antigen increases or a Prostate specific antigen rise of greater than or equal to 2.0 ng/mL above the nadir after radiotherapy (external-beam radiation therapy or brachytherapy) or cryotherapy or a Prostate specific antigen rise of greater than or equal to 0.2 ng/mL after prostatectomy

Exclusion Criteria:

* Participation in another therapeutic clinical trial within 5 d of enrollment in the present study
* A life expectancy of less than 6 mo"
3756176,"['Allergic Diseases', 'Sensitization to Animal Allergens', 'Dermatophagoides pteronyssinus', 'Dermatophagoides farinae']",INTERVENTIONAL,ALL,16 Years,82 Years,"Inclusion Criteria:

* Patients who took allergy skin prick tests for evaluation of various allergic diseases from July 2007 to August 2008 at Hallym University Kangdong Sacred Heart Hospital

Exclusion Criteria:

* Not specified"
11906790,['PET Imaging'],INTERVENTIONAL,ALL,63 Years,73 Years,"Inclusion Criteria:

* Healthy volunteers, both male and female
* Age: 63-73 years

Exclusion Criteria:

* Medical or neuropsychiatric illnesses
* History of cholecystectomy (for male subject of 18F-C05-05)"
8421477,['PET Imaging'],INTERVENTIONAL,ALL,18 Years,Not Specified,"Inclusion Criteria:

* Patients with well-differentiated, metastatic, grade 1/2, SSTR-positive Gastroenteropancreatic Neuroendocrine Tumours (GEP-NETs)
* Age ≥ 18 years

Exclusion Criteria:

* Presence of < 5 lesions in total and > 25 lesions per organ detected by the screening SSTR Medical positron emitting tomography/CT scan in either the liver, lymph nodes, bones, or lungs
* Treatment with a somatostatin analogue within 28 days before 68Ga-satoreotide trizoxetan administration
* Any condition that might preclude the proper performance of a Medical positron emitting tomography and/or CT scan (e.g., patient body weight > 110 kg; inability to raise arms for prolonged imaging purposes or to lie still for the entire imaging time)"
12486790,"['Clear Cell Renal Cell Carcinoma', 'Cancer']",INTERVENTIONAL,ALL,18 Years,Not Specified,"Inclusion Criteria:

* Patients with a histologically confirmed diagnosis of renal cell carcinoma
* Patients with available tissue samples for single-cell sequencing analysis

Exclusion Criteria:

* Patients with a history of other malignancies
* Patients with a history of other significant medical conditions that may affect the study results
* Patients who are unable or unwilling to provide informed consent"
8860937,"['Mild Cognitive Impairment', 'Cognitive Impairment', 'Dementia']",INTERVENTIONAL,ALL,59 Years,79 Years,"Inclusion Criteria:

* Participants with aMCI (amnestic mild cognitive impairment) as per the criteria proposed by Petersen, et al.
* Age above 59 years

Exclusion Criteria:

* Participants with brain tumor, stroke, traumatic brain injury, or encephalitis"
12701236,"[""Alzheimer's disease (AD)""]",INTERVENTIONAL,ALL,55 Years,85 Years,"Inclusion Criteria:

* Patients aged 55 to 85 years
* Diagnosis of Alzheimer's disease (Alzheimer's Disease) based on the 2011 National Institute on Aging Alzheimer's Association (NIA-AA) guidelines
* Mild-to-moderate dementia as assessed by the Mini-Mental Status Exam (Mini Mental State Examination) score between 14 and 24 inclusive, and Clinical Dementia Rating global score (Clinical Dementia Rating) of 1 or 2 at screening
* Magnetic resonance imaging (Magnetic Resonance Imaging) or computerized tomography (CT) scans within 12 months of screening confirmed that there were no other significant comorbid central nervous system pathologies in eligible participants
* Participants tested for apolipoprotein E (APOE) ε4 genotype at screening to inform pre-specified subgroup analyses
* Participants required to have a primary caregiver who met caregiver-specific eligibility criteria (Supplemental Material 1)

Exclusion Criteria:

* Use of memantine
* History of significant neurological or psychiatric disorders
* Current symptoms of severe major depressive disorder at screening"
4873260,"['Metastatic Colorectal Cancer', 'Colorectal Cancer', 'FDG PET/CT', '18F-FDG', 'Cancer']",OBSERVATIONAL,ALL,18 Years,Not Specified,"Inclusion Criteria:

* Patients with unresectable KRAS wild-type mCRC who had been treated according to standard care (fluoropyrimidines, oxaliplatin and irinotecan) and were candidates for anti-EGFR antibody monotherapy
* All patients signed informed consent before any study activities were conducted

Exclusion Criteria:

* Not specified in the article"
9986170,"['Coronary Artery Disease', 'Atherosclerosis', 'Inflammation', 'PET Imaging', 'Sarcoidosis']",OBSERVATIONAL,ALL,18 Years,Not Specified,"Inclusion Criteria:

* Patients with suspected or confirmed cardiovascular diseases (Cardiovascular Disease)
* Patients with atherosclerosis-related inflammation
* Patients with atherosclerosis-related molecular calcification
* Ability to provide written informed consent.

Exclusion Criteria:

* Patients with a history of allergic reactions attributed to compounds of similar chemical or biologic composition to Fluorodeoxyglucose or NaF
* Pregnant or breast-feeding women
* Patients with severe claustrophobia"
9346926,"['Brain Diseases', 'Oncology', 'Staging']",INTERVENTIONAL,ALL,18 Years,Not Specified,"Inclusion Criteria:

* Studies illustrating all the following aspects were included in this review:
  * use of a hybrid Medical positron emitting tomography/Magnetic Resonance Imaging diagnostic system
  * description of the Medical positron emitting tomography/Magnetic Resonance Imaging protocol
  * focus on oncology applications
  * focus on brain oncology and related topics (eg studies on brain metastases generated by other types of tumors, or phantom studies of brain tumors)

Exclusion Criteria:

* Studies not meeting the inclusion criteria
* Studies based on sequential Medical positron emitting tomography and Magnetic Resonance Imaging acquisitions
* Non-English papers
* Conference proceedings
* Review articles
* Studies not focused on brain oncology and related topics
* Studies without accurate descriptions of the Medical positron emitting tomography/Magnetic Resonance Imaging protocols
* Studies with final aims out of the scope of this systematic review"
11951477,['Echocardiography'],INTERVENTIONAL,ALL,18 Years,Not Specified,"Inclusion Criteria:

* Patients with International Classification of Diseases indications (secondary and primary prevention of SCD)
* Participation in a registered study (ClinicalTrials.gov, NCT03667989)

Exclusion Criteria:

* Myocardial infarction (Myocardial Infarction) less than 3 months old
* Hypertrophic cardiomyopathy
* Severe concomitant pathology (end-stage renal failure and hepatic insufficiency, cancer of any location)
* Cognitive dysfunction
* Indications for revascularization
* Young patients (18 year)

* Patients with failed blood samples

* Patients with hypertrophic cardiomyopathy"
12637744,"['Alzheimer’s disease (AD)', 'amyloid-PET']",INTERVENTIONAL,ALL,65 Years,86 Years,"Inclusion Criteria:

* Participants from Alzheimer's Disease Neuroimaging Initiative (ADNI) who were cognitively normal or had mild cognitive impairment at baseline
* Participants from the Anti-Amyloid Treatment in Asymptomatic Alzheimer's Disease (A4) study

Exclusion Criteria:

* Not specified"
12255161,"['Malignant Tumors', 'Inflammation']",INTERVENTIONAL,ALL,18 Years,75 Years,"Inclusion Criteria:

* Healthy volunteers aged 18-75 years
* Provision of written informed consent

Exclusion Criteria:

* Pregnant or lactating women
* Individuals with a history of kidney disease or impaired kidney function
* Individuals with a history of allergies to any of the study materials
* Individuals taking medications that may affect kidney function or interfere with the study results
* Individuals with a history of cancer or other serious medical conditions
* Individuals with a history of alcohol or drug abuse
* Individuals with a history of participation in other clinical trials within the past 30 days"
9305618,"['Prostate Cancer', 'Cancer']",INTERVENTIONAL,MALE,18 Years,Not Specified,"Inclusion Criteria:

* Patients with histologically confirmed prostate cancer in the prostatectomy specimen
* Any pT, pN0/Nx, M0
* Confirmatory Prostate specific antigen level ≥ 0.15 ng/mL
* World Health Organization performance status 0–1
* Adequate laboratory findings according to the study protocol

Exclusion Criteria:

* Evidence of metastases on pre-operative imaging or in the surgical specimen
* Patients who were undergoing or had undergone previous Androgen Deprivation Therapy
* Patients with a history of previous pelvic radiotherapy
* Patients with a history of malignancies other than prostate cancer or basal cell carcinoma in the past five years
* Patients with clinically significant disease other than prostate cancer
* In cases of distant metastases, or more than three lymph node metastases on PSMA-Medical positron emitting tomography (verified histologically or by another imaging method if a biopsy was not considered feasible)"
11664794,"['Cervical Cancer', 'Cancer']",INTERVENTIONAL,FEMALE,44 Years,77 Years,"Inclusion Criteria:

* Patients with vaginal stump recurrence after radical hysterectomy of cervical cancer
* Patients who underwent vaginal stump brachytherapy using Freiburg flap as vaginal applicator with or without free-hand interstitial needles

Exclusion Criteria:

* Not applicable"
12647357,"['Dementia', 'Stress']",INTERVENTIONAL,ALL,60 Years,85 Years,"Inclusion Criteria:

* Patients with very mild or mild dementia
* Age between 60 and 85 years

Exclusion Criteria:

* Severe dementia
* History of gastrointestinal disorders
* Current use of antibiotics or probiotics
* Current participation in other clinical trials
* Uncontrolled systemic diseases"
12659966,"['Giant Cell Arteritis', 'Inflammation']",OBSERVATIONAL,ALL,18 Years,99 Years,"Inclusion Criteria:

* Age ≥ 18 years
* Diagnosis of Giant Cell Arteritis
* Presence of localized temporal artery aneurysm

Exclusion Criteria:

* Pregnancy
* Known atherosclerotic risk factors
* Previous history of temporal artery biopsy
* Inability to provide written informed consent"
7142191,['Radiation Safety'],INTERVENTIONAL,ALL,18 Years,80 Years,"Inclusion Criteria:

* Patients with histologically confirmed non-small cell lung cancer
* Patients with measurable lesions (≥ 10 mm according to Evaluation Criteria in Solid Tumors 1.1)
* Patients who are staged by standard of care imaging with an indication for systemic treatment

Exclusion Criteria:

* Any contraindications to the class of drugs under study
* Pregnancy or breast-feeding
* Clinically significant concomitant disease states (e.g., renal failure, hepatic dysfunction, or cardiovascular disease)
* Poor performance status (ECOG Performance Status > 2)"
6324512,"['Cervical Cancer', 'Staging', 'Abdomen', 'Cancer']",INTERVENTIONAL,FEMALE,18 Years,Not Specified,"Inclusion Criteria:

* Women aged 18 years or older with newly diagnosed histologically confirmed (squamous, adenosquamous, or adenocarcinoma) Federation of Gynecology and Obstetrics stage IB-IVA carcinoma of the cervix being considered for curative treatment using concurrent chemotherapy and pelvic radiotherapy.
* Women not suitable for primary surgery because of comorbidities were also considered eligible.

Exclusion Criteria:

* Eastern Cooperative Oncology Group performance status greater than 2
* Other cervical cancer histologic types (eg, neuroendocrine)
* Carcinoma of the cervical stump
* Having undergone a whole-body Medical positron emitting tomography-CT scan within the last 6 months
* Contraindications for fludeoxyglucose F 18 Medical positron emitting tomography-CT or CT of the abdomen or pelvis
* Inability to lie supine for imaging
* Contraindications to radiotherapy or cisplatin chemotherapy
* Inadequate bone marrow, renal, or hepatic function
* History of another invasive malignant tumor within the previous 5 years with the exception of nonmelanoma skin cancer
* Known pregnancy or lactating
* Inability to complete the study or required follow-up

Note: Patients were recruited at 6 regional cancer centers in Ontario, Canada, where CRT is delivered."
7854611,"['Breast Cancer', 'Cancer']",OBSERVATIONAL,ALL,46 Years,82 Years,"Inclusion Criteria:

* Patients with ER+, human epidermal growth factor receptor 2-negative (HER2−) locally advanced, and locally recurrent or metastatic breast cancer
* Patients must have measurable or evaluable disease by Response Evaluation Criteria in Solid Tumors (Evaluation Criteria in Solid Tumors 1.1)
* Patients must have ECOG Performance Status performance status 0–2
* Patients must be treated with endocrine therapy (ET)

Exclusion Criteria:

* Patients with HER2+ breast cancer
* Patients with a history of prior systemic therapy that is not ET-based
* Patients with a history of neoadjuvant therapy
* Patients with only hepatic metastatic disease
* Patients with tumor deposits with no definite uptake on either Fluorodeoxyglucose-Medical positron emitting tomography/CT or FFNP-Medical positron emitting tomography/CT"
8241642,"['PET Imaging', 'Learning', 'Epilepsy', '18F-FDG']",OBSERVATIONAL,ALL,11 Years,18 Years,"Inclusion Criteria:

* Diagnosis of Temporal Lobe Epilepsy (TLE) in pediatric patients
* Age between 11 and 18 years

Exclusion Criteria:

* Poor image quality due to severe artifacts or head movement
* Negative finding on 18F-Fluorodeoxyglucose Medical positron emitting tomography scan
* Incomplete clinical data
* Missing EEG or Magnetic Resonance Imaging data"
11008283,['PET Imaging'],INTERVENTIONAL,ALL,50 Years,85 Years,"Inclusion Criteria:

* Participants with Alzheimer's disease (Alzheimer's Disease) from a natural history study (NCT02640092) or a phase 2 clinical trial of semorinemab (NCT03289143)
* Participants with prodromal to mild Alzheimer's Disease in the semorinemab trial were required to have significant amyloid pathology indicated by Aβ Medical positron emitting tomography scans or reduced cerebrospinal fluid (Cerebrospinal fluid) Aβ (1–42) levels
* Participants in the natural history study were required to have Aβ Medical positron emitting tomography scans adjudicated as positive via visual read and brain magnetic resonance imaging (Magnetic Resonance Imaging) scans that were consistent with Alzheimer's Disease and without significant non-Alzheimer's Disease neurological disease that might contribute to cognitive impairment

Exclusion Criteria:

* Not specified"
12519498,"['opioid‐induced constipation (OIC)', 'constipation']",INTERVENTIONAL,ALL,28 Years,12 Years,"Inclusion Criteria:

* Male Sprague-Dawley rats
* Age between 28 days and 12 months

Exclusion Criteria:

* Female rats
* Rats older than 12 months"
6594723,['PET Imaging'],INTERVENTIONAL,ALL,18 Years,70 Years,"Inclusion Criteria:

* Diagnosis of Neurofibromatosis 2 (NF2)
* Presence of at least one vestibular schwannoma (VS)

Exclusion Criteria:

* Female patients who are pregnant or intend to become pregnant
* Patients who have undergone previous radiotherapy or antiangiogenic treatment
* Patients with contra-indications to Magnetic Resonance Imaging"
11199706,['Stress'],INTERVENTIONAL,ALL,18 Years,Not Specified,"Inclusion Criteria:

* Cells derived from the cerebral cortex of 18 days old rat embryos

Exclusion Criteria:

* No data were excluded from the analyses"
11817173,"['Alzheimer’s disease (AD)', 'Neuroinflammation']",INTERVENTIONAL,ALL,65 Years,85 Years,"Inclusion Criteria:

* Diagnosis of Alzheimer's disease (Alzheimer's Disease)
* Age 65 to 85 years

Exclusion Criteria:

* History of other neurological disorders
* History of autoimmune disorders
* Current participation in other clinical trials
* Pregnancy or lactation"
11739740,['Opioid Use Disorder'],OBSERVATIONAL,ALL,18 Years,Not Specified,"Inclusion Criteria:

* Patients who received methadone orally
* New users of combination methadone and statin therapy
* Age ≥18 years on the index date
* Continuous Medicaid enrollment (allowing up to a 45-day gap), without Medicare eligibility during the baseline

Exclusion Criteria:

* No combined exposure during the 183 days before the index date"
11180158,['Periapical lesions'],INTERVENTIONAL,ALL,18 Years,65 Years,"Inclusion Criteria:

* Patients aged 18-65 years
* Mandibular single-rooted teeth diagnosed with asymptomatic apical periodontitis and a periapical index (PAI) score of 3 or higher

Exclusion Criteria:

* Patients with systemic diseases (diabetes, hypertension, chronic liver disease, coagulation disorders)
* Patients with bone metabolism disease and/or patients using drugs that affect bone metabolism (such as steroids and bisphosphonates)
* Immunosuppressed patients, patients with a history of radiotherapy, pregnant patients, patients with teeth with a mobility of 2 or more (Miller’s mobility index), patients with teeth with a periodontal pocket depth of 5 mm or more, patients with generalized asymptomatic apical periodontitis, patients with teeth with internal and external resorption, and patients with teeth with vertical and horizontal root fractures"
12575514,"['Acute Myocardial Infarction', 'Cardiac Rehabilitation']",INTERVENTIONAL,ALL,18 Years,85 Years,"Inclusion Criteria:

* Patients with a history of acute myocardial infarction (Myocardial Infarction)
* Age ≥ 18 years and ≤ 85 years
* Able to provide written informed consent

Exclusion Criteria:

* Pregnant or lactating women
* Patients with severe psychiatric disorders or cognitive impairment
* Patients with unstable angina or uncontrolled heart failure
* Patients with a history of severe allergic reactions to exercise or rehabilitation programs
* Patients with a life expectancy of less than 1 year
* Patients with a history of participation in another cardiac rehabilitation program within the past 6 months"
7142196,"['acute kidney injury (AKI)', 'venous congestion']",OBSERVATIONAL,ALL,18 Years,Not Specified,"Inclusion Criteria:

* Non-critically ill patients 18 years and older undergoing cardiac surgery with the use of cardiopulmonary bypass

Exclusion Criteria:

* Complete inclusion and exclusion criteria have been previously described []"
10410925,"['Endotracheal intubation', 'Difficult endotracheal intubation']",INTERVENTIONAL,ALL,18 Years,85 Years,"Inclusion Criteria:

* Aged between 18 years and 85 years
* Requiring endotracheal intubation (ETI) and without known indicators for awake tracheal intubation
* Anticipated difficult endotracheal intubation (DTI) meets one or more positive findings in the airway evaluation
* Signed written informed consent

Exclusion Criteria:

* Anterior neck lesions (masses, lacerations or subcutaneous emphysema)
* A history of neck operation or tracheotomy
* Allergies to ultrasound coupling gel
* At risk of pulmonary or cardiovascular complications during intubation with a flexible bronchoscope
* High risk of bleeding during bronchoscope intubation
* High risk of aspiration
* Current pregnancy"
11499276,['Echocardiography'],OBSERVATIONAL,ALL,18 Years,28 Years,"Inclusion Criteria:

* Newborn infants born at term (37-42 weeks of gestation)
* Infants with no congenital heart defects

Exclusion Criteria:

* Preterm infants (<37 weeks of gestation)
* Infants with congenital heart defects
* Infants with other significant medical conditions"
12700240,"['COVID-19', 'Stress', 'ARDS']",OBSERVATIONAL,ALL,18 Years,Not Specified,"Inclusion Criteria:

* Patients with Acute Lung Injury in Critical Illness (ALI) admitted to the ICU at the University of California San Francisco (UCSF) Medical Center between July 2013 and March 2020
* Patients enrolled in the COMET (COVID-19 Multiphenotyping for Effective Therapies) cohort, admitted to the UCSF Medical Center or Zuckerberg San Francisco General Hospital
* Patients with non–COVID-19 ARDS within 4 days of intubation

Exclusion Criteria:

* Patients with COVID-19 ARDS in the ALI cohort (as the study was paused at the start of the COVID-19 pandemic)
* Patients with no TA sequencing data or plasma proteomic data available for analysis in the ALI cohort
* Patients with no TA samples collected longitudinally over the first 4 days of mechanical ventilation in the COMET cohort
* Patients with scRNASeq unavailable within 4 days of mechanical ventilation for the subjects with hyperinflammatory COVID-19 ARDS enrolled in COMET
* Patients included in a prior analysis comparing COVID-19 and non–COVID-19 ARDS (for some of the subjects in the ALI and COMET cohorts)"
11498722,['lumbo-pelvic-hip (LPH) complex'],INTERVENTIONAL,ALL,19 Years,30 Years,"Inclusion Criteria:

* Age between 19 and 30 years
* Right lateralisation of the hand and foot
* No discernible anomalies observed in the subject’s body composition
* Body mass Index (Body Mass Index) between 18.5 and 24.9
* Symmetrical pelvis

Exclusion Criteria:

* Pain in the lumbo-pelvic-hip complex area or use of analgesics during the tests and two weeks prior to the examination
* Pregnancy or menstrual phase"
12565891,"['Inflammation', 'Cancer']",INTERVENTIONAL,ALL,18 Years,Not Specified,"Inclusion Criteria:

* Murine RAW 264.7 cells
* MB49-I BCa cells
* Crohn's Disease-1 mice

Exclusion Criteria:

* Not specified"
8999405,['Heart Failure'],INTERVENTIONAL,ALL,18 Years,Not Specified,"Inclusion Criteria:

* Age ≥ 18 years
* Hospitalization for Acute Heart Failure (AHF)
* Receiving at least 40 mg intravenous furosemide
* Left Ventricular Ejection Fraction (Left Ventricular Ejection Fraction) < 50%
* NT-ProBNP value ≥ 1200 pg per milliliter

Exclusion Criteria:

* History of mechanical or biological mitral prosthesis
* Mitral stenosis
* Severe valvular heart disease requiring surgery within one-month
* Chronic renal failure requiring dialysis
* High degree atrioventricular block (2:1 and 3rd degree)
* Hypertrophic cardiomyopathy
* Cardiogenic shock (defined by systolic blood pressure (Systolic blood pressure) < 90 mm Hg for ≥30 min or use of pharmacological and/or mechanical support to maintain an Systolic blood pressure ≥ 90 mm Hg, evidence of end-organ hypoperfusion included urine output of <30 mL/h, cool extremities, altered mental status, and/or serum lactate > 2.0 mmol/L)
* Poor echogenicity preventing assessment of Left Ventricular Ejection Fraction and/or Doppler measurements"
11454954,"['Ultrasonography', 'Cerebral Edema']",OBSERVATIONAL,ALL,18 Years,75 Years,"Inclusion Criteria:

* Patients aged between 18 and 75 years
* Undergoing laparoscopic surgery in the Trendelenburg position under general anesthesia

Exclusion Criteria:

* Patients receiving beta-blocker or diuretic therapy
* Patients with severe heart failure
* Patients with a diagnosis of diabetes with ocular or neurological complications
* Patients who have undergone cardiac surgery, eye surgery, neurosurgery, or thoracic surgery
* Patients with hydrocephalus, glaucoma, intracranial mass, or a history of stroke"
12007855,['Pain'],INTERVENTIONAL,ALL,18 Years,12 Years,"Inclusion Criteria:

* Patients aged 0-12 years who have undergone cardiac surgery.
* Patients with chronic postsurgical pain (CPSP) after cardiac surgery.

Exclusion Criteria:

* Patients who have not undergone cardiac surgery.
* Patients with no chronic postsurgical pain (CPSP) after cardiac surgery."
12701735,"['Residual Gastric Content', 'Esophagogastroduodenoscopy']",INTERVENTIONAL,ALL,18 Years,Not Specified,"Inclusion Criteria:

* Patients with type 2 diabetes and obesity.
* Use of semaglutide (2.4 mg) or tirzepatide (2.5 mg) for greater than six months.

Exclusion Criteria:

* Patients < 18 years old.
* History of gastroparesis or gastric obstruction.
* Medications that delay gastric emptying.
* Other GLP-1 agonists.
* Incomplete data.
* Patients who did not undergo EGDs."
12674455,"['Breast Cancer', 'Oncology', 'Cancer', 'Pain']",INTERVENTIONAL,ALL,18 Years,Not Specified,"Inclusion Criteria:

* Female sex
* Age ≥ 18 years
* Undergoing modified radical mastectomy, simple mastectomy, wide local excision with axillary clearance, or mastectomy with immediate reconstruction

Exclusion Criteria:

* Surgeries for benign breast disease such as fibroadenoma excision
* Minor day-case breast procedures
* Previous ipsilateral thoracic surgery or pre-existing chronic pain disorders
* Contraindications to regional anaesthesia such as infection at the injection site or coagulopathy"
7866905,"['Cesarean section', 'Spinal anesthesia', 'General anesthesia', 'Epidural anesthesia']",OBSERVATIONAL,ALL,18 Years,99 Years,"Inclusion Criteria:

* Women who underwent cesarean section between January 2016 and December 2018
* Patients who received general, spinal, or epidural anesthesia

Exclusion Criteria:

* Multiple pregnancies
* Known medical diseases
* Cesarean hysterectomy
* Patients with missing clinical data"
12250487,['Prematurity'],INTERVENTIONAL,ALL,18 Years,Not Specified,"Inclusion Criteria:

* Randomized controlled trials (RCTs)
* Observational studies
* Case reports
* Written in English

Exclusion Criteria:

* Studies regarding different types of diabetes
* Animal studies
* Studies written in languages other than English

Additional Criteria:

* For RCTs, a score of at least 24 out of 27 points is required
* For non-randomized studies, a score of at least 11 out of 13 points is required"
4715842,"['Obesity', 'Cancer']",INTERVENTIONAL,ALL,18 Years,Not Specified,"Inclusion Criteria:

* Studies that are population-based
* Studies that address the epidemiology of Venous Thromboembolism (VTE)

Exclusion Criteria:

* Studies that do not meet the inclusion criteria"
11436167,['Thoracic Outlet Syndrome (TOS)'],OBSERVATIONAL,ALL,18 Years,Not Specified,"Inclusion Criteria:

* Patients with symptoms suggestive of Thoracic Outlet Syndrome
* Patients who have undergone proper clinical evaluation and physical examination

Exclusion Criteria:

* Patients with a diagnosis other than Thoracic Outlet Syndrome"
11846222,['Pain'],INTERVENTIONAL,ALL,18 Years,Not Specified,"Inclusion Criteria:

* Experimental studies with an RCT-design
* Written in English
* Published between 2018 and 2023
* Resistance exercise for RCRSP

Exclusion Criteria:

* Studies not reporting any form of pain-related prescription parameters
* Studies with corticosteroid injections administered to all intervention arms"
7825196,['Handheld Ultrasound'],OBSERVATIONAL,ALL,18 Years,Not Specified,"Inclusion Criteria:

* Age equal to or above 18 years
* Hospitalized in medical or surgical wards
* Developing acute respiratory and/or circulatory failure

Exclusion Criteria:

* Age below 18 years
* Pregnancy
* Cardiac arrest
* Technical limitations to the performance of ultrasound examination in the ward
* Lung or cardiac transplant
* RRT calling for a neurological failure
* RRT calling by the emergency department and impossible follow-up"
11929079,"['Radiation Exposure', 'Pain']",INTERVENTIONAL,ALL,18 Years,Not Specified,"Inclusion Criteria:

* Patients with radicular low back pain with evidence of nerve root compression due to herniated discopathy or spinal stenosis shown on magnetic resonance imaging
* Age ≥ 18 years

Exclusion Criteria:

* Patients with cauda equina syndrome or progressive motor deficit
* Patients who have undergone spinal surgery previously
* Presence of local infection or skin integrity impairment at the injection site
* History of allergy to contrast material or local anesthetics
* Being in an acute or chronic unstable medical condition
* Any cognitive or psychiatric condition that prevents understanding and completing the outcome measures
* Receiving anticoagulant therapy
* Patients with anatomical unsuitability for the procedure based on the size of the sacral hiatus
* Patients with intravascular uptake during the procedure"
12005672,['Diaphragmatic Dysfunction (DD)'],INTERVENTIONAL,ALL,18 Years,Not Specified,"Inclusion Criteria:

* Patients referred for a dynamic thoracic Magnetic Resonance Imaging

Exclusion Criteria:

* Not specified"
12248689,['Airway management'],INTERVENTIONAL,ALL,18 Years,Not Specified,"Inclusion Criteria:

* Peer-reviewed original studies, review articles, guidelines, or case reports published from January 2000 onward
* Focused on the application of ultrasound in airway evaluation
* Available in English

Exclusion Criteria:

* Publications unrelated to airway management in anesthesia"
5336536,['Radiology'],INTERVENTIONAL,ALL,18 Years,Not Specified,"Inclusion Criteria:

* Patients referred for carpal tunnel surgery
* Carpal tunnel syndrome symptoms for more than 6 months
* Confirmation of diagnosis by electromyogram
* Failure of medical treatment

Exclusion Criteria:

* History of carpal tunnel release surgery"
11907226,"['Chronic Obstructive Pulmonary Disease', 'Pulmonary Disease', 'Heart Failure']",OBSERVATIONAL,ALL,18 Years,Not Specified,"Inclusion Criteria:

* Adult patients admitted in the emergency department with acute respiratory failure (ARF)
* Patients who are at least 18 years of age, not pregnant, affiliated or beneficiary of a health-insurance plan, had not previously been included in other studies, and were admitted for the primary reason for ARF

Exclusion Criteria:

• Patients admitted with ARF requiring immediate mechanical ventilation or if they were admitted with current respiratory assistance therapy"
10337411,"['Comfort', 'Anxiety', 'Stress', 'Pain', 'Fall']",INTERVENTIONAL,ALL,18 Years,Not Specified,"Inclusion Criteria:

* Age equal to or above 18 years
* Patient scheduled to undergo radial artery blood collection during their visit to the ED in order to pursue routine care
* Free and informed consent obtained from the patient

Exclusion Criteria:

* Patients incapable of judgment
* Patients with conditions that render them unable to participate in the intervention in this study (eg, cognitive impairment, major hearing loss without the use of hearing aids, acute psychiatric disorders, under intravenous or oral sedation)
* Patients with an insufficient understanding of the French language, as defined by self-evaluation
* Patients in critical situation requiring immediate resuscitation
* Patients already treated with anxiolytics or sedatives during care in the ED"
12614517,['frailty'],INTERVENTIONAL,ALL,18 Years,Not Specified,"Inclusion Criteria:

* Adult patients scheduled for general surgery at Weill Cornell
* Able to walk without assistance
* No contraindications for walking down a hallway or performing a six-minute walk test (excluding bilateral blindness, hemiplegia, unstable angina, or oxygen dependence)

Exclusion Criteria:

* Patients with average stopwatch-derived gait speed > 2.5 m/s due to user stopwatch error
* Patients with calculated differences greater than 2.5 standard deviations from the mean (likely representing device malfunction or stopwatch-user error)
* Patients with QoR-15 scores > 121 (good recovery) for the analysis of postoperative quality of recovery"
10748958,['Patient Safety'],INTERVENTIONAL,ALL,18 Years,Not Specified,"Inclusion Criteria:

* Adults (≥18 years) with a clinical indication for a subclavian central venous catheter and the ability to give written informed consent
* In need of a CVC with a clinical indication for the subclavian route assessed by the operator

Exclusion Criteria:

* Subclavian catheterisation deemed unsuitable based on the preprocedural ultrasound examination"
12463453,"['Inflammation', 'Pain']",INTERVENTIONAL,ALL,18 Years,Not Specified,"Inclusion Criteria:

* Patients undergoing multiple procedures

Exclusion Criteria:

* Not specified"
4935979,"['sinusoidal obstruction syndrome', 'veno-occlusive disease', 'multi-organ dysfunction']",INTERVENTIONAL,ALL,18 Years,Not Specified,"Inclusion Criteria:

* Adult patients (≥18 years of age)
* Diagnosis of hematopoietic cell transplantation
* Presence of symptoms suggestive of Sinusoidal Obstruction Syndrome/Veno-occlusive Disease (SOS/VOD)

Exclusion Criteria:

* Patients with risk factors specific to the pediatric setting (hemophagocytic lymphohistiocytosis, osteopetrosis or thalassemia major, auto-HCT in patients with neuroblastoma, younger age (under 1–2 years of age) and low weight)
* Patients with a history of SOS/VOD prior to the current transplantation"
8789825,"['Postoperative Complications', 'Stroke']",INTERVENTIONAL,ALL,18 Years,18 Years,"Inclusion Criteria:

* Adult patients undergoing digestive, urological, or gynecological surgery
* Requiring intraoperative hemodynamic optimization with fluid challenge titration

Exclusion Criteria:

* Patients < 18 years of age or under guardianship or curatorship
* Pregnancy
* Poor echogenicity due to the presence of an acoustic barrier (pneumothorax, subcutaneous emphysema, etc.)
* Patients with a suspected or proven acute lung disease (pneumonitis, acute respiratory distress syndrome (ARDS)) or chronic interstitial lung disease (chronic interstitial pulmonary disease with fibrosis)
* Emergency surgery or patients who refused to sign the consent form"
3681363,['Obesity'],INTERVENTIONAL,ALL,18 Years,Not Specified,"Inclusion Criteria:

* Patients hospitalized in the ICUs at Amiens University Hospital or Beauvais General Hospital and for whom PCT was indicated

Exclusion Criteria:

* Age under 18 years
* Coagulation disorders (platelet count of below 80,000 mm-3 and an international normalized ratio of at least 1.2)
* Infection at the puncture site
* Emergency tracheostomy"
11485033,['Ultrasonography'],INTERVENTIONAL,FEMALE,18 Years,Not Specified,"Inclusion Criteria:

* Singleton pregnancies
* Gestational age confirmed by first-trimester ultrasonography

Exclusion Criteria:

* Multiple pregnancies
* Fetal death
* Major fetal anomalies
* Chromosomal abnormalities
* Genetic syndromes
* Macroscopic placental abnormalities
* Fetuses with ascites, skin edema or hydrops fetalis
* Premature rupture of membranes and amniotic fluid abnormalities"
6438340,['Inflammation'],INTERVENTIONAL,ALL,18 Years,99 Years,"Inclusion Criteria:

* Adult patients (18 years and older) in clinical settings
* Presence of at least one phenotypic criterion (weight loss, low body mass index, reduced muscle mass) and one etiologic criterion (reduced food intake or assimilation, inflammation or disease burden)

Exclusion Criteria:

* Patients under 18 years old
* Patients not in clinical settings
* Absence of at least one phenotypic criterion and one etiologic criterion"
6009557,['Pain'],INTERVENTIONAL,ALL,18 Years,Not Specified,"Inclusion Criteria:

* Diagnosis of chronic lateral epicondylosis of the elbow
* Failure to improve following a minimum 6 months of conservative treatment
* Age ≥ 18 years
* Ability to provide written informed consent

Exclusion Criteria:

* Subject withdraws his/her consent
* Exclusion criteria discovered after registration"
12543158,"['Comfort', 'Pain']",OBSERVATIONAL,ALL,18 Years,Not Specified,"Inclusion Criteria:

* Adult patients (≥ 18 years) undergoing ultrasound-assisted spinal anesthesia for lower limb fracture surgery.

Exclusion Criteria:

* Puncture site infection
* Pre-existing lower limb neurological deficits
* Contraindications to regional anesthesia or local anesthetic allergy
* Coagulation disorders"
12653650,['Cardiac Arrest'],INTERVENTIONAL,ALL,18 Years,Not Specified,"Inclusion Criteria:

* All cases where patients were intubated while maintaining spontaneous cardiac activity

Exclusion Criteria:

* ETI cases performed on cardiac arrest"
11978498,['Hernia'],INTERVENTIONAL,ALL,18 Years,85 Years,"Inclusion Criteria:

* Patients with a history of laparoscopic ventral hernia repair with intraperitoneal mesh (laparoscopic IPOM)
* Patients who require subsequent operations (e.g., in recurrent ventral hernia repair)
* Patients who are able to provide written informed consent

Exclusion Criteria:

* Patients with a history of open ventral hernia repair
* Patients with a history of extraperitoneal ventral hernia repair
* Patients with a history of ventral hernia repair with non-intraperitoneal mesh
* Patients who are not able to provide written informed consent"
6042589,"['Osteoarthritis', 'Pain']",INTERVENTIONAL,ALL,18 Years,Not Specified,"Inclusion Criteria:

* Age 18 years and older
* Pain intensity on a self-administered 11-point Numeric Rating Scale (Numerical Rating Scale) ≥30
* Pain involving the base of thumb
* X-ray evidence of TMC Osteoarthritis with at least two of the four following items involving the TMC joint: osteophytes, joint space narrowing, subchondral bone sclerosis or subchondral cysts
* Fulfilling adapted 1990 American College of Rheumatology criteria for hand Osteoarthritis adapted to TMC Osteoarthritis

Exclusion Criteria:

* Not specified in the article"
11255802,['Radiology'],INTERVENTIONAL,FEMALE,18 Years,40 Years,"Inclusion Criteria:

* Pregnant women aged 18-40 years
* Singleton pregnancy with vertex presentation
* Term pregnancy (36+ weeks of gestation)
* History of prior caesarean section
* Availability of post-partum medical record

Exclusion Criteria:

* Multiple pregnancies
* Placenta previa
* Morbidly adherent placenta
* Lower uterine segment fibroid
* Absence of relevant medical record"
8429541,"['Breast Cancer', 'Staging', 'Cancer']",INTERVENTIONAL,ALL,18 Years,Not Specified,"Inclusion Criteria:

* Not specified in the article

Exclusion Criteria:

* Not specified in the article"
10973285,['gastric contents'],OBSERVATIONAL,ALL,18 Years,Not Specified,"Inclusion Criteria:

* Study and design used ultrasound as one of the methods to evaluate gastric contents
* Results of observation of gastric contents under ultrasound were described and analyzed
* Literature that extrapolates or gives direct data on the number of true positives, false positives, true negatives, and false negatives in the 2 × 2 list

Exclusion Criteria:

* Exclude reviews, case reports, animal experiments, conference abstracts, and other types of articles
* Duplicated data, different articles published by the same author were excluded from the use of duplicated data by reading the full text"
10011737,"['Catheter Related Infections (CRI)', 'Catheter Related Bloodstream Infections (CRBSI)', 'central venous catheter (CVC)']",INTERVENTIONAL,ALL,8 Years,Not Specified,"Inclusion Criteria:

* All documented CVC insertions from ten different hospitals within the Scania Region (Region Skåne), Sweden, from March 2019 to August 2020

Exclusion Criteria:

* Patients under 8 years of age
* Missing insertion date or unknown insertion site
* Peripherally inserted catheters (PICC-lines) and subcutaneous venous ports"
5544759,['Glioma'],INTERVENTIONAL,ALL,24 Years,64 Years,"Inclusion Criteria:

* Patients with low-grade gliomas
* Intraoperative functional mapping planned in the removal of their tumours

Exclusion Criteria:

* Not specified"
6392694,"['Interstitial Lung Disease', 'Heart Failure']",OBSERVATIONAL,ALL,18 Years,Not Specified,"Inclusion Criteria:

* Age > 18 years
* Diagnosis of Systemic Sclerosis according to international criteria

Exclusion Criteria:

* Presence of coexisting congestive heart failure
* Clinical history suggestive of lung or pleural diseases"
11322273,['Ultrasonography'],INTERVENTIONAL,ALL,18 Years,Not Specified,"Inclusion Criteria:

* Adult women aged 18 years or older with breast lesions.
* Lesions recommended for regular observation or biopsy.
* Lesion size ≥ 5 mm and ≤ 40 mm.

Exclusion Criteria:

* Lesions with ipsilateral breast resection or biopsy.
* Lesions assessed as BI-RADS category 0, 1, 2, or 6 on US assessment.
* Lesions located behind the nipple, distance of ≤ 5 or ≥ 40 mm to the skin surface.
* Women who were treated by chemotherapy, radiation, targeted therapy, or endocrine therapy.
* Women with breast implants or who were pregnant or lactating.
* Participants who dropped out due to image storage issues or measurement problems during the quality control procedure."
11805604,['Comfort'],INTERVENTIONAL,ALL,18 Years,Not Specified,"Inclusion Criteria:

* Senior postgraduate year (PGY)-3 EM residents
* Internal Medicine (IM) residents
* EM attendings who participated in the Procedure Team

Exclusion Criteria:

* Not specified"
4287055,"['Osteoarthritis', 'Pain']",INTERVENTIONAL,ALL,40 Years,70 Years,"Inclusion Criteria:

* Patients with knee osteoarthritis (based on American College of Rheumatology criteria)
* Age between 40 and 70 years
* Symptom duration of more than 3 months
* Confirmatory X-ray diagnosis (Kellgren–Lawrence grade 1–4) within the past 3 months
* Availability for the study

Exclusion Criteria:

* History of diabetes mellitus
* Immunodeficiency and collagen vascular disorders
* History or presence of malignant disorders
* Infection or active wound in the knee area
* Recent history of severe trauma to the knee
* Autoimmune and platelet disorders
* Treatment with anticoagulant and antiplatelet medications 10 days before injection
* Use of NSAIDs 2 days before injection
* History of knee intraarticular injections of corticosteroids during the past 3 weeks or use of systemic corticosteroids 2 weeks before PRP injections
* Hemoglobin measures of <12g/dL and platelet counts of <150,000/ml
* History of vasovagal shock
* Pregnancy or breastfeeding
* Genu valgum/varum greater than 20 degrees
* Allergy to avian proteins, feathers and egg products or hypersensitivity to hyaluronate

Excluded patients:

* 94 patients were not included due to lack of eligibility
* 10 patients from the PRP group and 11 from the hyaluronic group were excluded from the study (reasons not specified)"
10702459,['Radiation Exposure'],INTERVENTIONAL,ALL,18 Years,Not Specified,"Inclusion Criteria:

* Patients aged 18 years or older
* Indication for permanent transvenous pacemaker or International Classification of Diseases, either single chamber or dual chamber

Exclusion Criteria:

* History of previously implanted endocardial lead
* Indication for cardiac resynchronization therapy
* Impossible superior central venous access (SVC syndrome, thrombosis)
* Need for vein preservation (e.g. for haemodialysis)
* Inability to obtain informed consent due to cognitive impairment or language barriers"
12696371,['Malaria'],INTERVENTIONAL,ALL,18 Years,Not Specified,Not Specified
12431797,"['Neuropathic Pain', 'Behavior', 'Pain']",INTERVENTIONAL,ALL,8 Years,260 Years,"Inclusion Criteria:

* Male Wistar rats aged 8 weeks
* Weight between 240-400 g

Exclusion Criteria:

* Female Wistar rats
* Wistar rats aged less than 8 weeks
* Wistar rats weighing less than 240 g or more than 400 g"
12566304,['Pain'],INTERVENTIONAL,ALL,18 Years,65 Years,"Inclusion Criteria:

* Age between 18 and 65 years
* Undergoing laparoscopic cholecystectomy
* American Society of Anesthesiologists I-II risk classification
* Provision of informed written consent

Exclusion Criteria:

* Refusal to participate
* Infections at the injection site
* Allergies to local anesthetics
* Coagulopathies
* Morbid obesity (Body Mass Index > 35)
* History of drug allergies
* Chronic pain
* Long-term opioid use
* Psychiatric disorders
* Requirement for emergency operations"
7300802,"['COVID‐19', 'dysphagia']",OBSERVATIONAL,ALL,18 Years,Not Specified,"Inclusion Criteria:

* Patients with COVID-19 and dysphagia
* Patients with concomitant respiratory conditions that may predispose them to coughing during dysphagia assessments
* Patients with reduced oxygen saturations
* Patients with post-acute respiratory distress syndrome
* Patients with other comorbidities (e.g., chronic obstructive pulmonary disorder)

Exclusion Criteria:

* Not specified"
9851451,['Percutaneous Coronary Intervention'],OBSERVATIONAL,ALL,18 Years,99 Years,"Inclusion Criteria:

* Patients who underwent Prior percutaneous coronary intervention for ISR lesions using both OCT/OFDI and NIRS-IVUS at Juntendo University Hospital (Tokyo, Japan) from January 2018 to August 2021.

Exclusion Criteria:

* Patients who did not receive preintervention OCT/OFDI or NIRS-IVUS pullback
* Patients for whom adequate NIRS analysis could not be obtained"
11933137,"['Hernia', 'Pain']",INTERVENTIONAL,ALL,18 Years,Not Specified,"Inclusion Criteria:

* Adult patients (age ≥ 18 years) undergoing elective TAPP procedure for a primary unilateral/bilateral inguinal or femoral hernia as outpatient or inpatient surgery at NOH during the study period

Exclusion Criteria:

* Unable to speak proficient Danish
* Recurrent hernia
* Emergency surgery
* Hernia repair not performed or supervised by a hernia specialist"
12689820,['Ultrasonography'],OBSERVATIONAL,ALL,18 Years,35 Years,"Inclusion Criteria:

* Preterm neonates less than 35 weeks’ gestational age who are about to start invasive mechanical ventilation via ETT

Exclusion Criteria:

* Neonates with upper airway anomalies
* Enrollment would disrupt the patient’s care"
12506960,['Coronary Artery Stenosis'],OBSERVATIONAL,ALL,18 Years,99 Years,"Inclusion Criteria:

* Study population consisted of adults with coronary artery disease and intermediate coronary stenosis
* Invasive fractional flow reserve calculated was based on images of coronary angiography, OCT, or IVUS
* Diagnostic accuracy metrics of Angio-Invasive fractional flow reserve, OCT-Invasive fractional flow reserve, and IVUS-Invasive fractional flow reserve were compared, taking pressure wire-based Invasive fractional flow reserve as the reference standard
* The cut-off value of Invasive fractional flow reserve was set as 0.8 in coronary functional assessment, and a Invasive fractional flow reserve less than 0.8 indicated abnormal coronary function

Exclusion Criteria:

* Data of interest were unavailable or unextractable
* Invasive fractional flow reserve was calculated via machine learning
* Study subject was an animal model"
12309128,['Pain'],INTERVENTIONAL,ALL,3 Years,2 Years,"Inclusion Criteria:

* Patients scheduled for aortic coarctectomy through a thoracotomy incision
* Age between 3 months and 2 years
* Risk Adjustment for Congenital Heart Surgery (RACHS-1) score of 3

Exclusion Criteria:

* Patients whose parents declined to participate
* Mechanical ventilation or inotropic infusion before surgery
* Perioperative cardiopulmonary arrest
* Patients undergoing AC with sternotomy incision
* History of mental retardation or developmental delay affecting pain assessment
* Coagulopathy (PT < 75% of control)
* Congenital anomalies or infection at the injection site
* Allergies to the studied drugs
* Elevated liver enzymes
* Renal impairment (Creatinine value more than 1.2 mg/dl or BUN more than 20 mg/dl)
* Heart failure or redo patients and previous catheter dilatations"
11196044,['Ultrasonography'],INTERVENTIONAL,ALL,18 Years,Not Specified,"Inclusion Criteria:

* Novice trainees of anesthesiology who did not have prior regional anesthesia experience
* Participants who gave consent for participation

Exclusion Criteria:

* Students who had already been trained or had performed UGRA"
12376080,"['radical nephrectomy', 'post-nephrectomy']",INTERVENTIONAL,ALL,18 Years,80 Years,"Inclusion Criteria:

* Age ≥ 18 years and ≤ 80 years,
* Diagnosis of renal cell carcinoma (RCC) with a single remaining kidney,
* Previous history of right radical nephrectomy,
* Presence of a mass in the left kidney with infiltration into the pelvic calyceal system (PCS) and ureter,
* Chronic kidney disease (Chronic Kidney Disease) grade 3,
* Ability to provide written informed consent

Exclusion Criteria:

* Pregnancy,
* Active bleeding disorders,
* Uncontrolled hypertension,
* Uncontrolled diabetes,
* Severe cardiac disease,
* Allergies to anesthetic agents used in the study,
* Inability to undergo robotic nephrectomy due to anatomical reasons"
11585379,['Pain'],INTERVENTIONAL,ALL,1 Years,12 Years,"Inclusion Criteria:

* Age between 1 and 12 years
* American Society of Anesthesiologists Physical Status Classification System grade I/II
* Scheduled for elective urethral surgeries

Exclusion Criteria:

* Coagulation disorder
* Rash or infection at the injection site
* Allergies to local anesthetics
* Apparent anatomical anomalies or any neurological or spinal disorders
* Patients with sacral dimple, tethered cord, or other sacral malformations"
8568401,"['Chronic Obstructive Pulmonary Disease', 'Pulmonary Disease', 'Obesity']",INTERVENTIONAL,ALL,18 Years,Not Specified,"Inclusion Criteria:

* Studies involving patients undergoing shoulder arthroscopic surgery with either suprascapular nerve block (SSNB) and axillary nerve block (ANB) or interscalene nerve block (ISB)
* Randomized controlled trials (RCTs) or quasirandomized controlled trials
* Studies containing at least one clinical outcome data

Exclusion Criteria:

* Studies with insufficient clinical outcome data"
12548990,"['Randomized Controlled Trials (RCTs)', 'Elective Hand Surgery (EHS)']",INTERVENTIONAL,ALL,18 Years,Not Specified,"Inclusion Criteria:

* Randomized controlled trials (RCTs) in elective hand surgery (EHS) published since 2017
* Studies that sufficiently reported the CONSORT-NPT subcriteria

Exclusion Criteria:

* Non-RCTs
* Studies not published since 2017
* Studies that did not sufficiently report the CONSORT-NPT subcriteria"
4755430,"['Anxiety', 'Stress', 'Pain']",INTERVENTIONAL,ALL,18 Years,80 Years,"Inclusion Criteria:

* Age 18-80 years
* Male
* Diagnosis of prostate cancer (elevated Prostate specific antigen > 4 ng/dL)
* Ability to provide written informed consent

Exclusion Criteria:

* Female
* Pregnant or lactating women
* History of severe anxiety or psychiatric disorders
* Inability to understand or comply with study procedures"
12681695,"['Ulcerative Colitis', 'Pancreatitis']",INTERVENTIONAL,ALL,13 Years,Not Specified,"Inclusion Criteria:

* Diagnosis of Ulcerative Colitis
* Diagnosis of Type 1 Autoimmune Pancreatitis
* Age ≥ 13 years
* Ability to provide written informed consent

Exclusion Criteria:

* Pregnancy
* Age < 13 years"
10503118,"['Pain, Postoperative', 'Pain']",INTERVENTIONAL,ALL,35 Years,90 Years,"Inclusion Criteria:

* Patients aged between 35 and 90 years
* Scheduled to undergo hip fracture surgery under spinal anesthesia

Exclusion Criteria:

* Patients with contraindications for spinal anesthesia or PENG block (infection at injection site, low ejection fraction, coagulopathy etc.)
* Dementia or similar cognitive function impairments that make participation in some components of the study inadequate
* Analgesia use within the last 12 hours
* Another fracture or problem leading to chronic pain
* Patients who were scheduled for urgent surgery due to hip fracture
* Patients who could not obtain written informed consent to participate in the study"
11562753,['Pain'],INTERVENTIONAL,FEMALE,18 Years,65 Years,"Inclusion Criteria:

* Diagnosis of chronic pain
* Pain present for at least 3 months with moderate-to-severe levels
* Age between 18-65 years

Exclusion Criteria:

* Lifetime history of a serious suicide attempt
* History of serious brain injury or other neurological disorder
* Brain stimulation in the past month (e.g., electroconvulsive therapy, transcranial magnetic stimulation [Transcranial magnetic stimulation], vagal nerve stimulation)
* Magnetic Resonance Imaging intolerance or contraindication
* Implanted device in the head or neck

* Participants were not informed of their group allocation"
12591897,['capillary malformation-arteriovenous malformation'],OBSERVATIONAL,ALL,1 Year,16 Years,"Inclusion Criteria:

* Pediatric patients with CM-AVM of auricular and peri-auricular areas who were admitted to the Children’s Hospital affiliated to Shandong University from August 2020 to July 2024.
* Children with complete data and follow-up records.
* Both clinical symptoms, imaging examinations, and DSA supporting diagnosis of CM-AVM.
* Children receiving no previous endovascular embolization therapy.
* Children receiving endovascular embolization in our hospital.

Exclusion Criteria:

* Cases with incomplete data."
5073778,['Cancer'],INTERVENTIONAL,ALL,18 Years,Not Specified,"Inclusion Criteria:

1. Patients with respiratory failure who are being mechanically ventilated through an endotracheal tube
2. Presence of a mediastinal or hilar lesion

Exclusion Criteria:

1. Patients with a small-sized endotracheal tube (internal diameter less than 7.0 mm)
2. Patients with a poor respiratory reserve"
9615166,['Pain'],INTERVENTIONAL,ALL,18 Years,70 Years,"Inclusion Criteria:

* Patients aged 18-70 years
* American Society of Anesthesiologists physical status classification scores of I or II
* Scheduled for elective laparoscopic cholecystectomy

Exclusion Criteria:

* Presence of coagulation disorder
* Infection at the injection site
* Known allergy to local anesthetics
* Advanced liver or kidney failure
* History of abdominal surgery or trauma
* Conversion to open surgery
* Use of any pain killers in the preoperative 24 h
* Chronic opioid consumption
* Alcohol or drugs use
* Refusal to participate
* Not being able to communicate in Turkish
* Pregnancy
* Body mass index (Body Mass Index) ≥ 35 kg/m2"
12248779,"['Malignant Tumors', 'Cancer']",INTERVENTIONAL,ALL,18 Years,Not Specified,"Inclusion Criteria:

* Adult patients presenting with renal tumors managed using 3D-IGRAPN
* Patients enrolled in the UroCCR database (NCT03293563)

Exclusion Criteria:

* Not applicable"
12581819,['Infective Endocarditis'],INTERVENTIONAL,ALL,18 Years,Not Specified,"Inclusion Criteria:

1. Age ≥ 18 years
2. Diagnosis of infective endocarditis
3. Previous mitral valve replacement
4. Development of a significant paravalvular leak

Exclusion Criteria:

1. Age < 18 years
2. No history of infective endocarditis
3. No previous mitral valve replacement
4. No significant paravalvular leak"
12641887,['Pain'],INTERVENTIONAL,ALL,50 Years,80 Years,"Inclusion Criteria:

* Age between 50 and 80 years
* Chronic shoulder pain lasting more than 6 months
* Resistance to first-line treatments (oral medication, physical therapy, or injections)
* Completed data for They should have a Visual Analog Scale, DASH, ROM, Lattinen Index (LI), Patient Global Impression of Improvement (PGI-I) and Clinician Global Impression of Improvement (CGI-GI) scales

Exclusion Criteria:

* Missing data in the database
* Failure to complete the appropriate informed consent form for joint or periarticular injections"
11300564,"['MRI Imaging', 'Histology', 'Cancer', 'HCC']",INTERVENTIONAL,ALL,18 Years,1 Years,"Inclusion Criteria:

* Patients at risk for Hepatocellular Carcinoma (Hepatocellular Carcinoma)
* Presence of focal liver lesions detected on standard-of-care screening US or observation on diagnostic CT or Magnetic Resonance Imaging

Exclusion Criteria:

* Not specified in the article"
12688721,"['Pneumothorax', 'Lung Cancer', 'Cancer']",INTERVENTIONAL,ALL,18 Years,Not Specified,"Inclusion Criteria:

* Participants were seen at the interventional pulmonology department at a single center for diagnostic workup of a suspicious pulmonary nodule with an ssRAB from September 2020 – the month of ssRAB installation – through December 2023.
* All patients were undergoing a diagnostic workup for a possible lung cancer diagnosis, and all patients evaluated during the study period were included.

Exclusion Criteria:

* No patients were excluded"
12014953,"['Foot ulceration', 'Diabetes mellitus (DM)', 'Peripheral artery disease', 'Medial arterial calcification (MAC)', 'Chronic kidney disease', 'Ulcer healing', 'Wound healing', 'Minor amputation']",INTERVENTIONAL,ALL,18 Years,Not Specified,"Inclusion Criteria:

* Studies investigating primary ulcer healing or wound healing after minor amputation (up to transmetatarsal)
* Studies evaluating a bedside test (e.g., ABI, Traumatic Brain Injury, ankle pressure (AP), TP, TcPO2)
* Studies including patients who were prone to MAC, defined as Diabetes Mellitus, Chronic Kidney Disease, or ABI > 1.3

Exclusion Criteria:

* Studies reporting insufficient data or case reports
* Studies investigating healing of major amputations"
12452136,['Renal Cell Carcinoma (RCC)'],INTERVENTIONAL,ALL,18 Years,Not Specified,"Inclusion Criteria:

* Patients with biopsy-proven renal cell carcinoma
* Age ≥ 18 years
* Prior treatment with either microwave ablation (MWA) or cryoablation therapy
* Availability of MR or CT imaging prior to the ablative therapy

Exclusion Criteria:

* Pregnant women
* Terminally ill patients
* Medically unstable patients
* Patients with a known allergy to components of ultrasound contrast agents"
12622827,['Multiple Sclerosis'],OBSERVATIONAL,ALL,18 Years,Not Specified,"Inclusion Criteria:

* Diagnosis of Multiple Sclerosis according to the 2017 revised McDonald criteria
* Age 18 years or older
* Stable disease-modifying drugs
* Participants who are medical students and staff, with no history of neurological, psychiatric, ophthalmic, or systemic disorder, that could affect the optic nerve or visual pathway, serving as controls

Exclusion Criteria:

* Relapse or acute neurological events (e.g., ON within the previous three months)
* Any change in Duchenne muscular dystrophy regimen during the preceding year
* Major systemic disorders (e.g., diabetes mellitus, hypertension) or other conditions known to affect the optic nerve
* Neurological diseases other than Multiple Sclerosis
* Significant history of head trauma or ophthalmic conditions such as glaucoma or a history of ocular surgery
* Pregnancy at the time of assessment"
12619138,['ultrasound-guided arterial cannulation (USG-AC)'],INTERVENTIONAL,ALL,18 Years,70 Years,"Inclusion Criteria:

* Age between 18 and 70 years
* American Society of Anesthesiologists II-IV
* Scheduled for elective surgery requiring invasive arterial pressure monitoring

Exclusion Criteria:

* Emergent circumstances
* Hemodynamic instability
* Evidence of cellulitis or infection at the proposed cannulation site
* Positive result on the modified Allen test
* Diagnosis of Raynaud disease or peripheral vascular disease
* More than one Rheumatoid Arthritis procedure within the preceding 30 days
* Scheduled surgery at the intended cannulation site
* Refusal to participate"
12484925,"['Radiofrequency Ablation', 'Pneumothorax', 'Lung Cancer', 'Cancer']",OBSERVATIONAL,ALL,41 Years,78 Years,"Inclusion Criteria:

* Patients who have undergone a single surgical resection for primary lung cancer between 2017 and 2022
* Patients who developed a single high-risk pulmonary nodule indicating ipsilateral recurrence, with the interval between the initial operation and subsequent ablation being more than 1 year
* Patients who are deemed ineligible for reoperation due to poor cardiopulmonary function, the presence of extra cardiopulmonary diseases, refusal of surgery, or advanced age

Exclusion Criteria:

* Patients with distant metastases
* Tumors demonstrating perihilar proximity or immediate adjacency to major vascular territories"
12682211,['Pain'],INTERVENTIONAL,ALL,60 Years,Not Specified,"Inclusion Criteria:

* The study includes randomized controlled trials
* The study compares the Pericapsular Nerve Group (PENG) Block with Suprainguinal Fascia Iliaca Block (SI-FICB) in adults (≥60 years)
* The patients have acute hip fracture and are undergoing operative management
* The patients receive neuraxial anesthesia

Exclusion Criteria:

* The study compares infrainguinal or classic fascia iliac techniques, or other regional anesthetic modalities
* The study includes femoral shaft or pathological fractures, pediatric populations, prehospital or emergency department interventions, or non-operative management"
11440713,['Learning'],OBSERVATIONAL,ALL,18 Years,90 Years,"Inclusion Criteria:

* Patients who underwent cervical laminoplasty for cervical myelopathy
* Completed a 24-month follow-up schedule

Exclusion Criteria:

* Patients without the 24-month postoperative Japanese Orthopaedic Association data"
8492909,['Not Specified'],INTERVENTIONAL,ALL,18 Years,60 Years,"Inclusion Criteria:

* The participant is aged between 18 and 60 years
* The participant is able to provide only one answer for each card and participate in a brief and standardized inquiry following each response

Exclusion Criteria:

* The participant is not aged between 18 and 60 years
* The participant is not able to provide only one answer for each card and participate in a brief and standardized inquiry following each response"
12045139,"['Point-of-care ultrasound (POCUS)', 'soft tissue (ST)', 'fetal heart tone (FHT)']",INTERVENTIONAL,ALL,18 Years,Not Specified,"Inclusion Criteria:

* Advanced Practice Providers (APPs) working in the Emergency Department (ED) at the Medical College of Wisconsin, Froedtert Hospital Department of Emergency Medicine, Milwaukee, Wisconsin, United States
* APPs who have completed the simulation-based POCUS training session led by faculty from the Division of Emergency Ultrasound

Exclusion Criteria:

* APPs who have not completed the simulation-based POCUS training session led by faculty from the Division of Emergency Ultrasound"
9844847,"['Bradycardia', 'Pain']",INTERVENTIONAL,ALL,18 Years,99 Years,"Inclusion Criteria:

* Randomized controlled trials (RCTs)
* Surgical patients who received dexmedetomidine or remifentanil for controlled hypotension under general anesthesia

Exclusion Criteria:

* Non-randomized controlled trials
* Literature reports of poor quality and ineligibility
* Failure to provide original data
* Duplicate literature or crossover of study subjects
* Similar reports or incomplete information"
6257422,"['sepsis', 'systemic inflammatory response syndrome (SIRS)']",OBSERVATIONAL,ALL,18 Years,90 Years,"Inclusion Criteria:

* Diagnosis of sepsis, systemic inflammatory response syndrome (SIRS), or healthy controls
* Age ≥ 18 years

Exclusion Criteria:

* Not applicable"
12019185,['Pain'],INTERVENTIONAL,ALL,18 Years,Not Specified,"Inclusion Criteria:

* Age equal to or above 18 years
* Planned for laparoscopic scheduled abdominal surgery
* Underwent general anesthesia

Exclusion Criteria:

* Age below 18 years old
* Pregnant women
* Confirmed diagnosis of hypermagnesemia, hyponatremia, hypocalcemia, hyperkalemia
* Acidosis states
* Acute or chronic kidney disease
* Hypothyroidism
* Hypoadrenocorticism
* Neuromuscular disorders
* Bradycardia
* Bradyarrhythmia
* AtrioVentricular block
* Pacemaker
* Heart failure associated with hypotension and reduced cardiac function
* Shock"
11129060,"['Ultrasonography', 'Psoriasis']",INTERVENTIONAL,ALL,18 Years,65 Years,"Inclusion Criteria:

* Patients with cutaneous psoriasis referred to Hazrat Rasoul Akram Hospital
* Age between 18 and 65 years
* No self-reported history of injury to lower limbs from February 2021 to September 2021

Exclusion Criteria:

* Clinical signs of articular and periarticular involvement
* Systemic treatment for psoriasis during the last 6 weeks
* History of musculoskeletal trauma
* Taking anti-inflammatory non-steroidal or glucocorticoid drugs in the last two weeks
* Treatment with biologic medicine
* Diabetes
* Chronic renal failure
* Congenital defects"
12649930,['Stroke'],INTERVENTIONAL,ALL,18 Years,90 Years,"Inclusion Criteria:

* Patients admitted to a rehabilitation hospital
* Diagnosis of stroke within the past 6 months
* Scored ≥24 on the Korean Mini-Mental State Examination
* Able to walk over 10 m
* Grade of 1 to 3 on the modified Ashworth scale

Exclusion Criteria:

* Hospitalization due to stroke recurrence
* Other neurological diseases such as Parkinson’s disease and cerebellar diseases
* Orthopedic diseases of the ankle (ankle sprains, fractures, etc.)
* Mental disorders (depression, etc.)
* Impairments of cognitive executive functions or speech disorders that prevented participants from understanding or following the investigator’s instructions"
8132376,['Ventriculoperitoneal shunt (VPS) placement'],INTERVENTIONAL,ALL,18 Years,Not Specified,"Inclusion Criteria:

* Patients undergoing ventriculoperitoneal shunt placement (≥18 years)
* Frontal or occipital shunt placement

Exclusion Criteria:

* Emergency surgery if there is no time for installation of any navigation system
* Revision surgery using the same side and location
* Revision surgery addressing only some part of the shunt system (e.g. distal or proximal revision only)
* Ventriculoatrial and ventriculopleural shunt placement

Additional criteria:

* Patients will be provided a participant information sheet and a consent form describing the study and providing sufficient information for them to make an informed decision about their participation in the study"
8886458,['Hernia'],INTERVENTIONAL,ALL,19 Years,41 Years,"Inclusion Criteria:

* Patients with ectopic pregnancy (EP) or uterine leiomyoma (UL) treated in the organization between June 2019 and December 2019
* Age ≥ 19 years
* Subserous, intermural, or broad ligament UL with a diameter ≤ 10 cm and a leiomyoma number ≤ 5
* No surgical contraindications

Exclusion Criteria:

* Body mass index (Body Mass Index) ≥ 30 kg/m2
* Infected wound in the umbilicus
* Scar constitution
* Extensive pelvic adhesion found during intraoperative exploration"
10590726,"['Ultrasonography', 'Comfort']",INTERVENTIONAL,FEMALE,18 Years,Not Specified,"Inclusion Criteria:

* Patients in the first or second stage of labor in singleton cephalic presentation

Exclusion Criteria:

* Preterm birth,
* Twin pregnancy,
* Abnormal invasive placentation (placenta previa, placenta accreta); No intrauterine growth restriction; uterine myomas or any case of emergency delivery such as eclampsia, prolapsed cord, severe infections, abruptio placenta, severe fetal distress"
12696570,['Pain'],OBSERVATIONAL,ALL,20 Years,Not Specified,"Inclusion Criteria:

* Non-intubated individuals of both sexes,
* Aged 20 years or older,
* Admitted to the critical care units of Niigata University Medical and Dental Hospital between February 24, 2021, and January 17, 2024,
* Underwent ultrasound evaluation during the working hours of the first author

Exclusion Criteria:

* Stenosis or obstruction of the IJV,
* Failure to complete the ultrasound examination,
* Presence of medical devices in the neck,
* Inability to follow instructions,
* Inability to obtain informed consent for participation in the research"
12664190,"['Stroke', 'Pain']",INTERVENTIONAL,ALL,18 Years,Not Specified,"Inclusion Criteria:

* studies utilizing transcranial focused ultrasound for neuromodulation on humans from 2014 to 2024;

Exclusion Criteria:

* review articles;
* studies not conducted on humans;
* studies focused on ultrasound applications other than brain neuromodulation;
* studies focused on the physical or material properties of ultrasound;
* studies that utilized diagnostic ultrasound, non-focused transcranial ultrasound or transcranial pulse stimulation, which has a shorter pulse duration (a few µs) and a different intensity distribution"
10943822,['Behavior'],INTERVENTIONAL,ALL,3 Years,18 Years,"Inclusion Criteria:

* Rats aged 3, 12, or 18 months old
* Rats obtained from Beijing Weitong Lihua Experimental Animal Technology Co., Ltd.

Exclusion Criteria:

* Rats with any known health issues or abnormalities
* Rats that do not meet the age criteria"
2940021,['Muscular Dystrophies'],INTERVENTIONAL,ALL,18 Years,100 Years,"Inclusion Criteria:

* Patients with hereditary muscle diseases
* Ability to undergo magnetic resonance imaging (Magnetic Resonance Imaging)
* Informed consent

Exclusion Criteria:

* No history of muscle biopsy as the gold standard for the establishment of the definitive diagnosis"
11969942,['modified electroconvulsive therapy (MECT)'],INTERVENTIONAL,ALL,18 Years,58 Years,"Inclusion Criteria:

* Diagnosis of schizophrenia, depression, mania, or bipolar disorder according to International Classification of Diseases-10 criteria
* Age between 18 and 58 years
* Failure of pharmacological therapies or presence of treatment-refractory symptoms
* Normal cardiovascular/pulmonary function and electrolyte balance
* Written informed consent

Exclusion Criteria:

* Allergies to dexmedetomidine or any other anesthetic agents used in this study
* Heart failure, second-to-third-degree atrioventricular block, atrial fibrillation, or preoperative heart rate < 55 beats per minute
* History of cerebral infarction, severe hypertension, coronary heart disease, bronchial asthma, liver and kidney dysfunction, diabetes, pheochromocytoma, hyperthyroidism, Cushing’s syndrome, or psychoactive substance or non-addictive substance-induced psychiatric disorders, organic mental disorders, or psychiatric conditions secondary to other diseases
* Medications with significant cardiovascular effects within 48 hours pre-procedure"
6205538,"['Hypertension', 'Cirrhosis', 'Radiology']",INTERVENTIONAL,ALL,18 Years,Not Specified,"Inclusion Criteria:

* Patients with liver disease.

Exclusion Criteria:

* Not specified"
12649075,"['difficult videolaryngoscopy', 'Cormack-Lehane classification']",OBSERVATIONAL,ALL,18 Years,Not Specified,"Inclusion Criteria:

* Age ≥ 18 years
* Undergoing elective surgery
* Receiving intubation using a single-lumen endotracheal tube with videolaryngoscope under general anesthesia

Exclusion Criteria:

* Cancellation of surgeries for various reasons
* Known difficult airways
* Psychiatric and neurological disorders
* Refusal to participate by the patients"
11735703,['Pain'],OBSERVATIONAL,ALL,18 Years,75 Years,"Inclusion Criteria:

* Adults aged 18-75 years
* Presence of low back or referred pain above or just below the gluteal fold (≥ 3/10 on a numerical pain rating scale) lasting at least 3 months, present at least 50% of the time during the day
* Participants who are able to provide written informed consent

Exclusion Criteria:

* Previous back or lower extremity injury
* Spinal surgery
* Pain attributable to specific known pathology
* Corticosteroid use or lumbar spine injection in the past 3 months
* Pregnancy
* Volunteers without a history of low back pain or chronic pain limiting daily activities"
7113160,['Pain'],INTERVENTIONAL,ALL,19 Years,40 Years,"Inclusion Criteria:

* Parturients with an American Society of Anesthesiologist physical status of II
* Scheduled for elective Cesarean section via a Pfannenstiel incision under spinal anesthesia
* Age between 19 and 40 years

Exclusion Criteria:

* History of allergy to any of the study drugs
* Body mass index (Body Mass Index) ≥ 35 kg m2
* Coagulopathy
* Local infection
* Pregnancy-induced hypertension
* Gestation diabetes mellitus
* Opioid abuse"
10967091,['Pain'],OBSERVATIONAL,ALL,18 Years,64 Years,"Inclusion Criteria:

* Failure of a previous conservative protocol
* Positive Silfverskiöld test
* Pathology within the indications for surgical lengthening of the gastrocnemius tendon as described in the scientific literature

Exclusion Criteria:

* Inclusion criteria not met
* Patients with surgical risk American Society of Anesthesiologists 3 or more
* Children"
12001422,"['Van den Ende–Gupta syndrome', '22q11.2 Deletion Syndrome', 'talipes equinovarus', 'cerebellar hypoplasia', 'micrognathia']",INTERVENTIONAL,ALL,30 Years,33 Years,"Inclusion Criteria:

* Pregnant women referred to the genetic department at 24 + 3 weeks of gestation
* No relevant family history
* No congenital anomalies or developmental impairments in the parents

Exclusion Criteria:

* Not applicable"
12697853,"['Lung Cancer', 'Cancer']",INTERVENTIONAL,ALL,18 Years,Not Specified,Not Specified
12546777,['Cirrhosis'],OBSERVATIONAL,ALL,18 Years,Not Specified,"Inclusion Criteria:

* Age ≥ 18 years
* Diagnosis of cirrhosis
* Hospital admission for acute decompensation
* Ability to provide informed consent

Exclusion Criteria:

* Pregnancy
* Diagnosis of hepatocellular carcinoma outside Milan criteria
* Extrahepatic malignancies
* Severe extrahepatic diseases (e.g. chronic kidney disease requiring hemodialysis, heart failure, chronic obstructive pulmonary disease, psychiatric disorders)
* HIV Infection infection
* Refusal or inability to provide informed consent"
12696336,"['bradyarrhythmias', 'pneumothoraces', 'lead dislodgements', 'hematomas']",INTERVENTIONAL,ALL,18 Years,Not Specified,"Inclusion Criteria:

* Patients with bradyarrhythmias (e.g., complete heart block, sinus node dysfunction, drug-induced bradycardia) requiring temporary pacing.
* Supraclavicular venous access documented as the primary route.

Exclusion Criteria:

* Patients in whom supraclavicular access was attempted but failed and was subsequently converted to another venous route.
* Cases with incomplete records regarding access technique, procedural details, or in-hospital outcomes.
* Pediatric patients and those undergoing permanent pacemaker implantation during the same admission"
12371962,"['Postoperative Complications', 'Pain']",INTERVENTIONAL,ALL,18 Years,90 Years,"Inclusion Criteria:

* Age ≥ 18 and ≤ 90 years
* Patients undergoing occipital craniotomy
* Patients with a history of smoking, sleep apnea, obesity, or elderly patients
* Patients who are fit for regional anesthesia

Exclusion Criteria:

* Patients with a contraindication to regional anesthesia
* Patients with a history of allergy to local anesthetics
* Patients with a coagulopathy or bleeding disorder
* Patients with a history of neurological deficits in the cervical plexus distribution
* Patients with a history of cervical spine surgery or trauma
* Patients with a history of cervical spine infection or tumor
* Patients with a history of cervical spine instability or deformity
* Patients with a history of cervical spine aneurysm or arteriovenous malformation
* Patients with a history of cervical spine disc herniation or radiculopathy
* Patients with a history of cervical spine stenosis or myelopathy
* Patients with a history of cervical spine fracture or dislocation
* Patients with a history of cervical spine tumor or metastasis
* Patients with a history of cervical spine infection or abscess
* Patients with a history of cervical spine surgery or radiation therapy
* Patients with a history of cervical spine trauma or injury
* Patients with a history of cervical spine arthritis or degenerative disc disease
* Patients with a history of cervical spine disc herniation or radiculopathy
* Patients with a history of cervical spine stenosis or myelopathy
* Patients with a history of cervical spine fracture or dislocation
* Patients with a history of cervical spine tumor or metastasis
* Patients with a history of cervical spine infection or abscess
* Patients with a history of cervical spine surgery or radiation therapy
* Patients with a history of cervical spine trauma or injury
* Patients with a history of cervical spine arthritis or degenerative disc disease"
12663127,"['respiratory illnesses', 'bacterial pneumonia', 'viral infections', 'asthma exacerbations']",INTERVENTIONAL,ALL,18 Years,19 Years,"Inclusion Criteria:

* Children aged 0 to 19 years who presented with respiratory symptoms, including any combination of cough, rhinorrhea, nasal congestion, shortness of breath, wheezing, tachypnea, or increased work of breathing.
* Admission to the Pediatric Ward, Pediatric Intensive Care Unit, or Emergency Department within 24 hours.

Exclusion Criteria:

* Pre-existing chronic lung disease.
* Lung ultrasound not performed within 24 hours of admission.
* Admission under the principal investigator's care.
* Principal investigator is not blinded to chest X-ray findings"
12584387,['Pain'],INTERVENTIONAL,ALL,18 Years,75 Years,"Inclusion Criteria:

* American Society of Anesthesiologists I-II
* Age between 18 and 75 years
* Elective unilateral total hip arthroplasty

Exclusion Criteria:

* Refused to regional nerve block or general anaesthesia
* Body mass index (Body Mass Index) exceeded the range of 18–30 kg/m2
* Known allergy to ropivacaine
* Unable to communicate
* Contraindications to peripheral nerve block (e.g. skin infection around the hip, neuromuscular disorders or coagulation dysfunction)
* Operation time over 3 h
* Voluntary withdrawal by patients
* Transfer to the intensive care unit for unexpected reasons"
12584877,"['Pancreatitis', 'Histology']",INTERVENTIONAL,ALL,18 Years,Not Specified,"Inclusion Criteria:

* Articles recruiting >10 patients with Autoimmune Pancreatitis (AIP) undergoing Endoscopic Ultrasound (Clinical Utility of Endoscopic Ultrasound)-guided Tissue Acquisition (TA) using Fine-Needle Biopsy (FNB).
* Studies published in English.
* Articles reporting at least the primary outcome (diagnostic accuracy).

Exclusion Criteria:

* Case reports
* Non-endoscopic studies
* Review articles
* Studies with Clinical Utility of Endoscopic Ultrasound-TA using Fine-Needle Aspiration (FNA)
* Articles published before April 2024"
12620460,['Pain'],INTERVENTIONAL,ALL,18 Years,Not Specified,"Inclusion Criteria:

* Diagnosis of whiplash syndrome (CIE-10- code S13.4) with pain in the cervical area after a traffic accident
* Presence of neck pain after suffering a traffic accident and the presence of at least one active trigger point in the sternocleidomastoid and/or levator scapulae muscles
* Numeric Rating Scale (Numerical Rating Scale) score of 5 or higher on the pain assessment

Exclusion Criteria:

* Patients doing anticoagulant treatment
* Patients who have suffered previous cervical trauma or who have undergone surgery in the last year
* Subjects who present any type of alteration (skin or infection, sensitivity or pain perception)
* Subjects with central or peripheral nervous system affectation
* Patients who have problems with the material: allergy to metal, belonephobia (fear of needles)
* Pregnant women"
10569988,['Pulmonary Embolism'],OBSERVATIONAL,ALL,18 Years,Not Specified,"Inclusion Criteria:

* Pregnant patients referred to a tertiary care hospital for suspected, first episode of Deep Vein Thrombosis (DVT)
* Provided informed consent
* Underwent a focused history and physical examination by a clinician to verify study inclusion criteria and identify the components of the LEFt clinical prediction score

Exclusion Criteria:

* Previous DVT
* Technical inability to perform comprehensive duplex ultrasonography
* Anticipated inability to obtain long-term follow-up
* Inability to provide informed consent
* Current therapeutic anticoagulation or planned use of long-term anticoagulation for another diagnosis
* Patients found to have DVT on initial whole-leg CUS were excluded from follow-up and further analysis and managed by the treating physician"
12691399,['Carpal Tunnel Syndrome (CTS)'],OBSERVATIONAL,ALL,18 Years,Not Specified,"Inclusion Criteria:

* Patients presenting to the Rheumatology Unit of Colentina Hospital (Bucharest, Romania) between January 2023 and March 2025 with a clinical diagnosis of Carpal Tunnel Syndrome (CTS)
* Age ≥ 18 years
* All patients signed informed consent before any study procedure

Exclusion Criteria:

* Age under 18 years
* Diagnosis of acute CTS
* History of paresis or cervical radiculopathy
* Presence of proximal compressive neuropathies
* Confirmed diabetic polyneuropathy
* Previous fractures or malunited callus affecting the wrist
* Prior CTS decompression surgery
* Local glucocorticoid or anesthetics injection in the carpal tunnel
* Physiotherapy targeting the wrist region within the last three months
* Pregnancy or postpartum status up to six months
* Use of oral contraceptives within the preceding six months
* Decompensated hypothyroidism
* Acromegaly
* Chronic kidney disease requiring hemodialysis
* Presence of inflammatory joint diseases such as rheumatoid arthritis, psoriatic arthritis, spondyloarthritis, systemic lupus erythematosus, gout, or other conditions associated with arthritis and tendon thickening"
12688383,"['Subarachnoid Hemorrhage', 'Ischemic Stroke', 'Hemorrhage', 'Stroke']",INTERVENTIONAL,ALL,18 Years,Not Specified,"Inclusion Criteria:

* Participants who passed the assessment after the training
* Participants included in the NESS-China study

Exclusion Criteria:

* Not specified"
6030101,['Behavior'],INTERVENTIONAL,ALL,19 Years,38 Years,"Inclusion Criteria:

* Healthy volunteers between 19 and 38 years of age
* No history of neurological disorder
* No known medication contraindications to other non-invasive neuromodulation techniques
* Participants were fitted with infrared sensors to track head movement and individual fiducial head markers were used to align the participants’ head with a template brain in the neuronavigation system.

Exclusion Criteria:

* Not applicable"
11512518,"['Postoperative Complications', 'Pain']",INTERVENTIONAL,ALL,18 Years,65 Years,"Inclusion Criteria:

* Age between 18 and 65 years
* American Society of Anesthesiologists I-II
* Planned to undergo laparoscopic partial hepatectomy

Exclusion Criteria:

* Intraoperative conversion to open surgery
* Intraoperative massive bleeding
* Serious adverse events such as local anesthetic poisoning occurred
* Unplanned transfer to intensive care unit (ICU) with tracheal catheter after surgery
* Reoperation within 48 hours after surgery
* History of severe cardiovascular disease
* Infection at the puncture site
* History of local anesthesia allergy
* History of chronic pain and long-term use of analgesics
* History of drug or alcohol abuse
* Refusal to participate in observation"
11520544,"['Head and Neck Cancer', 'Cancer']",OBSERVATIONAL,ALL,18 Years,100 Years,"Inclusion Criteria:

* History of Head and Neck Cancer
* Completion of RT at least 2 years ago
* No evidence of HN cancer since completion of RT
* No history of CVA or Transient ischemic attack
* No known history of CAS
* Able to understand and willing to sign an Institutional Review Board-approved informed consent document

Exclusion Criteria:

* Personal history of CAS
* Any prior CVA or Transient ischemic attack
* Had a CEA or carotid stent placement
* Underwent a prior CUS between the completion of RT and study registration
* Most recent RT was for the treatment of recurrent or second primary HN cancer
* History of re-irradiation in the HN region
* Eastern Cooperative Oncology Group (ECOG Performance Status) performance status of 2 or higher"
12580448,"['Liver Metastases', 'Ultrasonography', 'Neoplasms', 'Staging']",OBSERVATIONAL,ALL,18 Years,Not Specified,"Inclusion Criteria:

* Age ≥ 18 years
* Patients with gastrointestinal or pancreatic neuroendocrine neoplasms (GEP-NENs)
* No other malignancies in the previous 5 years
* NEN staged as cM0 on preoperative imaging (CT, Medical positron emitting tomography/CT, Magnetic Resonance Imaging in selected cases)
* Underwent intraoperative ultrasound (IOUS)

Exclusion Criteria:

* Patients who refused to participate in the study
* Patients with preoperative imaging performed more than 60 days before surgery
* Patients with incomplete intraoperative hepatic exploration"
12122155,['Pain'],INTERVENTIONAL,ALL,40 Years,70 Years,"Inclusion Criteria:

* Age between 40 and 70 years
* American Society of Anesthesiologists physical status I-III
* Planned for unilateral total knee replacement

Exclusion Criteria:

* Spinal malformations
* Liver or renal impairment
* Hypersensitivity to any of the study drugs
* Neuromuscular or coagulopathy disorders
* Patients with a history of prior knee surgery or trauma or those scheduled for revision knee arthroplasty"
11788937,['Learning'],INTERVENTIONAL,ALL,18 Years,Not Specified,"Inclusion Criteria:

* Participants had no prior experience with abdominal ultrasonography

Exclusion Criteria:

* Not specified"
8458366,"['Ultrasonography', 'Obesity']",INTERVENTIONAL,FEMALE,18 Years,Not Specified,"Inclusion Criteria:

* Pregnant woman with obesity (Body Mass Index ≥ 30 kg/m²)
* Undergoing a fetal morphology examination by ultrasound from 20+0 to 25+0 gestational weeks

Exclusion Criteria:

* Refuses to have the ultrasound examination or to participate in the study
* Is a minor or under guardianship/curatorship
* Has an uncertain or unknown date of conception
* Had a prepregnancy body mass index (Body Mass Index) <30 kg/m²
* Has a fetus with a congenital malformation or an anomaly of the amniotic fluid or the placenta, identified by an ultrasound scan earlier in this pregnancy (<20+0 GW)
* Is carrying a multiple pregnancy
* Has a scar of the abdominal, pelvic or uterine wall
* Has a fibromatous uterus
* The fetus is diagnosed with a congenital anomaly during the study
* Dies in utero during the study
* Is diagnosed with an anomaly of the amniotic fluid or the placenta during the study
* Is diagnosed as ‘small for gestational age’ (<10th percentile of estimated weight for gestational age on the curve of the French college of fetal ultrasound)

Additional Exclusion Criteria for the study protocol version 7.0 as of 24 May 2019:

* The woman’s results will not be analysed if the fetus is diagnosed with a congenital anomaly during the study
* The woman’s results will not be analysed if the fetus dies in utero during the study
* The woman’s results will not be analysed if the fetus is diagnosed with an anomaly of the amniotic fluid or the placenta during the study
* The woman’s results will not be analysed if the fetus is diagnosed as ‘small for gestational age’ (<10th percentile of estimated weight for gestational age on the curve of the French college of fetal ultrasound)"
12676223,"['Hepatocellular Carcinoma', 'Cirrhosis', 'Cancer', 'HCC']",INTERVENTIONAL,ALL,18 Years,75 Years,"Inclusion Criteria:

* Diagnosis of cirrhosis between 2009 and 2013
* First ultrasound >4 months after index date

Exclusion Criteria:

* Follow-up <4 months after inclusion date"
12597412,"['Lung Cancer', 'Cancer']",INTERVENTIONAL,ALL,18 Years,Not Specified,"Inclusion Criteria:

* Patients with peripheral pulmonary lesions (PPLs) suspicious for lung cancer who were referred for diagnostic bronchoscopy.
* Adults 18 years of age or older.

Exclusion Criteria:

* Other interventions recommended as the primary diagnostic procedure.
* PPL not believed to be accessible bronchoscopically.
* Contraindication to bronchoscopy.
* Pregnancy.
* Planned use of electromagnetic or other navigation system (virtual bronchoscopic navigation [VBN] was permitted).
* Absence of informed consent."
9811764,"['Osteoarthritis', 'Inflammation', 'Pain']",INTERVENTIONAL,ALL,45 Years,Not Specified,"Inclusion Criteria:

* Diagnosed with symptomatic knee Osteoarthritis according to American College of Rheumatology criteria
* Age > 45 years
* Knee pain for more than 6 months and the pain assessed by They should have a Visual Analog Scale (100 mm) ≥ 40 mm in the last week
* Ultrasonography showed obvious synovitis (over about 10 ml) with effusion in the knee joint
* Both Magnetic Resonance Imaging-assessed Hoffa-synovitis score (Magnetic Resonance Imaging Osteoarthritis Knee Score, MOAKS method) and effusion-synovitis score (MOAKS method) ≥ 1 and their total score ≥ 3
* Being able to listen, speak, read, and understand Chinese; capable of understanding the study requirements, cooperating with the researchers during the study, and providing written informed consent

Exclusion Criteria:

* Allergy to glucocorticoids
* Knee joint injection of glucocorticoid or hyaluronic acid within the past 6 months
* Severe trauma or arthroscopy in the knee within the past 6 months
* Planned hip or knee surgery (including arthroscopy, arthroplasty, and other open joint surgeries) in the next 6 months
* Contraindication to having Magnetic Resonance Imaging (e.g., implanted pacemaker, artificial metal valve or cornea, aneurysm clipping surgery, arterial dissection, metal foreign bodies in the eyeball, claustrophobia)
* Presence of other arthritis, such as rheumatoid arthritis and psoriatic arthritis
* Other conditions that are more painful than knee Osteoarthritis
* Malignant tumors or other life-threatening diseases
* Infection, diabetes, coagulopathy, osteonecrosis, or gastric/duodenal ulcer within the past 12 months
* Current use of oral corticosteroids, non-steroidal anti-inflammatory drugs, or immunosuppressive medication
* Pregnancy or lactating female
* Use any investigational drugs or devices in the recent 30 days

Note: When both knees of the participants meet the eligibility criteria, the knee with more severe They should have a Visual Analog Scale pain will be selected as the study knee."
11890536,"['spinal anesthesia-induced hypotension', 'hypotension']",OBSERVATIONAL,ALL,18 Years,90 Years,"Inclusion Criteria:

* Adult patients scheduled for elective orthopedic, gynecologic, or urologic surgery under spinal anesthesia
* Patients who provide informed consent

Exclusion Criteria:

* Patients with conditions or factors that could affect carotid blood flow
* Patients with contra-indications for spinal anesthesia
* Emergency surgery
* Poor left or right ventricular function (ejection fraction ≤ 40%)
* Moderate to severe valvular disease
* Atrial fibrillation
* Pacemaker rhythm
* Carotid artery stenosis > 50%
* History of cerebrovascular accident or transient ischemic attack
* History of cerebral trauma
* Pregnancy
* Neck complaints
* Morbid obesity (Body Mass Index ≥ 40 kg/m2)
* Insufficient ultrasound image quality"
6308281,['Pain'],INTERVENTIONAL,ALL,19 Years,75 Years,"Inclusion Criteria:

* Diagnosis of chronic low-back pain (CLBP) with radiation to gluteal or leg areas
* Failure of physical therapy, massage therapy, or acupuncture
* Participants from the prior randomized controlled trial (RCT) of caudal epidural injection of 5% dextrose (D5W) for CLBP

Exclusion Criteria:

* Pregnancy
* Progressive weakness
* Recent changes in opioid use
* Neurogenic bowel or bladder dysfunction
* Unstable psychiatric disorder
* Local infection
* Current anticoagulation
* Medical instability precluding study participation"
12481102,['Cough'],INTERVENTIONAL,ALL,18 Years,Not Specified,"Inclusion Criteria:

* Adults (≥18 years) with acute cough (<21 days) and at least one additional symptom of acute LRTI (e.g. fever, sputum, dyspnoea, wheezing, chest discomfort), in whom the GP suspected bacterial pneumonia
* Provided written informed consent

Exclusion Criteria:

* Patients who had received antibiotic treatment for the current episode of acute LRTI
* Patients who were not listed with the GP (making medical record follow-up impossible)
* Patients who were unable to understand or provide informed consent
* Patients who declined to participate
* Specialists in family medicine, working as GPs and using ultrasound weekly in practice or out-of-hours primary care, were excluded if they did not complete a FLUS training programme with a validated assessment"
12626378,['Atrophic Edentulous Maxilla'],OBSERVATIONAL,ALL,20 Years,Not Specified,"Inclusion Criteria:

* Patients aged at least 20 years at time of surgery
* Patients who received a prosthodontic rehabilitation of a completely edentulous maxillae from January 2007 to September 2016 at a private clinic (East Coast Oral Surgery, Moncton, New Brunswick, Canada)

Exclusion Criteria:

* Signs and symptoms of maxillary sinus disease and systemic diseases that could influence implant osseointegration"
9515664,['shoulder surgery'],INTERVENTIONAL,ALL,43 Years,45 Years,"Inclusion Criteria:

* Patients undergoing shoulder surgery
* Patients for whom regional anesthesia is contraindicated due to lung complications

Exclusion Criteria:

* Not specified"
12016225,['Pain'],INTERVENTIONAL,ALL,18 Years,Not Specified,"Inclusion Criteria:

* Adults aged ≥ 18 years requiring dental implants in either the maxilla or mandible
* Adequate bone volume and density at the implant site, defined as Class III or better according to the Lekholm and Zarb classification, as assessed clinically and radiologically

Exclusion Criteria:

* Compromised medical status, particularly uncontrolled diabetes
* Need for bone grafting at the intended implant location
* Current facial radiotherapy or chemotherapy
* Suboptimal oral hygiene
* Previous Screening for Temporomandibular Joint disorders
* Concurrent oral or periodontal surgical procedures at implant sites"
12534733,"['Cerebral Oxygen Saturation', 'End-Tidal Carbon Dioxide Partial Pressure']",OBSERVATIONAL,ALL,18 Years,65 Years,"Inclusion Criteria:

* Age between 18 and 65 years
* Willingness to follow the study protocol

Exclusion Criteria:

* History of cerebrovascular diseases
* History of convulsions
* History of respiratory disease (pulmonary or inflammatory)
* History of ischemic heart disease
* Uncontrolled blood hypertension or diabetes
* Baseline O2 saturation of less than 94% while breathing room air
* Unable to continue wearing the mask during the study"
12399226,"['Mitral Annulus Calcification', 'Mitral Stenosis']",INTERVENTIONAL,ALL,18 Years,Not Specified,Not Specified
12700717,"['Benign Prostatic Hyperplasia', 'Prostate Cancer', 'Ultrasonography', 'Radiomics', 'Staging', 'Cancer']",INTERVENTIONAL,MALE,18 Years,80 Years,"Inclusion Criteria:

* Patients with a diagnosis of prostate cancer (PCa)
* Patients with stage T2c or T3b PCa
* Patients who have undergone TRUS-guided biopsies for PCa

Exclusion Criteria:

* Healthy male controls"
11973045,['Pain'],INTERVENTIONAL,ALL,18 Years,Not Specified,"Inclusion Criteria:

* RCTs comparing the intervention (PIP block) with either a placebo or no regional anesthesia
* Eligible studies involved cardiac surgeries with midline sternotomy
* Results presented in English

Exclusion Criteria:

* Studies involving patients under 18
* Studies that did not employ PIP blocks
* Studies with overlapping populations
* Studies that did not report at least one primary and secondary outcomes
* Non-randomized studies"
5907430,"['Breast Cancer', 'Cancer', 'Pain']",INTERVENTIONAL,ALL,18 Years,Not Specified,"Inclusion Criteria:

* Female patients undergoing breast surgery
* Studies reporting on the use of interfascial plane blocks for perioperative analgesia in patients undergoing breast surgery

Exclusion Criteria:

* Studies not reporting on the use of interfascial plane blocks for perioperative analgesia in patients undergoing breast surgery"
12697000,['Not Specified'],INTERVENTIONAL,ALL,18 Years,Not Specified,"Inclusion Criteria:

* Not specified in the article

Exclusion Criteria:

* Not specified in the article"
6783485,"['Radiology', 'Abdomen']",INTERVENTIONAL,ALL,18 Years,Not Specified,"Inclusion Criteria:

* Patients admitted to a 12-bed medical-surgical ICU and 8-bed stepdown unit in the Asociación Española Primera de Socorros Mutuos and Hospital Pasteur, Administración de Servicios de Salud del Estado hospitals
* Age equal to or above 18 years

Exclusion Criteria:

* Patients with more than 24 hours of hospitalization
* Patients considered with low likelihood of survival by the treating intensivist at ICU admission"
12078629,['Prematurity'],INTERVENTIONAL,ALL,18 Years,18 Years,"Inclusion Criteria:

* Parents of preterm infants born at less than 32 weeks gestational age
* Parents who are able to provide informed consent

Exclusion Criteria:

* Parents who are unable to communicate in English or Spanish"
10625150,"['lumbar lordosis', 'spinal anesthesia']",OBSERVATIONAL,ALL,18 Years,45 Years,"Inclusion Criteria:

* Patients who underwent surgery under spinal anesthesia
* Age between 18-45 years old
* American Society of Anesthesiologists physical status I-III

Exclusion Criteria:

* History of previous lumbar vertebral surgery
* Significant spinal anatomical abnormalities
* Allergy to ultrasound gel
* Body mass index (Body Mass Index) > 30 kg.m-2
* Those who presented a language barrier

* Subjects who did not want to participate"
10532641,"['Tongue Cancer', 'Cancer']",INTERVENTIONAL,ALL,18 Years,Not Specified,"Inclusion Criteria:

* Patients diagnosed with tongue squamous cell carcinoma (SCC) scheduled for surgical treatment at Rigshospitalet
* Age ≥ 18 years

Exclusion Criteria:

* Patients who do not meet the inclusion criteria
* Patients who decline to participate in the study"
12468648,['Intensive Care Units (ICUs)'],INTERVENTIONAL,ALL,18 Years,Not Specified,"Inclusion Criteria:

* Participants are bacterial colonies from a publicly available dataset of bacterial colonies.

Exclusion Criteria:

* Participants with abnormal imaging conditions or lower annotation quality"
12687616,['Pain'],INTERVENTIONAL,ALL,65 Years,Not Specified,"Inclusion Criteria:

* Patients undergoing elective hip arthroplasty at Anhui Medical University’s Fourth Affiliated Hospital
* Age ≥ 65 years
* Body Mass Index of 18.5–30 kg/m²
* American Society of Anesthesiologists grade II–III

Exclusion Criteria:

* Severe hematologic disease or coagulation abnormality
* Contraindication to general anesthesia
* Simultaneous surgery of both limbs
* History of allergy to local anesthetics
* Peripheral neurological disease
* Impaired communication
* Cognitive dysfunction
* Need for a nerve block for severe or compound trauma
* Moderate or severe pain in the PACU (Numerical Rating Scale score ≥ 7)
* Referral to the ICU after surgery
* Infection of the puncture site
* Serious adverse events during surgery
* Early withdrawal from the procedure for non-study-related reasons"
11535733,['erectile dysfunction (ED)'],INTERVENTIONAL,MALE,18 Years,99 Years,"Inclusion Criteria:

* Patients with mild to moderate ED as defined by the abridged IIEF-5, also known as the Sexual Health Inventory for Men (SHIM) score (1)
* Patients aged 18 years and above (2)

Exclusion Criteria:

* Patients with severe ED (3)
* Patients who are not able to provide written informed consent (4)"
12590770,"['Prognostic Factors', 'Epilepsy', 'Anxiety', 'Mood']",INTERVENTIONAL,ALL,18 Years,Not Specified,"Inclusion Criteria:

* Diagnosis of drug-resistant epilepsy (DRE)
* Not eligible for resective surgery due to the presence of multiple seizure foci or poor surgical prognosis

Exclusion Criteria:

* Refusal to participate in the study
* History of prior resective surgery or vagus nerve stimulation
* Follow-up duration less than 12 months
* Missing seizure diaries or incomplete neuropsychological assessments"
7231147,['gastrointestinal disease'],INTERVENTIONAL,ALL,18 Years,Not Specified,Not Specified
3625421,"['gastrointestinal dysfunction', 'mechanical ventilation', 'gastrointestinal failure', 'intra-abdominal pressures', 'organ dysfunction']",OBSERVATIONAL,ALL,18 Years,Not Specified,"Inclusion Criteria:

* Adult patients (18 years and older) with expected duration of mechanical ventilation (MV) of at least 6 hours
* Patients admitted to the ICU

Exclusion Criteria:

* Patients who were spontaneously breathing on admission day and required MV later during their ICU stay
* Patients in whom transvesical intra-abdominal pressure (IAP) measurements were not possible for any reason, such as previous cystectomy"
12681079,"['Cirrhosis', 'Stroke']",INTERVENTIONAL,ALL,80 Years,100 Years,"Inclusion Criteria:

* Patients who underwent transvenous lead extraction using specific International Classification of Diseases-10-PCS codes: 02PA3MZ, 02PA4MZ, and 02PAXMZ.
* Patients aged 80 years or older.

Exclusion Criteria:

* Patients who did not undergo transvenous lead extraction.
* Patients younger than 80 years old."
5964111,['Brain Diseases'],INTERVENTIONAL,ALL,8 Years,20 Years,"Inclusion Criteria:

* Male adult macaques (Macaca mulatta or Macaca fascicularis)
* Weight: 6-11 kg
* Age: 8-20 years
* Able to tolerate anesthesia or sedation

Exclusion Criteria:

* Female macaques
* Weight outside the range of 6-11 kg
* Age outside the range of 8-20 years
* Unable to tolerate anesthesia or sedation"
8580107,['Pain'],INTERVENTIONAL,ALL,18 Years,45 Years,"Inclusion Criteria:

* Postpartum women
* Diagnosis of pelvic girdle pain (PGP)
* Age 18-45 years

Exclusion Criteria:

* Non-postpartum women
* No diagnosis of PGP"
11476798,['Pain'],INTERVENTIONAL,ALL,18 Years,70 Years,"Inclusion Criteria:

* Age between 18 and 70 years
* Scheduled for elective lumbar spinal stabilization and fusion surgery with instrumentation
* American Society of Anesthesiologists physical status I-III
* Ability to provide informed consent

Exclusion Criteria:

* Known allergies to local anesthetics
* Coagulopathy or anticoagulant therapy
* Infection at the injection site
* Preexisting neurological disorders affecting sensory perception
* Pregnancy
* Inability to understand the visual analog scale (They should have a Visual Analog Scale) for pain assessment"
11807241,['Pain'],OBSERVATIONAL,ALL,18 Years,80 Years,"Inclusion Criteria:

* Age between 18 and 80 years
* American Society of Anesthesiologists (American Society of Anesthesiologists) physical status of I to III

Exclusion Criteria:

* Not specified"
11679272,"['Radiofrequency Ablation', 'Pain']",INTERVENTIONAL,ALL,18 Years,Not Specified,"Inclusion Criteria:

* Age ≥ 18 years
* Chronic low back pain persisting for at least 3 months despite conservative treatment
* Positive medial branch blocks
* No radicular pattern or neurologic symptoms in the lower extremity

Exclusion Criteria:

* Pregnant patients
* Patients on anticoagulant medication
* Patients with a systemic or local infection
* Patients with a pacemaker
* Patients who underwent more than one Radiofrequency ablation treatment
* Patients who did not provide informed consent
* Patients with incomplete data from pre-Radiofrequency ablation measurements or follow-up due to missed appointments"
10284040,['aortic valve stenosis'],INTERVENTIONAL,ALL,18 Years,80 Years,"Inclusion Criteria:

* Age ≥ 18 and ≤ 80 years
* Diagnosis of severe symptomatic aortic valve stenosis (Ankylosing Spondylitis) with a mean gradient ≥ 40 mmHg and/or aortic valve area (AVA) ≤ 1.0 cm²
* New York Heart Association (New York Heart Association) functional class II, III, or IV
* Ejection fraction (Ejection Fraction) ≥ 30%
* Left ventricular end-diastolic diameter (LVEDD) ≤ 70 mm
* Estimated glomerular filtration rate (Estimated Glomerular Filtration Rate) ≥ 30 mL/min/1.73 m²
* Ability to provide written informed consent

Exclusion Criteria:

* Pregnant or lactating women
* History of allergy to ultrasound contrast agents
* History of severe renal dysfunction (Estimated Glomerular Filtration Rate < 30 mL/min/1.73 m²)
* History of severe liver dysfunction (Child-Pugh class C)
* History of severe heart failure requiring mechanical circulatory support
* History of severe arrhythmia (e.g., atrial fibrillation with rapid ventricular response, ventricular tachycardia, or ventricular fibrillation)
* History of myocardial infarction within 6 months prior to enrollment
* History of stroke within 6 months prior to enrollment
* History of transient ischemic attack within 6 months prior to enrollment
* History of malignancy within 5 years prior to enrollment (except for non-melanoma skin cancer)
* History of bleeding diathesis or coagulopathy
* History of severe psychiatric illness
* Inability to undergo Magnetic Resonance Imaging scanning (e.g., due to implanted metal devices)
* Participation in another clinical trial within 30 days prior to enrollment"
12509261,['transfemoral cardiac catheterization'],INTERVENTIONAL,ALL,18 Years,Not Specified,"Inclusion Criteria:

* Patients scheduled for elective transfemoral procedure
* No acute coronary syndrome
* Palpable pulse in femoral artery

Exclusion Criteria:

* Patients with peripheral artery disease and no palpable pulse
* Patients presenting with acute coronary syndrome"
12655550,"['Heart Failure', 'Heart Disease']",INTERVENTIONAL,ALL,18 Years,Not Specified,"Inclusion Criteria:

* Pediatric patients
* Diagnosis of congenital heart disease and heart failure
* Articles published between 2000 and 2025
* English language articles or articles with an English abstract

Exclusion Criteria:

* Conference abstracts
* Case reports
* Editorials
* Non-English articles (unless an English abstract is available)"
7428099,['Upper Limb Surgery'],INTERVENTIONAL,ALL,18 Years,80 Years,"Inclusion Criteria:

* Patients undergoing upper limb surgery
* Age between 18 and 80 years
* Bodyweight over 50 kg
* American Society of Anesthesiologists physical status I, II, or III

Exclusion Criteria:

* Known history of chronic obstructive pulmonary disease
* Renal impairment
* Hepatic impairment
* Mental illness
* Allergy to ropivacaine
* Infection at the site of injection
* Coagulopathy
* Peripheral neuropathy"
12396039,"['lung adenocarcinoma', 'pleural metastasis', 'malignant pleural effusion (MPE)']",INTERVENTIONAL,ALL,6 Years,Not Specified,"Inclusion Criteria:

* Male C57BL/6 mice aged 6-8 weeks

Exclusion Criteria:

* Not specified"
10138008,"['Staging', 'Pain']",INTERVENTIONAL,ALL,18 Years,Not Specified,"Inclusion Criteria:

* Patients with a high suspicion or confirmed diagnosis of Patello-Femoral Syndrome (PFS) at the clinical examination
* Healthy controls

Exclusion Criteria:

* Patients who underwent knee surgery in the last 10 years
* Subjects with neurological or rheumatologic conditions
* Patients who underwent Magnetic Resonance Imaging examination and not US examination
* Diabetes
* Neoplasia
* Taking analgesic medications"
11316281,['Pain'],INTERVENTIONAL,ALL,18 Years,99 Years,"Inclusion Criteria:

* Diagnosis of end stage (Kellgren-Lawrence grade 4) knee osteoarthritis
* Treatment with primary Total Knee Arthroplasty (TKA)
* Willingness to participate in the study

Exclusion Criteria:

* Refusal to participate
* Underwent revision TKA
* Allergy to any of the painkillers used
* Contraindication to regional or spinal anesthesia
* Use of narcotic painkillers prior to surgery
* Sensory or motor neuropathy
* Cirrhosis of the liver
* Chronic renal failure"
12135639,['Heart Failure'],INTERVENTIONAL,ALL,18 Years,Not Specified,"Inclusion Criteria:

* Patients diagnosed with Acute Decompensated Heart Failure (ADHF) according to the American College of Cardiology, American Heart Association, and Heart Failure Society of America guidelines.
* Age 18 years or older.
* Clinical symptoms or signs of fluid overload, defined as having met at least two of the following criteria: (a) pitting edema 2+ of the lower extremities; (b) moist rales in the lungs; (c) jugular venous distention 10 cm; (d) pulmonary edema or pleural effusion on chest X-ray; (e) paroxysmal nocturnal dyspnea or two-pillow orthopnea; (f) congestive hepatomegaly or ascites; and (g) BNP 400 pg/mL.

Exclusion Criteria:

* Hematocrit (HCT) 45% or higher.
* Systolic blood pressure 90 mmHg or lower and poor peripheral circulation.
* Contraindications to heparin anticoagulation.
* Renal insufficiency with a serum creatine 3.0 mg/dL or planned renal replacement therapies.
* Acute coronary syndromes.
* Life-threatening organ dysfunction caused by a dysregulated host response to infection.
* Active myocarditis.
* Patients with heart failure attributed to restrictive or hypertrophic cardiomyopathy or uncorrected valvular stenotic disease.
* Infection.
* Malignancies.
* Systemic immune disease.
* Unwillingness to cooperate.
* Withdrawal from the study or death."
8641363,"['COVID-19', 'ARDS']",OBSERVATIONAL,ALL,18 Years,99 Years,"Inclusion Criteria:

* Patients with COVID-19–related acute respiratory distress syndrome (ARDS)
* Received an LUS within first 5 days after invasive ventilation initiation but before extubation

Exclusion Criteria:

* Patients who received a LUS while supported with extracorporeal membrane oxygenation"
12562578,"['Left Ventricular Ejection Fraction', 'Echocardiography', 'Overweight']",OBSERVATIONAL,ALL,18 Years,18 Years,"Inclusion Criteria:

* Pediatric patients admitted to the Pediatric Cardiology Department of the Emergency Institute for Cardiovascular Diseases and Transplantation, Târgu Mureș, Romania with a diagnosis of Multisystem Inflammatory Syndrome in Children (MIS-C) with associated cardiac manifestations between September 2020 and January 2024

Exclusion Criteria:

* Children with alternative causes of systemic inflammation, including those with clinical or biological evidence of sepsis
* Exclusion criteria comprised a procalcitonin level of >2 ng/mL in the presence of systemic inflammatory response syndrome criteria, as well as positive blood cultures when available, in order to minimize confounding from septic cardiomyopathy"
12678636,"['Musculoskeletal Diseases', 'Ankylosing Spondylitis', 'Rheumatoid Arthritis', 'Osteoarthritis', 'Inflammation']",INTERVENTIONAL,ALL,18 Years,65 Years,"Inclusion Criteria:

* Healthy volunteers between the ages of 18 and 65 years
* Able to provide written informed consent

Exclusion Criteria:

* History of any musculoskeletal disease
* Current or previous treatment for any musculoskeletal disease
* Pregnant or lactating women
* Known allergy to any study medication or excipients
* History of any significant medical or surgical condition that may affect study participation or interpretation of results
* Current use of any medication that may affect bone metabolism or immune function
* History of alcohol or substance abuse
* Participation in another clinical trial within the past 30 days"
12142901,"['Comfort', 'Pain']",INTERVENTIONAL,ALL,18 Years,99 Years,"Inclusion Criteria:

* Patients who underwent their initial ACLR surgery;
* Studies reporting that undergoing initial ACLR surgery with Local Infiltration Analgesia (LIA) and Femoral Nerve Block (FNB);
* Studies about pain-related outcomes at rest with pain scores (pain scores which reported as verbal, visual or numerical rating scales [Numerical Rating Scale] were all converted to a standardised 0–10 scale, known as visual analog scale [They should have a Visual Analog Scale], in the same way, if using a They should have a Visual Analog Scale of 0–100 mm for pain assessment, it was also converted to a 0–10 scale) [];
* Level 1 RCTs studies.

Exclusion Criteria:

* Non-English articles;
* Level 2–5 evidence studies;
* Studies that examined outcomes in patients treated with combined anesthesia;
* Studies that provided postoperative LIA;
* Studies that did not report results within 24 h after surgery;
* Studies with a sample size of fewer than five patients;
* Studies that had only abstracts but no full texts."
11273703,"['Mediastinal Lymphadenopathy', 'Hemorrhage']",OBSERVATIONAL,ALL,18 Years,Not Specified,"Inclusion Criteria:

* Patients who have suffered blunt chest trauma
* Patients presenting with findings ranging from mild dyspnea to life-threatening respiratory failure and hemodynamic instability

Exclusion Criteria:

* Not specified"
12506423,"['Cervical Cancer', 'Breast Cancer', 'Cancer']",INTERVENTIONAL,FEMALE,35 Years,69 Years,"Inclusion Criteria:

* Age between 35 and 69 years
* Participants attending the Chinese 'Two Cancer (breast and cervical cancer) Screening' program
* No history of breast cancer or any other cancers in the previous 5 years
* No serious cardiopulmonary insufficiency, liver or kidney insufficiency, or other systemic diseases
* Life expectancy of more than five years

Exclusion Criteria:

* Not applicable"
12598225,"['Subscapularis failure', 'Subscapularis insufficiency', 'Anatomic total shoulder arthroplasty']",INTERVENTIONAL,ALL,18 Years,99 Years,"Inclusion Criteria:

* Patients with a diagnosis of primary osteoarthritis of the shoulder requiring total shoulder arthroplasty
* Patients who require subscapularis repair during total shoulder arthroplasty
* Patients who are able to provide written informed consent

Exclusion Criteria:

* Patients with a history of previous shoulder surgery or trauma
* Patients with a history of rheumatoid arthritis or other inflammatory arthropathies
* Patients with a history of infection or malignancy in the affected shoulder
* Patients with a history of allergy to the materials used in the subscapularis repair technique (e.g., suture tape, anchor, allograft)"
12464049,"['Early-stage Breast Cancer', 'Breast Cancer', 'Cancer']",INTERVENTIONAL,FEMALE,18 Years,75 Years,"Inclusion Criteria:

* patients with early breast cancer (eBC) with small- to medium- breast size and mild to moderate ptosis;
* patients with a follow-up period ranging from 6 to 18 months (median follow-up 11 months);
* patients who underwent Oncoplastic Breast Surgery (OBS) using an Ultrasound (US)-assisted periareolar approach.

Exclusion Criteria:

* patients with pathological skin involvement;
* tumors located more than 8 cm far from the nipple-areola complex;
* patients with a follow-up period less than 6 months or more than 18 months"
12595635,"['post-extubation inspiratory muscle weakness', 'ICU-acquired weakness', 'prolonged mechanical ventilation', 'inspiratory muscle weakness']",OBSERVATIONAL,ALL,18 Years,Not Specified,"Inclusion Criteria:

* Age equal to or greater than 18 years
* Hospitalization in an adult ICU
* Extubation after ≥ 7 days of mechanical ventilation (MV)
* Documented inspiratory muscle weakness (IMW), defined as Maximal Inspiratory Pressure (MIP) ≤ 30 cmH2O within 48 hours post planned extubation

Exclusion Criteria:

* Absence of consent
* Recent solid organ transplantation
* Primary neurological disorders
* Major burns
* Palliative care or planned therapeutic withdrawal
* Laryngeal oedema
* Continuous dependence on non-invasive ventilation or significant hemodynamic instability
* Data from patients who did not sign post-hoc consent"
5370326,"['Peribulbar Block', 'Ophthalmic Surgeries', 'ASA grade I', 'ASA grade II']",INTERVENTIONAL,ALL,15 Years,Not Specified,"Inclusion Criteria:

* Age greater than 15 years
* American Society of Anesthesiologists grade I and II
* Patients undergoing ophthalmic surgeries

Exclusion Criteria:

* Coagulation abnormalities
* Known allergic reaction to the study drugs
* Local infection at the puncture site
* Impaired orbital and periorbital sensation
* Complicated vitreous hemorrhage
* Extensive epiretinal membrane
* Dropped nucleus or intraocular lens
* Posterior staphyloma
* Axial length more than 28 mm
* Patient's refusal"
11897065,"['Robotic radical prostatectomy', 'Lung ultrasound score (LUS)', 'Respiratory outcomes', 'Intubation', 'Extubation', 'Intensive care unit (ICU) admission', 'Postoperative pulmonary complication']",INTERVENTIONAL,MALE,18 Years,99 Years,"Inclusion Criteria:

* Adult patients with American Society of Anesthesiologists Physical Status (American Society of Anesthesiologists) I to II
* Scheduled for robotic radical prostatectomy surgery and provided consent
* No preexisting lung or cardiac pathology

Exclusion Criteria:

* Severe heart failure (patients with ejection fraction lower than 40%)
* Pulmonary hypertension (Pulmonary artery pressure higher than 40 mmHg)
* Increased intracranial hypertension syndrome"
12647274,['Pain'],INTERVENTIONAL,ALL,20 Years,70 Years,"Inclusion Criteria:

* Age between 20 and 70 years
* Unilateral cervical radicular pain due to cervical disc prolapse affecting a single nerve root
* Clinical examination showing pain following a dermatomal pattern
* Cervical magnetic resonance imaging (Magnetic Resonance Imaging) revealing a unilateral single-level disc bulge affecting a single cervical nerve root
* Nerve conduction studies and electromyography findings indicating abnormalities consistent with proximal nerve involvement
* Not improved after 12 weeks of conservative treatments, including medications and physiotherapy
* Provided informed consent

Exclusion Criteria:

* Axial neck pain without radicular symptoms
* Previous cervical spine surgery
* Cervical myelopathy
* Motor neurological deficits
* Radicular pain from multiple cervical discs prolapse levels
* Pregnancy"
12611513,['Pain'],INTERVENTIONAL,ALL,18 Years,90 Years,"Inclusion Criteria:

* Age ≥ 18 years
* Diagnosis of scapular fracture or tumor requiring surgery
* Able to provide written informed consent

Exclusion Criteria:

* Age < 18 years
* Unwilling or unable to provide written informed consent
* Pregnant or breastfeeding women
* Patients with a history of allergic reactions to local anesthetics or other medications used in the study
* Patients with a history of neurological disorders affecting the scapular region
* Patients with a history of bleeding disorders or coagulopathies
* Patients with a history of severe cardiovascular or respiratory diseases
* Patients with a history of severe renal or hepatic impairment
* Patients with a history of psychiatric disorders or substance abuse
* Patients with a history of malignant tumors other than scapular tumors
* Patients with a history of previous surgery in the scapular region"
12540638,['Pain'],INTERVENTIONAL,ALL,18 Years,Not Specified,"Inclusion Criteria:

* Prospective, randomized design comparing outcomes relevant to TAP block versus control in the laparoscopic sleeve gastrectomy peri-operative setting.
* Studies in English language.

Exclusion Criteria:

* Studies not meeting the inclusion criteria"
6004341,['mechanical ventilation (MV)'],OBSERVATIONAL,ALL,18 Years,Not Specified,"Inclusion Criteria:

* Patients on mechanical ventilation who have been on the ventilator for more than 24 hours and are ready for weaning

Exclusion Criteria:

* Spinal cord injury higher than T8"
12700708,['Ultrasonography'],OBSERVATIONAL,ALL,18 Years,Not Specified,"Inclusion Criteria:

* Patients diagnosed with a radial head fracture in the emergency department between January 2021 and November 2022.

Exclusion Criteria:

* Patients who did not receive both point-of-care ultrasonography and cone beam computed tomography."
12530971,['Obesity'],INTERVENTIONAL,ALL,65 Years,88 Years,"Inclusion Criteria:

* Age ≥ 65 years
* Diagnosis of sarcopenic obesity according to Asian criteria
* Ability to walk independently for more than 20 meters
* Ability to understand instructions and cooperate

Exclusion Criteria:

* Severe heart or lung diseases (New York Heart Association III-IV or GOLD 3-4)
* Neurological diseases (such as stroke, Parkinson's disease, Alzheimer's disease with H&Y ≥ 3)
* Presence of electronic devices (such as pacemakers, implantable cardioverter-defibrillators)
* Allergies to HMB or other exclusion criteria for HMB use (such as uremia, severe liver dysfunction)
* Participation in other clinical trials within the past 3 months"
4742471,['Ultrasonography'],OBSERVATIONAL,ALL,18 Years,Not Specified,"Inclusion Criteria:

* Prior obstetric history
* Underwent elective cerclage operation between 14 to 19 weeks of gestation

Exclusion Criteria:

* Twin pregnancies (n=4)
* Transferred after cerclage (n=13)
* Re-cerclage operation receivers (n=2) in one pregnancy"
9644364,['Heart Failure'],INTERVENTIONAL,ALL,75 Years,75 Years,"Inclusion Criteria:

* Hospitalization of 24 hours or more for decompensated heart failure (Heart Failure) defined as new onset of symptoms or worsening of previous symptoms (including orthopnoea, progression to functional class New York Heart Association III–IV, bendopnoea or fatigue) or signs of volume overload.
* Jugular venous distension, hepatojugular reflux, lower extremity oedema or signs of pulmonary congestion.
* Chest X-ray with signs suggestive of pulmonary congestion.
* Elevated pro-B-type natriuretic peptide levels of 450 pg/mL, 900 pg/mL and 1800 pg/mL for ages <50 years, 50–75 years and >75 years, respectively, within 24 hours of admission.
* Sufficient ultrasound visualisation to assess inferior vena cava and lungs.

Exclusion Criteria:

* Not willing to participate.
* Life expectancy of less than 6 months.
* Uninterpretable lung or inferior vena cava ultrasound.
* Transfer to another hospital before hospital discharge.
* Systolic blood pressure <90 mm Hg.
* Chronic kidney disease (creatinine clearance <30 mL/min calculated with the Modification of Diet in Renal Disease (Modification of Diet in Renal Disease) study equation or haemodialysis).
* Requirement for invasive or non-invasive ventilator support.
* Pregnancy.
* Low cardiac output syndrome/cardiogenic shock.
* Death during index hospitalisation.
* Acute coronary syndrome, myocardial revascularisation or heart valve replacement within the previous 3 months.
* Being on heart transplant waiting list.
* Cardiac resynchronisation therapy device implanted within the previous 3 months.
* Severe tricuspid valve regurgitation.
* Heart Failure secondary to causes amenable to invasive correction: cardiac surgery, percutaneous interventions or pacemaker implantation.
* Heart Failure secondary to significant arrhythmias (advanced atrioventricular block or sinus arrest, sustained ventricular tachycardia or any sustained arrhythmia other than atrial fibrillation causing haemodynamic instability according to the discretion of the treating physician).
* Heart Failure secondary to severe systemic infection.
* Severe psychiatric illness.
* Palliative care.
* SARS-CoV-2 infection."
12654764,"['Radiofrequency Ablation', 'Metabolic Syndrome', 'Thyroid Nodule', 'Obesity']",INTERVENTIONAL,ALL,18 Years,Not Specified,"Inclusion Criteria:

* age ≥ 18 years
* benign diagnosis of thyroid nodule confirmed by at least two ultrasound-guided fine-needle aspirations or core biopsies
* symptomatic nodules causing compressive symptoms, cosmetic concerns, or malignancies where surgery is contraindicated or refused
* patients who are unsuitable for, decline, or are participating in clinical studies involving other thermal ablation modalities

Exclusion Criteria:

* studies published in languages other than English
* reviews, conference abstracts, editorials, and single case reports with fewer than 10 patients"
12697432,"['Ultrasonography', 'Obesity']",INTERVENTIONAL,ALL,18 Years,Not Specified,"Inclusion Criteria:

* Patients aged 18 years and older
* Body Mass Index exceeding 35 kg/m2
* Scheduled for elective surgeries under general anaesthesia with endotracheal intubation

Exclusion Criteria:

* Patients meeting specific exclusion criteria (refusal to participate, pregnancy, upper airway pathology, cervical spine injuries, presence of a full stomach at the time of surgery, hiatus hernia and gastroesophageal reflux disease (GERD))"
11697622,['Pain'],INTERVENTIONAL,FEMALE,18 Years,Not Specified,"Inclusion Criteria:

* Patients who visited shoulder outpatient clinics at two tertiary medical centers in South Korea between September 2022 and October 2023
* Age ≥ 18 years
* Shoulder pain that required an examination due to a suspected rotator cuff lesion or injury
* At least three of the five tests (Hawkins, Neer, painful arc between 60 and 120° of abduction, empty can, and resistance external rotation) that were positive
* Significant pain on a visual analog scale (They should have a Visual Analog Scale) of 30 mm or more during activity
* Shoulder pain for more than three months

Exclusion Criteria:

* Definite partial or full-thickness tears of the rotator cuff on ultrasonography
* Other shoulder conditions such as frozen shoulder, rheumatoid arthritis, and osteoarthritis
* Received medication or injections related to shoulder pain
* A history of shoulder surgery
* Pregnant
* Psychiatric disorders"
11095191,['Pain'],INTERVENTIONAL,ALL,18 Years,Not Specified,"Inclusion Criteria:

* Patients of either sex who were clinically diagnosed with Greater Trochanteric Pain Syndrome (GTPS)
* Lateral hip pain localized to the greater trochanter at the screening visit
* Body mass index (Body Mass Index) value between 20 and 35 kg/m2
* No improvement with physical therapy

Exclusion Criteria:

* Patients who had corticosteroid injections in the previous 6 months
* Systemic autoimmune rheumatologic conditions
* Poorly controlled diabetes mellitus (glycosylated hemoglobin >9%)
* Blood disorders
* Severe heart diseases
* Active cancer or cancer diagnosis in the last 5 years
* Analytical diagnosis of hepatitis B, C, or human immunodeficiency virus infection
* Pregnant or lactating women
* Refrain from using any other therapy"
11988711,"['Hemorrhage', 'Neoplasms']",INTERVENTIONAL,ALL,18 Years,18 Years,"Inclusion Criteria:

* Female patients aged 0-18 years
* Diagnosis of ovarian cyst, mass, or complications
* Ability to provide written informed consent

Exclusion Criteria:

* Known malignancy of the ovarian cyst or mass
* Pregnancy
* Inability to undergo imaging studies (ultrasound, Magnetic Resonance Imaging, or CT) or blood tests (AFP, Lumbar Disc Herniation, β-hCG, CA-125, inhibin A and B) due to medical contraindications"
12590548,['Not Specified'],INTERVENTIONAL,ALL,18 Years,Not Specified,"Inclusion Criteria:

* Researchers with experience in ultrasound imaging and microbubble technology

Exclusion Criteria:

* No specific exclusion criteria mentioned in the article"
12541851,['thoracoscopic surgery'],INTERVENTIONAL,ALL,18 Years,75 Years,"Inclusion Criteria:

* Age between 18 and 75 years
* Undergoing thoracoscopic surgery
* At least one blood vessel requiring sealing, as determined by preoperative computed tomography (CT) images
* Blood vessel diameter greater than 5 mm but less than or equal to 7 mm on CT images

Exclusion Criteria:

* Prothrombin time longer than 5 s
* Body mass index (Body Mass Index) ≥ 35.0 kg/m²
* Blood vessel involved by tumor
* Anatomic variations, malformations, or calcifications of the blood vessels that could affect the dissection or ligation of the blood vessels
* Preoperative chemotherapy or radiotherapy
* Fasting plasma glucose ≥11.1 mmol/L
* Hypertension patients with poorly controlled blood pressures and a stable pressure of 140/90 mmHg or above after taking medications
* Pregnant or lactating women, or women planning to get pregnant during the clinical study"
12630327,['Hereditary Renal Cell Carcinoma'],INTERVENTIONAL,ALL,18 Years,46 Years,"Inclusion Criteria:

* Patients with a diagnosis of renal cell carcinoma
* Patients with a family history of renal cell carcinoma
* Patients with a personal or family history of classic syndromic features associated with hereditary renal carcinoma
* Patients who have undergone somatic tumour testing and have a variant in a gene associated with hereditary cancer syndromes

Exclusion Criteria:

* Patients with a diagnosis of renal cell carcinoma who are not willing to undergo genetic testing"
9061797,['American Society of Anesthesiologists Physical Status Classification (ASA)'],OBSERVATIONAL,ALL,18 Years,Not Specified,"Inclusion Criteria:

* Patients aged 18 years old and above
* Undergoing elective surgery under general or regional anesthesia or monitored anesthesia care between January 2017 and December 2019

Exclusion Criteria:

* Patients who underwent cardiothoracic surgery, transplant surgery, or surgery for burns injuries
* Patients with a missing American Society of Anesthesiologists class by either the surgeon or anesthesiologist
* Patients assigned an American Society of Anesthesiologists class of 5 or 6 by either the surgeon or anesthesiologist
* Patients with incomplete anesthesiologist American Society of Anesthesiologists class (Fig. )"
11829684,"['Regional anesthesia', 'Fascia iliaca compartment blockade (FICB)', 'Suprainguinal fascia iliaca (SIFI) block', 'Hip surgery', 'Thigh surgery', 'Femur surgery']",INTERVENTIONAL,ALL,6 Years,14 Years,"Inclusion Criteria:

* Patients undergoing surgery for developmental dysplasia of the hip
* Patients who received a suprainguinal fascia iliaca block (SIFI block)

Exclusion Criteria:

* Patients who received a psoas compartment block (PCB) instead of SIFI block"
7091518,['Pain'],INTERVENTIONAL,ALL,18 Years,Not Specified,"Inclusion Criteria:

* Patients with hip fractures
* Age 18 years or older

Exclusion Criteria:

* No specific exclusion criteria mentioned in the article"
5330007,['Pneumothorax'],OBSERVATIONAL,ALL,18 Years,Not Specified,"Inclusion Criteria:

* Patients admitted with chest trauma and rib fractures without concomitant severe brain, splenic, pelvic or liver injuries.
* Patients who underwent whole body computed tomography (CT) if they suffered from major trauma mechanisms (high-speed motor vehicle accident, pedestrian run over by a vehicle, thrown from car, etc.) and had no absolute contraindication.
* Patients who had a positive chest injury finding (e.g. flail chest, multiple rib fractures, respiratory distress, and unstable vital signs) were admitted to the intensive care unit (ICU).

Exclusion Criteria:

* Patients with concomitant severe brain injury, severe splenic injury, severe pelvic injury or severe liver injury (defined as Abbreviated Injury Scale ≥ 4)"
12693418,"['Cervical insufficiency', 'pregnancies', 'second-trimester loss', 'spontaneous preterm birth', 'preterm birth']",INTERVENTIONAL,FEMALE,18 Years,45 Years,"Inclusion Criteria:

* Studies published in English
* Randomized controlled trials (RCTs), meta-analyses, systematic reviews, large prospective cohorts, or authoritative clinical guidelines
* Addressing singleton or multiple gestations with cervical insufficiency or short cervix
* Evaluating management strategies including cerclage, pessary, progesterone, or expectant management

Exclusion Criteria:

* Case reports or small case series (n < 20)
* Lacked adequate methodological description
* Focused exclusively on non-cervical causes of preterm birth"
12351347,"['Virtual Reality', 'Learning']",INTERVENTIONAL,ALL,18 Years,Not Specified,"Inclusion Criteria:

* Use of innovative technologies (artificial intelligence [AI], augmented reality [AR], or virtual reality [VR]) in regional anaesthesia education or training
* Any anaesthetist or anaesthesiologist (includes those enrolled in a postgraduate medical training program)
* Reports of quantitative, qualitative, or mixed-methods studies of any design, including systematic reviews and grey literature
* No limitations on publication date or duration of intervention

Exclusion Criteria:

* Full text unavailable in English
* Inadequate data reported (e.g. intervention, outcome, or population not clearly defined)"
12053316,['Atrial Fibrillation'],OBSERVATIONAL,ALL,18 Years,90 Years,"Inclusion Criteria:

* Diagnosis of Atrial Fibrillation (Atrial Fibrillation)
* Age ≥ 18 years
* Prior catheter ablation (CA) for Atrial Fibrillation
* Documented Atrial Tachyarrhythmias (ATa) during the blanking period (BP) of the initial CA
* Severe symptoms related to ATa episodes (European Heart Rhythm Association (European Heart Rhythm Association) 3-4)

Exclusion Criteria:

* Age < 18 years
* No prior catheter ablation for Atrial Fibrillation
* No documented Atrial Tachyarrhythmias during the blanking period
* European Heart Rhythm Association 2 symptoms or asymptomatic patients
* Patients with tachycardia-induced cardiomyopathy who are not severely symptomatic (European Heart Rhythm Association 3-4)
* Patients who do not require electrophysiological study (EPS) and/or redo CA due to ATa episodes"
12608985,"['Pancreatic Cancer', 'Cancer']",INTERVENTIONAL,ALL,18 Years,Not Specified,Not Specified
11671082,['Thoracic CT Imaging'],INTERVENTIONAL,ALL,18 Years,4 Years,"Inclusion Criteria:

* Patients aged 0-4 years
* Undergoing thoracic CT scan

Exclusion Criteria:

* Intensive care unit patients whose care is provided by critical care providers
* Patients with tracheostomy tube"
12604609,"['Endotension', 'Aneurysm', 'Endoleak', 'Endovascular Aneurysm Repair (EVAR)']",OBSERVATIONAL,ALL,18 Years,100 Years,"Inclusion Criteria:

* Patients who underwent endovascular aneurysm repair (EVAR) at a regional vascular referral center between January 2009 and December 2019
* Demonstrated progressive aneurysm sac expansion (>5 mm) on at least two consecutive computed tomography angiography (CTA) scans without a radiologically demonstrable endoleak (types I-IV)

Exclusion Criteria:

* Aneurysm sac expansion attributable to other endoleak types
* Incomplete imaging records
* Lost to follow-up
* Confirmed graft infection"
12669431,"['Deep Vein Thrombosis', 'COVID‐19 Pneumonia', 'Venous Thromboembolism', 'DVT']",OBSERVATIONAL,ALL,18 Years,Not Specified,"Inclusion Criteria:

* Participants with COVID-19 pneumonia
* Hospitalized in the intensive care unit (ICU) of the Evandro Chagas National Institute of Infectious Diseases
* Age ≥18 years
* Ability to provide written informed consent

Exclusion Criteria:

* Patients without suspected, probable, or confirmed SARS-CoV-2 infection according to the World Health Organization COVID-19 guidelines
* Patients who were vaccinated against COVID-19"
9600626,['Pain'],OBSERVATIONAL,ALL,18 Years,18 Years,"Inclusion Criteria:

* Age between 0 and 18 years
* Trauma to the upper extremities with suspected fracture of a long-bone
* Clinical suspicion of a long-bone fracture of the upper extremity
* Availability of a study investigator to perform the POCUS examination within a reasonable time frame (15 min)

Exclusion Criteria:

* Patients needing immediate medical attention (Australasian Triage Score: score 1 or 2)
* Severely displaced or open fractures
* Fractures complicated by neurovascular compromise distally to the injured region
* Patients for whom imaging studies were obtained before the ER visit
* Patients with a recent history of prior fracture of the injured area
* Patients with known allergy to ultrasound gel
* Patient with suspected ‘battered child’ syndrome
* Unavailability of a study investigator able to perform the POCUS examination within a reasonable time frame (15 min)"
6967358,['Pain'],INTERVENTIONAL,ALL,18 Years,80 Years,"Inclusion Criteria:

* Patients with American Society of Anaesthesiologists' physical status 1 or 2
* Undergoing elective total thyroidectomy
* Age 18-80 years

Exclusion Criteria:

* Known bleeding diathesis
* History of allergy to local anesthetics
* Known diaphragmatic motion abnormalities"
3429966,['Pain'],INTERVENTIONAL,ALL,18 Years,24 Years,"Inclusion Criteria:

* Patients undergoing surgery for third molar extraction in the Department of Oral and Maxillofacial Surgery, Faculty of Dentistry, Tabriz University of Medical Sciences, Tabriz, Iran
* Age between 18 and 24 years
* Bilateral impacted lower third molars (class B and 2 of Pell & Gregory classification)
* No systemic disease
* No history of allergic reactions to local anesthetic agents
* Equal numbers of males and females

Exclusion Criteria:

* Patients who used analgesics, since variability in the effects of drugs on subsequent pain levels could not be assessed accurately"
10828124,"['Cancer', 'Pain']",INTERVENTIONAL,MALE,18 Years,80 Years,"Inclusion Criteria:

* Comparison of Urethral Catheterization (Ulcerative Colitis) with Suprapubic Catheterization (SPC) in prostate cancer patients
* Studies restricted to humans and sex (men)
* Minimally invasive prostatic carcinoma therapy, including robotic or laparoscopy

Exclusion Criteria:

* Conference summaries, case reports, correspondence or comments were not included in the analysis
* No comparison was made between Ulcerative Colitis and SPC catheterization on injury after surgery"
8125558,['Pain'],INTERVENTIONAL,ALL,18 Years,Not Specified,"Inclusion Criteria:

* Patients with chronic unilateral elbow pain
* Age ≥ 18 years

Exclusion Criteria:

* Patients with radicular pain
* Any previous surgery or acute trauma in the upper extremity
* Bilateral symptoms
* Electrophysiological findings referable to another peripheral nerve
* Currently taking medication or receiving physiotherapeutic treatment (massage, therapeutic exercise and electrotherapy) (before and during the study)
* Patients exercising during treatment"
12646828,['Ultrasonography'],INTERVENTIONAL,ALL,18 Years,Not Specified,"Inclusion Criteria:

* Patients over the age of 18 who are at risk of malnutrition
* Patients recruited from the Endocrinology and Nutrition Service of the University Clinic Hospital of Valladolid, Spain, between January 2021 and September 2024
* Signed informed consent obtained from all eligible participants prior to enrolment

Exclusion Criteria:

* Stage IV or higher chronic kidney disease
* Uncontrolled liver disease
* Terminal oncologic conditions
* Refusal to sign the informed consent"
12692212,"['Aortic Valve Disease', 'Atherosclerosis', 'Myocardial Infarction']",INTERVENTIONAL,ALL,18 Years,Not Specified,"Inclusion Criteria:

* Patients with myocardial infarction admitted to the Research Institute for Complex Issues of Cardiovascular Diseases (Kemerovo, Russia)

Exclusion Criteria:

* No specific inclusion or exclusion criteria mentioned in the article"
11642398,['Ultrasonography'],OBSERVATIONAL,ALL,18 Years,Not Specified,"Inclusion Criteria:

* Patients undergoing elective intra-abdominal surgery at Soroka Medical Center between April 2022 and September 2022
* Age ≥ 18 years
* American Society of Anesthesiologists class I, II, or III
* No severe pulmonary or cardiac diseases

Exclusion Criteria:

* Pre-existing moderate or severe heart or lung disease
* History of ischemic heart disease
* Moderate or severe systolic or diastolic heart failure
* Moderate or severe pulmonary hypertension
* Moderate or severe obstructive or interstitial lung disease
* Severe intraoperative pulmonary complication (laryngospasm, bronchospasm, anaphylaxis, emergency surgical airway)
* Required unplanned long-term mechanical ventilation
* Died during surgery"
10517529,"['central venous cannulation (CVC)', 'internal jugular vein cannulation (IJVC)', 'femoral vein cannulation (FVC)']",INTERVENTIONAL,ALL,13 Years,104 Years,"Inclusion Criteria:

* Patients diagnosed with a critical illness requiring central venous catheterization (CVC).
* Patients who provided written informed consent.

Exclusion Criteria:

* Not specified in the article"
12479773,['Pain'],INTERVENTIONAL,ALL,20 Years,70 Years,"Inclusion Criteria:

1. Diagnosis of Myofascial Pain Syndrome (MPS) in the upper trapezius;
2. Presence of active Myofascial Trigger Points (MTrPs) within the upper trapezius identified according to the Simon criteria:
   a. Presence of a palpable taut band in the upper trapezius;
   b. Presence of an excessive MTrPs in the taut band;
   c. Local twitch response elicited by the snapping palpation of the taut band (where palpation is possible);
   d. Referred pain due to MTrPs compression.

Exclusion Criteria:

1. Clinical signs of cervical radiculopathy;
2. A history of neck trauma (whiplash, vertebral fractures) or prior cervical surgical interventions;
3. Fibromyalgia syndrome;
4. Coexisting nausea, vomiting, or vertigo;
5. Received therapeutic nerve blocks or botulinum toxin administration within the preceding 12 months."
6800496,['Pain'],INTERVENTIONAL,ALL,18 Years,70 Years,"Inclusion Criteria:

* Age between 18 and 70 years
* Scheduled for elective laparoscopic radical or partial nephrectomy through the retroperitoneal approach
* Able to communicate and understand the numeric rating scale (Numerical Rating Scale) and patient-controlled analgesia (Principal component analysis) device

Exclusion Criteria:

* Chronic opioid addiction and/or use of other analgesic drugs for more than 3 months
* Inability to communicate due to severe dementia, language barrier, or end-stage disease
* Allergic to local anesthetics
* Nerve block contraindication such as infection in the puncture site or severe coagulation dysfunction
* Refusal to participate in the study"
7448324,['Pain'],OBSERVATIONAL,ALL,18 Years,Not Specified,"Inclusion Criteria:

* Patients diagnosed with a distal radius fracture
* Patients who underwent surgery

Exclusion Criteria:

* Patients initially treated at an outside facility
* Patients who did not undergo closed reduction manoeuvres in the A&E
* Patients admitted straight to the emergency operating theatre
* Patients treated conservatively by casting alone"
7811728,['pancreatobiliary diseases'],INTERVENTIONAL,ALL,18 Years,75 Years,"Inclusion Criteria:

* Advanced endoscopy trainees (AETs) from the endoscopy centers of Hubei hospital who have less experience in Clinical Utility of Endoscopic Ultrasound

Exclusion Criteria:

* AETs who have no hands-on participation in Clinical Utility of Endoscopic Ultrasound procedures"
12411160,['Ultrasonography'],INTERVENTIONAL,FEMALE,34 Years,39 Years,"Inclusion Criteria:

* Caucasian women
* Age between 34 and 39 years
* Body mass index (Body Mass Index) within 18 and 27 kg/m2
* Normal hypothalamic-pituitary-gonadal function
* Basal serum FSH levels below 8 IU/L
* Normal ovarian reserve, established as AFC between 8 and 16
* First OS cycle
* Indication to either IVF or intracytoplasmic sperm injection (ICSI)
* Willingness to participate and signed informed consent

Exclusion Criteria:

* Patients with ovarian cysts > 12 mm found at the first OS day
* Polycystic ovary syndrome (Polycystic ovary syndrome) determined by Rotterdam criteria
* Poor ovarian response according to ESHRE criteria
* Endometriosis at stage III-IV of the American Society for Reproductive Medicine (ASRM) revised classification
* Unwillingness to participate or inability to provide informed consent"
12691144,"['Muscular Atrophy', 'Stress']",INTERVENTIONAL,ALL,18 Years,Not Specified,"Inclusion Criteria:

* Mice with a diagnosis of late-onset Spinal Muscular Atrophy (SMA) (FVB.Cg-Smn1tm1HungTg(SMN2)2Hung/J; Jackson Laboratory #005058)
* Wild-type (WT) FVB/N mice used as controls and for culture experiments

Exclusion Criteria:

* Mice with a diagnosis other than late-onset SMA
* Mice with a history of any other significant neurological or psychiatric conditions"
6944786,['Pain'],INTERVENTIONAL,ALL,18 Years,Not Specified,"Inclusion Criteria:

* Patients who underwent Pudendal Neuralgia Infiltration (PNI) for a therapeutic purpose in University of Health Sciences, Derince Training and Research Hospital between November 2016 and September 2017.
* Patients who had a prediagnosis of unilateral Pudendal Neuralgia by a senior neuropelveologist (AK) and had a 50% reduction in pain intensity while in the sitting position after the diagnostic PNI and fulfilled the 5 essential Nantes criteria.

Exclusion Criteria:

* Patients who were virgin and/or sexual inactive
* Patients who did not have a diagnostic PNI negativity"
4247231,['Difficult Laryngoscopy'],INTERVENTIONAL,ALL,20 Years,65 Years,"Inclusion Criteria:

* American Society of Anesthesiologists Grade I and II adult patients undergoing elective surgeries and receiving general anesthesia

Exclusion Criteria:

* Patients who had facial, cervical, pharyngeal and epiglottis surgical or trauma history
* Patients with most teeth lost
* Patients with arthritis"
11011777,"['Lung Diseases', 'Inflammation']",OBSERVATIONAL,ALL,18 Years,80 Years,"Inclusion Criteria:

* Age ≥ 18 years and ≤ 80 years
* Diagnosis of Idiopathic Pulmonary Fibrosis (Idiopathic Pulmonary Fibrosis) based on histopathological evaluation
* Ability to provide written informed consent

Exclusion Criteria:

* Age outside the range of 18-80 years
* Diagnosis of any other type of Interstitial Lung Disease (ILD) or pulmonary fibrosis
* Inability to provide written informed consent"
12650948,['Acute cholecystitis'],INTERVENTIONAL,ALL,18 Years,Not Specified,"Inclusion Criteria:

* Patients with a diagnosis of acute cholecystitis at high surgical risk or deemed unfit for cholecystectomy;
* Systematic reviews and meta-analyses published within the last five years;
* Studies using the keywords: ‘Clinical Utility of Endoscopic Ultrasound-guided gallbladder drainage’, ‘gallbladder drainage’, ‘endoscopic gallbladder drainage’.

Exclusion Criteria:

* Non-English language studies;
* Single case reports or case series with fewer than three patients;
* Narrative reviews, editorials, or letters without original patient data;
* Meta-analyses that did not clearly specify the type of stent used for transmural Clinical Utility of Endoscopic Ultrasound-guided drainage (LAMS, fully covered self-expandable metal stents [FC-SEMS], or other)"
12688573,"['Idiopathic Pulmonary Fibrosis', 'Interstitial Lung Disease', 'IPF']",OBSERVATIONAL,ALL,18 Years,Not Specified,"Inclusion Criteria:

* Patients who underwent transbronchial lung cryobiopsy (TBLC) for undifferentiated diffuse interstitial lung disease (ILD) at a university hospital between 2017 and 2023
* Patients with complete and comparable data

Exclusion Criteria:

* Patients with missing or incomplete data"
12380934,['Ultrasonography'],OBSERVATIONAL,ALL,18 Years,16 Years,"Inclusion Criteria:

* Patients who underwent hematopoietic stem cell transplantation (HSCT) at Hokkaido University Hospital between June 2008 and January 2023
* Patients who had at least one ultrasound (US) examination within 120 days post-HSCT

Exclusion Criteria:

* Patients with insufficient data"
10940262,['Neoplasms'],INTERVENTIONAL,ALL,18 Years,89 Years,"Inclusion Criteria:

* Diagnosis of insulinoma confirmed by imaging and laboratory tests
* Age 18-89 years old

Exclusion Criteria:

* Pregnancy
* Patients with metastatic insulinoma"
12652162,['Stress'],INTERVENTIONAL,ALL,20 Years,80 Years,"Inclusion Criteria:

* Diagnosis of hip, acetabular, or peri-knee fractures between 1 January 2010 and 31 December 2018
* Age ≥ 20 years

Exclusion Criteria:

* Pre-existing Carpal Tunnel Syndrome (defined as any CTS diagnosis within one year prior to the index fracture date)
* Any prior wrist or forearm injury
* Patients aged < 20 or >80 years at the index date
* Patients with a history of Carpal Tunnel Syndrome diagnosis within one year prior to the index fracture date"
12696141,"['Migraine', 'Stress']",INTERVENTIONAL,ALL,19 Years,43 Years,"Inclusion Criteria:

* Possible participants were identified from the Danish Twin Registry.
* Individuals were eligible for inclusion in the cohort if they meet the following criteria: Registered in the Danish Twin Registry.Born between 1967 and 2000.Both individuals in a twin pair alive in April 2023.Classified as MZ based on questionnaire or serological/genetic markers.

Exclusion Criteria:

* Not registered in the Danish Twin Registry
* Born outside the years 1967-2000
* One or both individuals in a twin pair deceased in April 2023
* Not classified as MZ based on questionnaire or serological/genetic markers"
12687344,"['Pulmonary Arterial Hypertension', 'Hypertension']",OBSERVATIONAL,ALL,18 Years,Not Specified,"Inclusion Criteria:

1. Diagnosis of Systemic Lupus Erythematosus (Systemic Lupus Erythematosus)
2. Age ≥ 18 years
3. Presence of Pulmonary Arterial Hypertension (Pulmonary Arterial Hypertension) as a complication of Systemic Lupus Erythematosus
4. Willingness to participate in the study and provide informed consent.

Exclusion Criteria:

1. Age < 18 years
2. No diagnosis of Systemic Lupus Erythematosus
3. Absence of Pulmonary Arterial Hypertension as a complication of Systemic Lupus Erythematosus
4. Unwillingness to participate in the study or provide informed consent"
11554317,['Pain'],OBSERVATIONAL,ALL,18 Years,Not Specified,"Inclusion Criteria:

* Age greater than 18 years
* Diagnosis of ophthalmic branch postherpetic neuralgia
* Disease duration greater than 3 months
* Use of pregabalin for at least 2 weeks
* Numeric rating scale (Numerical Rating Scale) pain score greater than 5 points

Exclusion Criteria:

* Patients who cannot properly describe pain to investigators
* Patients with preexisting neuralgia
* Patients with a history of chronic pain, systemic immune disease, or contraindications to puncture"
12357342,['Pain'],INTERVENTIONAL,ALL,18 Years,Not Specified,"Inclusion Criteria:

* Clinical control trials
* PEDro score ≥ 4
* Intervention group with Spencer muscle energy technique
* Frozen shoulder patients
* Studies in English language

Exclusion Criteria:

* Duplicate data
* Study protocols
* Unpublished papers
* Non-full-text articles in peer-reviewed journals
* Non-RCTs
* Quasi-RCTs
* Unclear methodology
* Conference papers"
12699981,"['Postoperative Complications', 'Colorectal Cancer', 'Cancer']",INTERVENTIONAL,ALL,70 Years,100 Years,"Inclusion Criteria:

* Age ≥70 years
* Postoperative pathological confirmation of primary colorectal adenocarcinoma
* Undergoing laparoscopic radical resection (R0 resection, including laparoscopic-assisted and totally laparoscopic procedures; exclusion of robot-assisted and conversion to open surgery)
* Complete clinical data (including baseline characteristics, surgical parameters, hematological indicators, and complication records)
* Discharge due to ‘improved/cured condition’ (excluding non-medical factors such as family-requested delayed discharge or transfer to other departments)

Exclusion Criteria:

* Preoperative distant metastasis (TNM stage IV) or emergency surgery (e.g., intestinal obstruction, massive hemorrhage)
* Palliative resection or local tumor excision
* Concomitant severe organ failure (e.g., end-stage chronic heart failure, uremia)
* Abnormally prolonged hospitalization due to other diseases (e.g., acute myocardial infarction) during admission
* Conversion to open surgery during laparoscopy"
11134963,"['Hernia', 'Pain']",INTERVENTIONAL,ALL,18 Years,Not Specified,"Inclusion Criteria:

* Patients scheduled for an elective laparoscopic ventral hernia repair and fulfilling the inclusion criteria were invited to participate.
* Eligible patients received written and oral information from an anesthesiologist prior to inclusion, and a signed informed consent form was obtained.

Exclusion Criteria:

* Inability to speak or understand the Norwegian language
* Inability to adhere to the protocol
* Allergy to latex, local anesthesia, non-steroidal anti-inflammatory drugs or opioids
* Chronic pain prior to surgery demanding daily opioids
* Addiction to medication or alcohol
* Liver or kidney failure
* Local infection at the site of injection
* Systemic infection
* Atrioventricular (AV) block 2–3
* Diabetes (insulin-treated) and pregnancy"
7882469,['Learning'],INTERVENTIONAL,ALL,18 Years,24 Years,"Inclusion Criteria:

* Medical students in their first, second, or third year who have not yet started their clinical rotations
* Students from three medical schools in the area who were recruited via email

Exclusion Criteria:

* Fourth-year students who may encounter ultrasound within their clinical rotations
* Participants who have experience with the tested exams
* Participants with significant ultrasound experience (over 20 h of lifetime ultrasound experience)"
12323229,['laparoscopic cholecystectomy (LC)'],INTERVENTIONAL,ALL,18 Years,Not Specified,"Inclusion Criteria:

* Patients aged ≥ 18 years
* American Society of Anesthesiologists I-II risk status
* Scheduled for elective laparoscopic cholecystectomy

Exclusion Criteria:

* Known local anesthetic allergy
* History of infection in the application area
* Prior abdominal surgery
* Coagulation disorders
* A history of chronic analgesic or opioid use
* Neurological or psychological disorders
* Communication difficulties
* American Society of Anesthesiologists III status
* Body Mass Index > 35 kg/m²
* Patients with no observed dermatome involvement at the 30th minute"
12334499,"['fetal anomalies', 'dichorionic (DC) twins', 'monochorionic diamniotic (MCDA) twins']",INTERVENTIONAL,ALL,18 Years,Not Specified,"Inclusion Criteria:

* Pregnant women with twin pregnancies in which both fetuses were alive at enrollment at 11 + 0 to 13 + 6 weeks’ gestation, as dated by the crown-rump length of the larger twin
* Participating centers implemented a comprehensive protocol outlining the minimum requirements for fetal ultrasound scans during each of the three trimesters of pregnancy

Exclusion Criteria:

* Not specified"
10589435,"['Echocardiography', 'Ischemic Stroke', 'Stroke']",INTERVENTIONAL,ALL,18 Years,Not Specified,"Inclusion Criteria:

* Age ≥ 18 years
* Presentation with a clinical condition characterized by neurological signs and symptoms that, in the opinion of the investigator, include embolic stroke or transient ischemic attack in the differential diagnosis
* Scheduled for Transthoracic echocardiogram study with agitated saline contrast (bubble study) within ±30 days of informed consent
* Ability to successfully perform a Valsalva maneuver
* Signed informed consent
* Ability to comply with the protocol

Exclusion Criteria:

* History of RLS/PFO closure
* Pregnancy or lactation at the time of study
* History of partial or full craniotomy/craniectomy within the past 6 months
* Presence of a physical limitation preventing Doppler/Headmount placement
* Trial participants who did not meet all inclusion criteria or had any of the exclusion criteria were not enrolled in the study"
12679204,['Stress'],OBSERVATIONAL,ALL,8 Years,12 Years,"Inclusion Criteria:

1. Sprague-Dawley rats, half male and half female, approximately 8 weeks of age (250-300 g)

Exclusion Criteria:

1. rats with any pre-existing medical conditions or abnormalities that may affect the study results"
6347732,['Pain'],INTERVENTIONAL,ALL,18 Years,Not Specified,"Inclusion Criteria:

* Patients that underwent day surgery
* Able to express themselves
* Understanding of Dutch
* Completed both baseline and follow-up questionnaires

Exclusion Criteria:

* Age younger than 18 years
* Visual dysfunction"
12276445,"['Hypertension', 'Cirrhosis']",INTERVENTIONAL,ALL,18 Years,80 Years,"Inclusion Criteria:

* Patients with cirrhosis and portal hypertension referred for HVPG or transjugular intrahepatic portosystemic shunt (TIPS) placement at the University Hospital of Leuven (Belgium) or Hospital Clinic Barcelona (Spain)

Exclusion Criteria:

* Patients with hemodynamic instability at the time of the pressure measurements

* Patients with intrahepatic shunts that could not be avoided during HVPG measurements

* Patients with inadequate HVPG tracings determined during independent review"
12351916,['Pain'],INTERVENTIONAL,ALL,20 Years,60 Years,"Inclusion Criteria:

* Age between 20 and 60 years
* Diagnosis of mild to moderate idiopathic Carpal Tunnel Syndrome (CTS)
* Failure to respond to conservative treatment for at least 3 months

Exclusion Criteria:

* Severe CTS
* Secondary CTS due to systemic disease or local causes
* Previous release surgery for the median nerve or wrist surgery
* Pregnancy
* Known allergies to any of the medications or who were on concurrent steroids
* Previous injections to CTS within 6 months"
7326201,"['Ultrasonography', 'Pain']",INTERVENTIONAL,ALL,15 Years,60 Years,"Inclusion Criteria:

* Age between 15 and 60 years
* Presence of signs and symptoms of CTS including pain, numbness, paresthesia and/or tingling along the distribution of median nerve in the hand (the first three radial digits and the radial side of the fourth finger)

Exclusion Criteria:

* Severe CTS
* Thenar muscles atrophy
* Individuals who had diseases mimicking CTS signs such as polyneuropathy, cervical radiculopathy, and thoracic outlet syndrome
* A history of prior surgical release or injection for CTS treatment within the last 6 months
* Allergic reaction to corticosteroid
* The presence of skin infection at the site of injection
* The willingness of patients to exit from the study at any stage of the project
* Not attending any of the follow-up visits"
5743212,"['tuberculosis (TB)', 'HIV']",INTERVENTIONAL,ALL,18 Years,15 Years,"Inclusion Criteria:

* Participants must be children aged 0-15 years
* Participants must be residents of one of the 32 rural communities in Kenya and Uganda
* Participants must have been enumerated in a census from 2012 to 2013

Exclusion Criteria:

* Participants who were not included in the national Tuberculosis registry
* Participants who were not documented as new, relapsed, or lost to follow up in the national Tuberculosis registry
* Participants who were not matched to a child enumerated in the SEARCH baseline census
* Participants who were classified as ""lost to follow up"" or ""relapsed"" if they were already included as a new case within the study period"
6503651,"['septic shock', 'intussusception', 'pneumonia', 'trauma', 'hemorrhagic shock', 'shock', 'hypotension']",INTERVENTIONAL,ALL,2 Years,12 Years,"Inclusion Criteria:

* Pediatric patients with shock or hypotension
* Age between 2 and 12 years
* Capable of providing written informed consent

Exclusion Criteria:

* Patients with a history of adverse reactions to LifeFlow device or its components
* Patients with a known allergy to the fluids used in the LifeFlow device
* Patients with a contraindication to intravenous fluid resuscitation"
11450216,['Type 2 Diabetes'],INTERVENTIONAL,ALL,30 Years,75 Years,"Inclusion Criteria:

* Diagnosis of Type 2 diabetes for a minimum of 2 years
* Age between 30 and 75 years
* Possessing complete access to their medical records
* HbA1c level below 9%

Exclusion Criteria:

* History of kidney disease
* Pregnant or breastfeeding
* Undergoing estrogen hormone therapy
* Conditions such as mental disorders, autoimmune diseases, inflammatory diseases, thyroid disorders, gastrointestinal disorders, liver diseases, or cancer
* Individuals with a daily energy intake below 800 or above 4200 kcal"
11034160,"['Postoperative Complications', 'Bradycardia', 'Pain']",INTERVENTIONAL,ALL,21 Years,60 Years,"Inclusion Criteria:

* Patients of both sexes
* Age between 21 and 60 years
* American Society of Anesthesiologists Performance Status I and II
* Body Mass Index between 25 and 35 kg/m2

Exclusion Criteria:

* Patients with a local infection at the puncture site
* Altered mental status
* History of allergy to study drugs (bupivacaine, fentanyl)
* Hematological disorders including coagulation abnormalities
* Severe hepatic or kidney impairment
* Chronic pain"
12224653,['adenomyosis'],OBSERVATIONAL,ALL,18 Years,65 Years,"Inclusion Criteria:

1. Female patients aged 18-65 years
2. Clinical history and symptoms suggestive of adenomyosis (heavy menstrual bleeding, severe menstrual pain, chronic pelvic pain)
3. Patients who are not candidates for hysterectomy
4. Patients who prefer non-surgical alternatives

Exclusion Criteria:

1. Patients who have undergone hysterectomy"
10875539,['Learning'],INTERVENTIONAL,ALL,18 Years,50 Years,"Inclusion Criteria:

* Pregnant patients who had their sex assigned at birth as female
* Aged between 18 and 50 years
* In their second trimester

Exclusion Criteria:

* Not applicable (all pregnant patients who fit the selection criteria are enrolled in the study)"
11213984,"['Comfort', 'Pain']",INTERVENTIONAL,ALL,18 Years,80 Years,"Inclusion Criteria:

* Patients scheduled for elective primary unilateral total hip arthroplasty (THA) with a lateral surgical approach
* American Society of Anesthesiologists physical status 1-3
* Age between 18 and 80 years

Exclusion Criteria:

* Patients who do not provide written informed consent
* Patients with a body mass index (Body Mass Index) >45 kg/m²
* Patients with pre-existing medical conditions precluding spinal anaesthesia or regional blocks
* Patients with an allergy or contraindication to local anaesthetics or components of the multimodal analgesic regimen
* Patients with prior surgery in the inguinal or suprainguinal area
* Pregnant patients
* Patients on chronic opioid therapy (>30 mg oral morphine equivalent [OME] daily >30 days)"
12124694,['Hip Fracture'],OBSERVATIONAL,ALL,50 Years,100 Years,"Inclusion Criteria:

* Patients aged 50 years or older admitted to Singapore hospitals for first hip fracture during the 18-year period from 2000 to 2017
* Patients with a hip fracture that occurred after a 5-year period from 1995-1999

Exclusion Criteria:

* No specific exclusion criteria were mentioned in the article"
12514706,['Pain'],INTERVENTIONAL,ALL,18 Years,Not Specified,"Inclusion Criteria:

* Age older than 18 years
* No neck pain or discomfort during the previous 6 months

Exclusion Criteria:

* Clinically diagnosed cervical spondylosis or history of cervical spine injury
* History of use of glucocorticosteroids, muscle relaxants, or other drugs that might affect structure or function of muscles
* Scoliosis, ankylosing spondylitis or other disease affecting one’s ability to sit or stand
* Rheumatological, immune, metabolic, or other systemic disease that might affect muscles
* Scarring of the skin at the site of measurement
* Pregnancy"
11076349,['Learning'],INTERVENTIONAL,ALL,18 Years,Not Specified,"Inclusion Criteria:

* Studies published between February 2017 and November 2023
* Studies that describe neuropsychological tests used during awake craniotomy
* Studies that provide a clear description of the test or test paradigm used during surgery

Exclusion Criteria:

* Studies that do not provide a clear description of the test or test paradigm used during surgery
* Studies that do not involve awake craniotomy
* Studies that do not focus on neuropsychological tests
* Studies that are not published in English
* Pediatric studies
* Studies that are not original articles (e.g., review, letter to the editor)
* Studies that do not monitor cognition"
12679511,"['digital ischemia', 'peripheral artery disease', 'diabetes']",OBSERVATIONAL,ALL,18 Years,Not Specified,"Inclusion Criteria:

* Age ≥ 18 years
* Diagnosis of critical digital ischemia
* Occlusion of the right radial and ulnar arteries

Exclusion Criteria:

* Age < 18 years
* No diagnosis of critical digital ischemia
* No occlusion of the right radial and ulnar arteries"
12090303,['Cough'],INTERVENTIONAL,ALL,18 Years,Not Specified,"Inclusion Criteria:

* Adults (≥ 18 years) with acute cough (< 28 days) and at least one other symptom of an acute Lower Respiratory Tract Infection (LRTI) where the GP suspected Community-Acquired Pneumonia (College of American Pathologists)

Exclusion Criteria:

* Previous antibiotic prescription for the current episode of acute LRTI
* Not listed with the GP (no medical record available)
* Unable to understand and sign informed consent
* Did not wish to participate in the study"
11927608,['Hypertension'],INTERVENTIONAL,ALL,18 Years,Not Specified,"Inclusion Criteria:

* Patients with hepatic diseases and portal hypertension

Exclusion Criteria:

* No specific exclusion criteria mentioned in the article"
12219377,"['pregnancy', 'preterm delivery']",INTERVENTIONAL,FEMALE,14 Years,Not Specified,"Inclusion Criteria:

* Pregnant women with a singleton gestation
* Pregnant women having Clalit’s high-tier insurance (""Mushlam"") between January 2020 and December 2022
* Delivered at or after 22 + 0 weeks

Exclusion Criteria:

* Data unreliability, implausible values or missingness of gestational age at delivery, neonatal birthweight or first and last date of scan in the home-ultrasound users’ subgroup"
7041196,"['critically ill neonates', 'critically ill children']",INTERVENTIONAL,ALL,18 Years,Not Specified,"Inclusion Criteria:

* Expertise in Point of Care Ultrasound (POCUS)
* Contributions in POCUS field or POCUS training courses in the last 10 years

Exclusion Criteria:

* Not specified"
4006330,['Behavior'],INTERVENTIONAL,ALL,18 Years,Not Specified,"Inclusion Criteria:

* Gestational age over 37 weeks
* Estimated fetal weight over 2500 g
* Singleton pregnancy
* Cephalic presentation
* Empty urinary bladder
* Active labor

Exclusion Criteria:

* Antepartum caesarean section indications (maternal or fetal pathology)"
12275638,['Pain'],INTERVENTIONAL,ALL,30 Years,70 Years,"Inclusion Criteria:

* Age between 30 and 70 years
* Diagnosis of coronary artery disease requiring off-pump coronary artery bypass (OPCAB) surgery
* New York Heart Association (New York Heart Association) Functional Classification of 1 - 3
* Ability to provide written informed consent

Exclusion Criteria:

* Unsuitable targets for surgery (e.g. intramyocardial or diffusely diseased vessels)
* Combined coronary artery bypass grafting (Prior coronary bypass graft) with valve replacement or redo Prior coronary bypass graft
* Poor myocardial contractility (ejection fraction ≤ 35%)
* Preexisting hemodynamic instability requiring inotropes or intra-aortic balloon pump insertion
* Intraoperative conversion to on-pump Prior coronary bypass graft
* Postoperative complications necessitating re-exploration for surgical issues or resulting in death
* Severe chronic obstructive pulmonary disease, myasthenia and myopathies, morbid obesity, cognitive dysfunction, or difficulty in communication
* Allergies to local anesthetics (LAs) or patient refusal"
12020580,['Periodontitis'],INTERVENTIONAL,ALL,18 Years,75 Years,"Inclusion Criteria:

* Age between 18 and 75 years old
* Systemically healthy
* Diagnosis of stages III and IV periodontitis
* At least six experimental sites per quadrant with PPD >4 mm and <10 mm and loss of clinical attachment level (CAL) ≥ 3 mm
* At least five teeth per quadrant

Exclusion Criteria:

* Systemic diseases such as diabetes, heart disease, and cancer
* Respiratory diseases such as chronic obstructive pulmonary disease and asthma
* The use of antibiotics within 3 months prior to the start of the study
* Pregnant or lactating
* Allergy to chlorhexidine or erythritol
* Smoking >10 cigarettes per day
* Unwillingness to undergo the proposed treatment and recalls"
4353283,['Pain'],INTERVENTIONAL,ALL,18 Years,99 Years,"Inclusion Criteria:

* Participants with chronic low back pain, defined as pain that has persisted for longer than three months.
* Participants with spinal pain at any level, if more than 75% of patients have low back pain.
* Trials published in any language.
* Randomized controlled trials published in full text in peer-reviewed journals.
* Multidisciplinary rehabilitation intervention involves a physical component and one or both of a psychological component or a social/work targeted component.
* Multidisciplinary rehabilitation interventions could be of any intensity and rehabilitation approach and could be provided in inpatient or outpatient settings.
* Randomized controlled trials that tested multidisciplinary rehabilitation programmes versus any other treatment were eligible for inclusion.

Exclusion Criteria:

* Trials that recruited patients with specific low back pain caused by infection, neoplasm, metastasis, rheumatoid arthritis or other inflammatory articular conditions (such as ankylosing spondylitis), spinal stenosis, or fractures.
* Trials that reported on patients with diagnoses other than disc degeneration or bulging discs, facet joint dysfunction, or sacroiliac joint pain.

* Clearly ineligible studies were excluded on the basis of title and abstract"
5952861,['Pain'],INTERVENTIONAL,ALL,18 Years,Not Specified,"Inclusion Criteria:

* Age greater than 18 years
* No major systemic disease
* Scheduled for caesarean section under spinal anaesthesia

Exclusion Criteria:

* History of drug allergy or local anaesthetic toxicity
* Body Mass Index (body mass index) > 35 kg/m2 and pregnancy weight < 50 kg (to limit maximum ropivacaine dose to 3 mg/kg)
* Contraindications to regional anaesthesia (bleeding diathesis, infection at the site of block and peripheral neuropathy)
* Severe medical conditions such as severe pre-eclampsia and eclampsia
* Patients who had intra-operative complications like post-partum haemorrhage"
11899042,['Marfan Syndrome'],OBSERVATIONAL,ALL,18 Years,80 Years,"Inclusion Criteria:

* Survivors from a nationwide cross-sectional study of adults with presumed Marfan Syndrome (MFS) at baseline
* Participants who gave informed consent to participate in the follow-up study

Exclusion Criteria:

* Individuals with pronounced osteopenia or kidney/liver transplants
* Four out of 62 participants were excluded from further analyses due to no clinical or molecular indication of Hereditary Connective Tissue Disorders (HCTD)

Note: Statistical analyses were performed for patients with MFS only"
11925964,['Behavior'],OBSERVATIONAL,ALL,18 Years,30 Years,"Inclusion Criteria:

* Patients with a recorded trauma to the anterior neck in result of intentional self-harm

Exclusion Criteria:

* Not applicable"
6894198,"['Patient Safety', 'Learning']",INTERVENTIONAL,ALL,18 Years,Not Specified,"Inclusion Criteria:

* Reports of diagnostic errors in emergency department settings
* Reports from 2013 to 2015

Exclusion Criteria:

* Prevented patient safety incidents
* Reports without evidence of diagnostic error"
5735096,"['postpartum urinary retention', 'covert postpartum urinary retention (cPUR)']",INTERVENTIONAL,ALL,18 Years,Not Specified,"Inclusion Criteria:

* Parturients >18 years old admitted to the delivery room

Exclusion Criteria:

* Women who subsequently underwent caesarean section
* Women who had previous indwelling bladder catheterization during the third trimester of pregnancy or a history of surgery on the urinary tract

In the observational group (group Nasopharyngeal Carcinoma), no systematic intermittent catheterization was performed. In the intervention group (group Prostate Cancer), all women underwent a systematic intermittent catheterization 2 hours after delivery. Similarly, in the subgroup of patients who underwent instrumental delivery, the rate of cPUR was lower in the intervention group than in the observational group (p = 0.02)."
10813052,"['Histology', 'Cancer', 'NSCLC']",INTERVENTIONAL,ALL,18 Years,Not Specified,"Inclusion Criteria:

* Patients with histologically or cytologically confirmed non-small cell lung cancer (Non-Small Cell Lung Cancer)
* Disease stage IIIA-IIIC as reported by TNM criteria 8th edition
* Eastern Cooperative Oncology Group (ECOG Performance Status) Performance Status of 0–2
* Indications for radiotherapy
* Laboratory values within the limits to permit patient to receive radiotherapy

Exclusion Criteria:

* Unable to comply with treatment protocol
* Concurrent malignancies other than Non-Small Cell Lung Cancer
* Contraindications for use of radiation
* Previous history of irradiation or work in medical ionizing radiation posts or other types with high risk for ionizing-radiation exposure"
11939329,"['Age-related macular degeneration (AMD)', 'Choroidal neovascularization (CNV)']",INTERVENTIONAL,ALL,60 Years,90 Years,"Inclusion Criteria:

1. Patients with age-related macular degeneration (AMD)
2. Age ≥ 60 years

Exclusion Criteria:

1. Patients with other forms of retinal degenerative diseases
2. Patients with a history of other ocular diseases or conditions that may affect the study outcomes
3. Patients with a history of systemic diseases or conditions that may affect the study outcomes
4. Patients who are unable to provide written informed consent"
11835717,['Radiology'],INTERVENTIONAL,ALL,18 Years,Not Specified,"Inclusion Criteria:

* Radiologists who have provided annotations for the first phase of error correction or preference test tasks

Exclusion Criteria:

* Radiologists who were involved in the human–AI collaboration evaluation to avoid annotation bias"
11417896,['Pediatric Dental Panoramic Radiographs (DPRs)'],INTERVENTIONAL,ALL,18 Years,Not Specified,"Inclusion Criteria:

* Consecutive DPRs of developmental-age patients
* Presence of at least one permanent tooth with unfinished development, other than a wisdom tooth, in the DPR

Exclusion Criteria:

* Not specified"
6381229,['Osteoarthritis'],INTERVENTIONAL,ALL,18 Years,Not Specified,"Inclusion Criteria:

* Patients undergoing any type of knee replacement (TKR, UKR, or PFR) for osteoarthritis or a predominantly unselected patient group (eg, studies that investigated only one or two indications, such as rheumatoid arthritis, were excluded).
* Articles reporting 15 year or greater survival of primary total knee replacement (TKR), unicondylar knee replacement (UKR), and patellofemoral replacements in patients with osteoarthritis.

Exclusion Criteria:

* Articles that reviewed specifically complex primary surgeries or revisions.
* Articles not written in English."
12163333,['Liver Transplantation'],INTERVENTIONAL,ALL,18 Years,75 Years,"Inclusion Criteria:

* Adult patients who underwent liver transplantation (LT) between January 2023 and July 2024 at a tertiary care academic medical center in Barcelona, Spain

Exclusion Criteria:

* Patients undergoing hepaticojejunostomy or retransplantation due to potential alterations in ICG fluorescence patterns"
11573128,['Contrast Media'],OBSERVATIONAL,ALL,18 Years,Not Specified,"Inclusion Criteria:

* Patients who received an iopromide injection of 300 or 370 mg/mL
* Patients with recorded values for sex, race, region, or country

Exclusion Criteria:

* Patients lacking data on sex, race, or region/country
* Patients otherwise not eligible for primary analysis
* Patients lacking information on age, injection route, iopromide volume, or iodine dose"
12659085,['hemodialysis'],INTERVENTIONAL,ALL,18 Years,85 Years,"Inclusion Criteria:

* Patients who underwent tunneled hemodialysis catheter insertion at the institution between January 2018 and January 2023
* Patients with no history of vascular interventions suggesting altered anatomy
* Patients without documented central venous stenosis or thrombosis on CT angiography
* Patients without prior failed attempts at fluoroscopy-free catheter insertion

Exclusion Criteria:

* Patients who required fluoroscopy (C-arm imaging) for successful catheter placement due to complex vascular anatomy or a history of previous complications necessitating imaging guidance"
11615633,['Liver Tumors'],INTERVENTIONAL,ALL,37 Years,78 Years,"Inclusion Criteria:

* Patients with liver tumors who are scheduled for yttrium 90 (90Y) radioembolization work-up as decided by the multidisciplinary tumor board

Exclusion Criteria:

* Individuals who are insufficiently fit to undergo additional examination time of 30–90 minutes
* Patients whose height is greater than 190 cm or bust line is greater than 135 cm
* More than two expected 99mTc-MAA injection positions"
12316388,"['tuberculosis (TB)', 'tuberculosis disease (TBD)', 'tuberculosis infection (TBI)', 'HIV']",INTERVENTIONAL,ALL,5 Years,50 Years,"Inclusion Criteria:

* Participant is a household contact (HHC) of a person newly diagnosed with drug susceptible pulmonary Tuberculosis (Tuberculosis) disease within the past 30 days
* Participant is aged 5-50 years old
* Participant has not had a chest X-ray (CXR) or tuberculin skin testing (TST) in the past 3 months
* Participant is not known to have HIV Infection
* Participant is not pregnant (in Brazil)

Exclusion Criteria:

* Participant is under 5 years old
* Participant is over 50 years old (except in Benin, where pregnant women are included after the first trimester)
* Participant has a history of rifampicin or multiple-drug Tuberculosis resistance
* Participant has had a CXR or TST in the past 3 months
* Participant is known to have HIV Infection
* Participant is pregnant (in Benin)
* Participant is a household contact of a person with confirmed rifampicin or multiple-drug Tuberculosis resistance"
12109309,"['biliary tract infections', 'bile duct infections']",OBSERVATIONAL,ALL,3 Years,96 Years,"Inclusion Criteria:

* Patients undergoing examination of the bile system by endoscopic retrograde cholangiography (ERCP) from January 2014 to December 2018.

Exclusion Criteria:

* ERCs that were terminated because patients had not fasted, or because of respiratory distress before reaching the papilla or because of other patient conditions.
* ERCs performed by single-balloon enteroscopy or by a percutaneous approach, or because of other post-surgical changes in normal bile drainage."
12625403,"['impacted maxillary canines', 'root resorption']",INTERVENTIONAL,ALL,13 Years,Not Specified,"Inclusion Criteria:

* Patients who underwent IntroductionCone beam computed tomography scans at the Bolu Abant İzzet Baysal University Oral, Dental, and Maxillofacial Radiology Department between 2017 and 2021.
* Patients aged 13 years and older with images of sufficient resolution showing the entire impacted canine, including the lower margins of the nasal cavity and maxillary sinus.

Exclusion Criteria:

* Images showing incomplete examination area
* Images with artifacts in the examination area
* Images of patients undergoing orthodontic treatment
* Cleft lip and palate
* Orthognathic surgery
* Images of patients with fractures or pathology in the maxilla
* Partial eruption of impacted canine teeth
* Congenital canine tooth deficiency"
8928377,"['Axial Spondyloarthritis', 'Ankylosing Spondylitis', 'Spondyloarthritis', 'Inflammation']",INTERVENTIONAL,ALL,18 Years,3 Years,"Inclusion Criteria:

* Age ≥ 18 years
* Diagnosis of non-radiographic axial spondyloarthritis (nr-axSpA) according to Assessment of SpondyloArthritis international Society (ASAS) criteria
* Symptom duration ≥ 12 months
* Active disease (Bath Ankylosing Spondylitis Disease Activity Index [BASDAI] ≥ 4 and spinal pain ≥ 4)
* Inadequate response, intolerance, or contraindication to ≥ 2 non-steroidal anti-inflammatory drugs
* Objective signs of inflammation (a centrally read Magnetic Resonance Imaging scan showing active sacroiliitis, and/or baseline CRP levels above the upper limit of normal [measured in a central laboratory using a threshold of ≥10.0 mg/L])
* Able to provide written informed consent

Exclusion Criteria:

* Previous exposure to more than one biological treatment (specifically, TNF inhibitors)
* Active infection, malignancy, or other significant medical conditions
* Pregnancy or lactation
* Participation in another clinical trial within 30 days of study entry
* Inability to comply with study requirements"
9264035,['Radiation Exposure'],INTERVENTIONAL,ALL,18 Years,Not Specified,"Inclusion Criteria:

* Board-certified cardiologists with a mean of 10 and 3 years, respectively, of clinical practice beyond completion of their fellowship training
* Participants who provided verbal informed consent

Exclusion Criteria:

* Trainees
* Data on race and ethnicity were not collected as a part of this study"
5537094,"['Endotracheal Tube', 'X-ray Image Classification', 'Radiography', 'Chest Radiographs', 'Abdominal Radiographs']",OBSERVATIONAL,ALL,18 Years,Not Specified,"Inclusion Criteria:

* De-identified HIPAA-compliant images obtained from the Picture Archive and Communication System (Picture Archiving and Communication System)

Exclusion Criteria:

* Not applicable"
12337901,['Body Composition'],OBSERVATIONAL,ALL,18 Years,Not Specified,"Inclusion Criteria:

* Healthy volunteers or patients aged 18 years and above
* Ability to provide written informed consent
* Willingness to participate in the study

Exclusion Criteria:

* Pregnant women
* Individuals with a history of cardiac pacemaker or implantable cardioverter-defibrillator (International Classification of Diseases)
* Individuals with a history of metal implants or other electrical devices in the body
* Individuals with a history of skin disorders affecting the measurement sites
* Individuals with a history of renal or hepatic disease
* Individuals with a history of neurological disorders affecting the nervous system
* Individuals with a history of musculoskeletal disorders affecting the limbs
* Individuals with a history of smoking or alcohol abuse
* Individuals with a history of taking medications affecting body composition"
10055017,"['Radiation Exposure', 'Humeral Fractures']",INTERVENTIONAL,ALL,18 Years,Not Specified,"Inclusion Criteria:

* Patients undergoing plate fixation osteosynthesis with PHILOS

Exclusion Criteria:

* Not specified"
9967502,"['Radiation Exposure', 'Pneumothorax']",OBSERVATIONAL,ALL,18 Years,Not Specified,"Inclusion Criteria:

* Patients undergoing scheduled flexible bronchoscopies with TBFB, TBLC or EBV treatment between 1 September 2019 and 30 September 2020.

Exclusion Criteria:

* Patients under 18 years of age
* No general consent given
* Change of planned intervention without undergoing TBFB, TBLC or EBV treatment"
11000292,['carious posterior permanent teeth'],INTERVENTIONAL,ALL,12 Years,25 Years,"Inclusion Criteria:

* Participants aged from 12 to 25 y
* Willing to join the study
* Clinically detectable occlusal or proximal carious (ICDAS score 3, 4) vital permanent posterior tooth with closed apex and healthy periodontal supporting
* Minimum extension of the carious cavity should be at least 1 mm in width to accommodate with the probe of the Prepometer™

Exclusion Criteria:

* Poor oral hygiene
* Severe medical complications
* Showing signs and symptoms of irreversible or necrotic pulp pathology or with internal or external root resorption
* Affected tooth with extended buccal or lingual caries, extending clinically very deep to the inner half of dentin thickness or previously restored
* Patients suffering from any developmental or formative abnormalities e.g. molar incisor hypomineralization"
12060925,['Radiation Exposure'],INTERVENTIONAL,ALL,18 Years,Not Specified,"Inclusion Criteria:

* Healthcare professionals working in the catheterization laboratory (cath lab)
* Willing to participate in the study and provide informed consent

Exclusion Criteria:

* Not working in the catheterization laboratory (cath lab)"
12458852,"['Ultrasonography', 'Comfort']",INTERVENTIONAL,ALL,18 Years,Not Specified,"Inclusion Criteria:

* Studies that addressed mobile or portable diagnostic imaging or graph examinations conducted in the home for individuals of any age or health status.
* Studies that reported on barriers, facilitators or user experiences.
* Studies with data on any type of imaging diagnostic services, such as X-ray imaging, tomography, Magnetic Resonance Imaging, angiography, scintigraphy, bone densitometry, mammography or Doppler, as well as diagnostic generating images (eg, graphs) such as ECGs, electrocardiograms, EEGs, cardiotocographs, electroneuromyographs and Holter monitoring.
* Services could be conducted in any type of dwelling where the study participant resides, such as a house, apartment, nursing homes or long-term care home for older people.

Exclusion Criteria:

* Studies that focused on wearable technologies, such as smartwatches.
* Articles for which full-text copies could not be obtained.
* Technical reports, policy documents, literature reviews and abstracts from academic conferences (due to insufficient study detail, underdeveloped methods and limited results)"
11696795,['Stress'],OBSERVATIONAL,ALL,18 Years,Not Specified,"Inclusion Criteria:

* Patients who underwent distal chevron metatarsal osteotomy (DCMO), with or without an Akin osteotomy for the treatment of hallux valgus at a single center.
* Patients met the diagnostic criteria of a hallux valgus deformity with a preoperative HVA of more than 15 degrees or an intermetatarsal angle (IMA) of more than 10 degrees.

Exclusion Criteria:

* Patients with a history of rheumatoid arthritis diagnosis and radiographic evidence of osteoarthritic change in the first metatarsophalangeal joint.
* Revision surgeries and cases with the follow-up period of less than 3 months.
* A case with only Akin osteotomy.
* Cases with other metatarsal osteotomies (proximal or midshaft osteotomy) or lesser toe procedures (e.g., Weil osteotomy or resection arthroplasty of the second toe).
* Cases with additional procedures unrelated to hallux valgus (e.g., flat foot surgery) in conjunction with HV surgery."
12067538,['paediatric endocrinology diagnoses'],INTERVENTIONAL,ALL,18 Years,18 Years,"Inclusion Criteria:

* Participants who registered for the challenge were provided with a data set of 14 236 hand radiographs from Stanford University and the University of Colorado.
* All left hand and wrist radiographs performed for bone age assessment between 01 June 2020 and 31 May 2023 were included in the study.

Exclusion Criteria:

* Not specified"
10856002,['Early Onset Idiopathic Scoliosis (EOIS)'],INTERVENTIONAL,ALL,10 Years,Not Specified,"Inclusion Criteria:

* Subjects with an onset of idiopathic scoliosis below the age of 10, diagnosed by clinical examination and a standard standing posteroanterior radiograph of the whole spine;
* Received full-time underarm thoracolumbar sacral orthosis bracing treatment until skeletal maturity (advised to wear at least 20 h a day);
* Available clinical data of curve features;
* Longitudinal follow-up every 6 months and past skeletal maturity at last follow-up, which was defined as either ≥2 years post-menarche for girls or <1 cm growth in body height in recent 6 months for both genders for intention-to-treat analysis.

Exclusion Criteria:

* Subjects who did not receive bracing or had a diagnosis of scoliosis with any known etiology, such as congenital scoliosis, neuromuscular scoliosis, scoliosis of metabolic etiology, scoliosis with skeletal dysplasia, known endocrine and connective tissue abnormalities, known heart condition or other diseases that could affect the safety of exercise, eating disorders or gastrointestinal malabsorption disorders and currently taking medication that affects bone or muscle metabolism."
12663028,['Prognostic Factors'],INTERVENTIONAL,ALL,18 Years,Not Specified,"Inclusion Criteria:

* Articles written in English, French, German or Dutch
* Follow-up studies (both prospective and retrospective)
* Studies including Abbreviated Injury Scale patients observed using radiological follow-up alone
* Reporting average monthly curve progression or curve progression rate over a pre-determined follow-up interval

Exclusion Criteria:

* Studies that did not report deformity progression for specific prognostic factors (for example bone age or curve type), were excluded at full-text screening since they presented overall progression data which does not allow for specific regular follow-up recommendations
* Articles not written in English, French, German or Dutch
* Studies not follow-up studies (both prospective and retrospective)
* Studies not including Abbreviated Injury Scale patients observed using radiological follow-up alone"
9275109,"['Hypertension', 'Smoking']",OBSERVATIONAL,ALL,18 Years,Not Specified,"Inclusion Criteria:

* Patients who were referred to Baskent University, Faculty of Dentistry, Department of Periodontology, during 2016–2018.
* Patients with complete medical records and DPRs showing vertebra C3 and C4.

Exclusion Criteria:

* Patients with no medical records and DPRs not showing vertebra C3 and C4"
12553159,"['fluid overload', 'systemic venous congestion', 'pulmonary congestion']",INTERVENTIONAL,ALL,1 Years,18 Years,"Inclusion Criteria:

* Patients admitted to the Pediatric Intensive Care Unit (PICU) of Dr. Cipto Mangunkusumo Hospital
* Age between 1 month and 18 years
* Cumulative fluid balance exceeding 5% within the first 24 hours of PICU admission

Exclusion Criteria:

* Patients discharged before 24 hours
* Patients with congenital abnormalities of the liver or kidneys
* Patients with liver cirrhosis
* Patients with severe tricuspid regurgitation
* Patients with a history of liver or kidney transplantation"
12043478,"['Cancer', 'Glioma']",INTERVENTIONAL,ALL,18 Years,75 Years,"Inclusion Criteria:

* Patients with histologically confirmed diagnosis of glioma or head and neck cancer
* Age ≥ 18 years and ≤ 75 years
* Eastern Cooperative Oncology Group (ECOG Performance Status) performance status ≤ 2
* Adequate organ function as follows:

  * Hemoglobin ≥ 9 g/dL
  * White blood cell count ≥ 3,000/mm3
  * Platelet count ≥ 100,000/mm3
  * Serum creatinine ≤ 1.5 mg/dL
  * Total bilirubin ≤ 1.5 mg/dL
  * Aspartate aminotransferase (Aspartate Aminotransferase) and alanine aminotransferase (Alanine Aminotransferase) ≤ 2.5 times the upper limit of normal (ULN)
* No prior treatment with BNCT
* No concurrent treatment with other anticancer therapies

Exclusion Criteria:

* Pregnant or lactating women
* Patients with a history of other malignancies within the past 5 years, except for non-melanoma skin cancer
* Patients with a history of allergic reactions to boron compounds or other components of the BNCT treatment
* Patients with a history of significant cardiovascular, pulmonary, hepatic, or renal disease
* Patients with a history of active infection or immunosuppression
* Patients with a history of prior radiation therapy to the treatment site
* Patients with a history of prior surgery at the treatment site within the past 4 weeks
* Patients with a history of prior chemotherapy or immunotherapy within the past 4 weeks
* Patients with a history of prior targeted therapy within the past 2 weeks
* Patients with a history of prior surgery or other invasive procedures within the past 2 weeks
* Patients with a history of uncontrolled diabetes or other metabolic disorders
* Patients with a history of psychiatric or neurological disorders that may affect their ability to participate in the study
* Patients with a history of alcohol or substance abuse within the past 6 months
* Patients with a history of participation in other clinical trials within the past 4 weeks
* Patients with a history of positive results on tumor screening tests within the past 4 weeks
* Patients with a history of positive results on HIV Infection or hepatitis screening tests
* Patients with a history of positive results on tuberculosis screening tests
* Patients with a history of positive results on other infectious disease screening tests as determined by the investigator"
12678713,['Not Specified'],INTERVENTIONAL,ALL,18 Years,Not Specified,"Inclusion Criteria:

* Data from outpatient and inpatient CXRs collected for Norway for the years 2013–2022

Exclusion Criteria:

* No specific exclusion criteria were mentioned in the article"
12532782,"['Pulmonary Embolism', 'Heart Failure', 'Pneumothorax']",OBSERVATIONAL,ALL,18 Years,Not Specified,"Inclusion Criteria:

* Adult patients (≥ 18 years of age) who presented to the emergency room with dyspnea listed as one of their complaints

Exclusion Criteria:

* Patients < 18 years of age
* Pregnant patients
* Non-English speaking patients
* Prisoners
* Patients with altered mental status"
6332516,['Pain'],INTERVENTIONAL,ALL,16 Years,Not Specified,"Inclusion Criteria:

* Patients who were prescribed plain abdominal radiography (PAR) that was performed in the emergency departments (EDs) of two hospitals in Geneva, Switzerland between 1 January and 31 December 2015.

Exclusion Criteria:

* Patients who were prescribed PAR that was not subsequently performed"
12033135,"['mammography', 'quality control (QC)', 'image quality (IQ) metrics', 'TORMAS phantoms']",INTERVENTIONAL,ALL,18 Years,Not Specified,"Inclusion Criteria:

* Participants are TORMAS phantoms.

Exclusion Criteria:

* Defective phantoms"
12696010,"['Echocardiography', 'Ultrasonography']",OBSERVATIONAL,ALL,10 Years,32 Years,"Inclusion Criteria:

* 10-week-old Wistar-Kyoto rats

Exclusion Criteria:

* Not specified"
12691365,"['Ankylosing Spondylitis', 'Inflammation', 'Stress']",INTERVENTIONAL,ALL,18 Years,75 Years,"Inclusion Criteria:

* Subject is aged between 18 and 75 years
* Subject has a confirmed diagnosis of Ankylosing Spondylitis (Ankylosing Spondylitis)
* Subject is HLA-B27 positive

Exclusion Criteria:

* Subject has a history of malignancy within the past 5 years
* Subject has a history of active infection or is currently receiving antibiotics
* Subject has a history of autoimmune disease other than Ankylosing Spondylitis
* Subject has a history of chronic kidney disease or liver disease
* Subject has a history of heart disease or hypertension
* Subject is pregnant or breastfeeding
* Subject has a history of allergy to contrast agents
* Subject has a history of claustrophobia or is unable to lie still during Magnetic Resonance Imaging scanning
* Subject has a history of metal implants in the body that may interfere with Magnetic Resonance Imaging scanning
* Subject has a history of participation in another clinical trial within the past 30 days
* Subject has a history of alcohol or drug abuse within the past 6 months
* Subject has a history of psychiatric illness or is currently taking psychiatric medication
* Subject has a history of any other medical condition that, in the opinion of the investigator, may interfere with the study or study results"
11997706,"['Breast Cancer', 'Cancer']",INTERVENTIONAL,ALL,18 Years,Not Specified,"Inclusion Criteria:

* Diagnosis of breast cancer or benign breast lesion
* Age ≥ 18 years
* Participants who received suspicious breast imaging results (Breast Imaging Reporting and Data System (BI-RADS) Assessment Category of 4 (Suspicious Abnormality) or 5 (Highly Suggestive of Malignancy))
* Underwent a standard of care diagnostic biopsy within 60 days to determine the pathological characteristics

Exclusion Criteria:

* miRNA microarray data with fewer than 250 miRNA signals"
12686638,"['Osteoarthritis', 'Learning']",INTERVENTIONAL,ALL,18 Years,Not Specified,"Inclusion Criteria:

* Participants with knee osteoarthritis (Knee osteoarthritis) diagnosed using X-ray images
* Participants with Kellgren-Lawrence (KL) grades 0-4

Exclusion Criteria:

* Participants with Knee osteoarthritis diagnosed using imaging other than X-ray"
11674558,"['Handheld Ultrasound', 'Ultrasonography']",INTERVENTIONAL,ALL,18 Years,Not Specified,"Inclusion Criteria:

* Patients with suspected pneumonia in the hospital-at-home (HaH) model

Exclusion Criteria:

* Patients with a history of lung surgery or other conditions that may affect lung ultrasound (LUS) interpretation"
