pmcids,conditions,study_type,sex,minimum_age,maximum_age,eligibility_criteria
11452962,['Behavior'],INTERVENTIONAL,FEMALE,18 Years,Not Specified,"Inclusion Criteria:

* Patients with a genetic or chromosomic disease (n = 4) or who had suffered severe head trauma during childhood
* Pregnant women who agreed to participate in the study"
11731389,"['Left Ventricular Ejection Fraction', 'Stroke', 'Cancer']",INTERVENTIONAL,ALL,18 Years,Not Specified,"Inclusion Criteria:

* Patients aged 18 to 85 years of age
* Diagnosis of stage I-IV non-Hodgkin's lymphoma
* receipt of anthracycline-based chemotherapy or other potentially cardiotoxic cancer therapies (e.g., immunotherapies or radiation)
* Ability to speak and understand English
Exclusion Criterion:
* Contraindication for magnetic resonance imaging (MRI)"
12597553,['Inflammation'],INTERVENTIONAL,ALL,18 Years,Not Specified,"Inclusion Criteria:

* Age ≥ 18 years
* Patient with severe asthma
* Paucigranulocytic sputum
* Eosinophil-free granules
* Metastatic asthma

Exclusion Criterion:
* Inability to provide written informed consent
* Contraindication to bronchodilator"
12675164,"['Nasopharyngeal Carcinoma', 'Prognostic Factors']",OBSERVATIONAL,ALL,18 Years,Not Specified,"Inclusion Criteria:

* Patients with stage III to IVa disease (according to American Joint Committee on Cancer (AJCC) 8th head and neck tumor staging criteria)
* Patient who has received antitumor treatment before DECT examination (2); had insufficient image quality and data for evaluation and reconstruction;
* Pregnant or lactating women"
10041670,"['Heart Failure', 'Echocardiography']",OBSERVATIONAL,ALL,18 Years,Not Specified,"Inclusion Criteria:

* Age ≥ 70 years
* Diagnostic accuracy of cardiovascular magnetic resonance strain analysis and atrial size to identify heart failure with preserved ejection fraction (HFpEF)
* Previous cardiac imaging indicating significant coronary artery disease (i.e. FEV1 < 50% predicted), cardiomyopathy, and constrictive pericarditis"
12378737,['Sarcoidosis'],OBSERVATIONAL,ALL,18 Years,Not Specified,"Inclusion Criteria:

* Patients with a history of systemic corticosteroid, hydroxychloroquine sulphate or immunosuppressive therapy in the previous 6 months
* Use of a standard treatment regimen (including recent treatments such as antibiotics), urinary tract infection or urinary lithiasis at the time of sampling
* Written informed consent"
10914657,"['Head and Neck Cancer', 'Cancer']",INTERVENTIONAL,ALL,18 Years,Not Specified,"Inclusion Criteria:

* Age ≥ 60 years
* Diagnosis of squamous cell carcinoma by consultant surgeons on the national otolaryngology specialist register (minimum four years experience)

Exclusion Criterion:
* Contraindication to MRI
* Pregnant or lactating women"
1766565,"['Gadolinium', 'Pancreatic Cancer']",OBSERVATIONAL,ALL,18 Years,Not Specified,"Inclusion Criteria:

* Patients must be able to provide written informed consent
* Patient must have a diagnosis of pancreatic cancer

Exclusion Criterion:
* Contraindication to MRI
* Inability to provide informed consent"
11624772,"['Cardiac Magnetic Resonance Imaging', 'Left Ventricular Ejection Fraction', 'Heart Failure']",INTERVENTIONAL,ALL,18 Years,Not Specified,"Inclusion Criteria:

* Patients with symptomatic HF and severe left ventricular systolic dysfunction (LVEF≤35% despite established treatment with sacubitril/valsartan (Entresto) and dapaglifloziN on left Ventricular reverse remodelling as demonstrated by cardiac magnetic resonance (CMR) Imaging

Exclusion Criterion:
* Pregnant or lactating women"
11320487,['inflammatory bowel disease'],OBSERVATIONAL,ALL,18 Years,Not Specified,"Inclusion Criteria:

* Healthy volunteers with no history of abdominal surgery or bowel disease and at least 18 years of age
* Subjects with a history of fecal impaction, increased peristalsis, and general MRI contraindications"
11565010,['Cirrhosis'],INTERVENTIONAL,ALL,18 Years,Not Specified,"Inclusion Criteria:

* Age ≥ 18 years
* Patients with a history of cirrhosis
* Patient who has undergone a series of systemic cirrhotic ascites

Exclusion Criterion:
* Pregnant or lactating women
* Inability to provide written informed consent"
12670764,"['Peripheral nerves', 'Sciatic nerve crush injury']",INTERVENTIONAL,ALL,18 Years,Not Specified,"Inclusion Criteria:

* Patients with sciatic nerve injury
* Age \> 18 years
* Ability to provide written informed consent

Exclusion Criterion:
* Pregnant or lactating women"
12687485,"['Coronary Computed Tomography Angiography', 'Coronary Disease', 'Atherosclerosis', 'CT Angiography', 'Angina']",OBSERVATIONAL,ALL,18 Years,Not Specified,"Inclusion Criteria:

* Age ≥ 18 years
* Diagnosis of exertional ischemia
* Contraindication to coronary CT angiography

Exclusion Criterion:
* Pregnant or lactating women"
12644564,"['Neuroendocrine Tumors', 'Pancreatic Neuroendocrine Tumor']",INTERVENTIONAL,ALL,18 Years,Not Specified,"Inclusion Criteria:

* Patients with pancreatic neuroendocrine tumors (PNET) who are able to provide written informed consent

Exclusion Criterion:
* PNET patients who are unable to provide informed consent"
12628996,['Pain'],INTERVENTIONAL,MALE,18 Years,Not Specified,"Inclusion Criteria:

* Age ≥ 18 years
* Ability to provide written informed consent

Exclusion Criterion:
* Pregnant or lactating women"
9803799,"['Migraine', '18F-FDG']",OBSERVATIONAL,ALL,18 Years,Not Specified,"Inclusion Criteria:

* Age ≥ 18 years
* Diagnosis of visual snow with dynamic, continuous, black and white tiny dots in the entire visual field lasting longer than 3 months
* History of frequent migraine attacks, substance abuse or current use of any central acting medication, first-degree relatives with dementia"
12680574,['Not Specified'],INTERVENTIONAL,ALL,18 Years,Not Specified,"Inclusion Criteria:

* Age ≥ 18 years
* Ability to provide written informed consent

Exclusion Criterion:
* Pregnant or lactating women"
3872721,['Multiple Sclerosis'],OBSERVATIONAL,ALL,18 Years,Not Specified,"Inclusion Criteria:

* Age ≥ 18 years
* Diagnosis of multiple sclerosis
* History of clinical relapses
* Previous treatment with corticosteroids

Exclusion Criterion:
* Prior treatment with natalizumab or fingolimod
* Any inflammatory diseases or frequent migraine attacks"
12530898,"['Acute Ischemic Stroke', 'Ischemic Stroke', 'Hemorrhage', 'Stroke']",OBSERVATIONAL,ALL,18 Years,Not Specified,"Inclusion Criteria:

* Patients with acute ischemic stroke who underwent mechanical thrombectomy between April 2020 and March 2023
Exclusion Criterion:
* Pregnant or lactating women"
11873289,"['gamma-amino-butyric acid (GABA)', 'Glx', 'major depressive disorder (MDD)']",INTERVENTIONAL,ALL,18 Years,Not Specified,"Inclusion Criteria:

* Participants must meet the DSM-IV criteria for a major depressive episode verified by trained rater with the SCID-IV and a score of 22 or higher on the Montgomery-Asberg Depression Rating Scale (MADRS).

Exclusion Criterion:
* Previous failure of escitalopram therapy, ECT within 6 months.
* Contraindications to MRI or PET imaging (e.g., metal implants, current pregnancy, or breastfeeding)."
8270927,"['Carotid Stenosis', 'Inflammation', 'Hemorrhage', '18F-FDG']",OBSERVATIONAL,ALL,18 Years,Not Specified,"Inclusion Criteria:

* Age \> 80 years
* Diagnosis of carotid stenosis
* Prior endarterectomy
* Contraindication to 18F-FDG
* Pregnant or lactating women"
12382987,"['Specific Phobia', 'Anxiety']",INTERVENTIONAL,ALL,18 Years,Not Specified,"Inclusion Criteria:

* Age \> 18 years
* Diagnosis of claustrophobia
* History of major psychiatric disorders (e.g., major depression, schizophrenia, or substance use disorders)
* Ability to understand and sign the informed consent form

Exclusion Criterion:
* Pregnant or lactating women"
11883088,"['Anterosuperior Cuff Tears', 'Supraspinatus Tears', 'Subscapularis Tears']",INTERVENTIONAL,ALL,18 Years,Not Specified,"Inclusion Criteria:

* Age ≥ 18 years
* Ability to provide written informed consent

Exclusion Criterion:
* Unable to provide informed consent"
11911039,"['Normal Pressure Hydrocephalus', 'Hydrocephalus']",OBSERVATIONAL,ALL,18 Years,Not Specified,"Inclusion Criteria:

* Patients with a median (Md) age 76 (range 65–85) years
* Contraindications to MRI, anticoagulant or antiplatelet medication beyond acetylsalicylic acid
* Age \> 18 years
Exclusion Criterion:
* Pregnant or lactating women"
12543338,['Inflammatory Bowel Disease (IBD)'],INTERVENTIONAL,ALL,18 Years,Not Specified,"Inclusion Criteria:

* Age ≥ 18 years
* Diagnosis of inflammatory bowel disease (IBD)

Exclusion Criterion:
* Pregnant or lactating women
* Contraindication to MRI
* Inability to provide written informed consent"
11876024,['Multiple Sclerosis'],INTERVENTIONAL,ALL,18 Years,Not Specified,"Inclusion Criteria:

* Age ≥ 18 years
* Ability to provide written informed consent

Exclusion Criterion:
* Pregnant or lactating women"
12673831,"['Myocarditis', 'Inflammation']",INTERVENTIONAL,ALL,18 Years,Not Specified,"Inclusion Criteria:

* Age ≥ 18 years
* Diagnosis of acute myocarditis
* Patient who has undergone a life support-based treatment

Exclusion Criterion:
* Pregnant or lactating women
* Inability to provide written informed consent"
9563818,"['Radiation Exposure', 'Breast Cancer', 'Cancer']",INTERVENTIONAL,FEMALE,18 Years,Not Specified,"Inclusion Criteria:

* Age ≥ 18 years
* Ability to provide written informed consent

Exclusion Criterion:
* Known intolerance/hypersensitivity to iron or dextran compounds"
8179912,"['Amyloid transthyretin (ATTR) amyloidosis with polyneuropathy (PN)', 'chronic inflammatory demyelinating polyradiculoneuropathy (CIDP)', 'idiopathic axonal polyneuropathy', 'lumbar spinal stenosis', 'diabetic neuropathy', 'AL amyloidosis']",INTERVENTIONAL,ALL,18 Years,Not Specified,"Inclusion Criteria:

* Age ≥ 18 years
* Diagnosis of ATTR amyloidosis with polyneuropathy (PN)
* Patients with bilateral carpal tunnel syndrome or atypical CIDP with any of the above symptoms

Exclusion Criterion:
* Inability to provide written informed consent
* Unable to provide informed consent"
12619081,"['Traumatic Brain Injury', 'Stroke']",OBSERVATIONAL,ALL,18 Years,Not Specified,"Inclusion Criteria:

* Patients who underwent a hemicraniectomy for traumatic brain injury
* Pregnant or lactating women"
6071080,"['Tourette Syndrome', 'Stroke']",INTERVENTIONAL,ALL,18 Years,Not Specified,"Inclusion Criteria:

* Age ≥ 18 years
* Ability to provide written informed consent

Exclusion Criterion:
* Pregnant or lactating women"
7134551,"['COVID-19', 'Cough', 'Pain']",OBSERVATIONAL,ALL,18 Years,Not Specified,"Inclusion Criteria:

* Patients with laboratory-confirmed COVID-19 infection (reverse transcription polymerase chain reaction, RT-PCR)
* Patient clinically able to fulfill the questionnaire"
12686522,['Stroke'],OBSERVATIONAL,ALL,18 Years,Not Specified,"Inclusion Criteria:

* Age ≥ 18 years
* Diagnosis of acute ischemic cerebrovascular disease (AICVD)
* Pregnant or lactating women"
10278496,"['Breast Cancer', 'Cancer']",INTERVENTIONAL,FEMALE,18 Years,Not Specified,"Inclusion Criteria:

* Patients with stage 0-III unilateral breast cancer
* Age ≥18 years
* Ability to suspend intake of benzodiazepines and to undergo brain MRI
* Contraindication to MRI imaging (e.g., ferromagnetic metal in their body)
* Previous use of psychotropic medication
* Current use of alcohol abuse/dependence
* Pregnant or lactating women"
12566829,"['Lung Cancer', 'Cancer']",INTERVENTIONAL,ALL,18 Years,Not Specified,"Inclusion Criteria:

* Patients must meet all of the following criteria:
* Age ≥ 18 years
* Diagnosis of lung cancer
* Biomimetic SPIONs
* Contraindication to MRI
* Inability to provide written informed consent"
4755166,"['MRI Imaging', 'Stroke', 'Pain']",OBSERVATIONAL,ALL,18 Years,Not Specified,"Inclusion Criteria:

* Patients with a history of stroke/transient ischemic attack (TIA)
* Patient with a record of a cardiac device or other implantable device that is contraindicated for MRI"
6200912,"['disorders of consciousness (DoC)', 'unresponsive wakefulness syndrome (UWS)', 'minimally conscious state (MCS)', 'emerged from MCS (EMCS)']",INTERVENTIONAL,ALL,18 Years,Not Specified,"Inclusion Criteria:

* Patients with a diagnosis of UWS, MCS or EMCS according to standard diagnostic criteria (e.g., traumatic, vascular or anoxic brain injury).
* Patient with a history of psychiatric or neurodegenerative diseases.

Exclusion Criterion:
* Pregnant or lactating women."
5862961,"['Hepatocellular Carcinoma', 'HCC']",OBSERVATIONAL,ALL,18 Years,Not Specified,"Inclusion Criteria:

* Patients with a known liver lesion, without a contra-indication for an MRI examination and GFR ≥ 40 ml/min/1.73 m2
* Patient with a contraindication for MRI (claustrophobia, MRI incompatible medical devices, or embedded foreign bodies)
* Pregnant or lactating women"
12336476,"['Alzheimer’s disease (AD)', 'neurodegenerative diseases']",INTERVENTIONAL,ALL,18 Years,Not Specified,"Inclusion Criteria:

* Age ≥ 18 years
* Diagnosis of Alzheimer's disease
* Patient with a diagnosis of AD
* Pregnant or lactating women

Exclusion Criterion:
* Inability to provide written informed consent"
12587600,['Traumatic Brain Injury'],OBSERVATIONAL,ALL,18 Years,Not Specified,"Inclusion Criteria:

* Age \> 18 years
* Diagnosis of moderate to severe traumatic brain injury (TBI)
* Scheduled to undergo a Glasgow Coma Scale (GCS) score of less than 12 upon admission"
12524039,"['Endometriosis', 'Inflammation', 'Anxiety']",INTERVENTIONAL,FEMALE,18 Years,Not Specified,"Inclusion Criteria:

* Age between 20 and 50 years
* Diagnosis of dysmenorrhea, HMB, or infertility
* complaint of chronic insomnia, neurological, or other diseases that may affect heart rate variability (HRV)

Exclusion Criterion:
* Contraindication to hormonal, antiplatelet drugs, oral contraceptives"
8358155,['Atherosclerosis'],INTERVENTIONAL,ALL,18 Years,Not Specified,"Inclusion Criteria:

* Age \<67 years
* Diagnosis of carotid atherosclerosis (defined as having ≥15% stenosis by ultrasound)
* Patient with adequate healthcare coverage

Exclusion Criterion:
* Pregnant or lactating women"
9390233,['Pediatric Patients'],INTERVENTIONAL,ALL,18 Years,Not Specified,"Inclusion Criteria:

* Patients with known or suspected renal insufficiency (eGFR out of age-adjusted reference ranges), known cardiac disease, severe liver disease, or planning to receive any other contrast agent 1 week prior or after gadopiclenol administration.
* Pregnant or lactating women."
12579244,['Hernia'],INTERVENTIONAL,ALL,18 Years,Not Specified,"Inclusion Criteria:

* Patients aged 4-6 months
* Patient who is able to provide written informed consent

Exclusion Criterion:
* Pregnant or lactating women"
10563854,"['Hypertension', 'Radiation Exposure']",OBSERVATIONAL,ALL,18 Years,Not Specified,"Inclusion Criteria:

* Patients aged 18-75 years
* Patient with a diagnosis of chronic thromboembolic pulmonary hypertension

Exclusion Criterion:
* Pregnant or lactating women"
7684719,"['Traumatic Brain Injury', 'Inflammation']",OBSERVATIONAL,ALL,18 Years,Not Specified,"Inclusion Criteria:

* History of a previous brain injury, preexisting headache, neurological disease, concurrent substance or alcohol abuse
* Patient with a skull fracture and administration of sedatives
* The manifestation of mild TBI due to medications by other injuries (e.g., systemic injuries, facial injuries, trauma, language barrier, coexisting medical conditions)"
8218141,"['Lung Cancer', 'Cancer']",OBSERVATIONAL,ALL,18 Years,Not Specified,"Inclusion Criteria:

* Histologically confirmed SCLC
* Patients referred to standard chemotherapy
* Patient referred to reinduction of standard chemotherapy"
6434426,"['chronic kidney disease (CKD)', 'iron deficiency anemia (IDA)']",INTERVENTIONAL,ALL,18 Years,Not Specified,"Inclusion Criteria:

* Age ≥ 18 years
* Patient who underwent hemodialysis for ≥ 3 months before screening with IDA
* Hemoglobin levels at screening of < 11.5 g/dL and transferrin saturation (TSAT) < 30%
* Patients not previously exposed to serum ferritin was > 800 ng/mL"
12594720,"['Cardiac Magnetic Resonance Imaging', 'Cancer']",INTERVENTIONAL,ALL,18 Years,Not Specified,"Inclusion Criteria:

* Age ≥ 18 years
* Diagnosis of acute or chronic myocardial disease
* Contraindication to gadolinium contrast
* Pregnant or lactating women"
12693287,"['Echocardiography', 'Stress']",OBSERVATIONAL,ALL,18 Years,Not Specified,"Inclusion Criteria:

* Age ≥ 18 years
* Patient with a history of mitral valve prolapse (MVP)
* Ability to provide written informed consent

Exclusion Criterion:
* Pregnant or lactating women"
3088829,['pelvic floor disorders'],OBSERVATIONAL,FEMALE,18 Years,Not Specified,"Inclusion Criteria:

* Age ≥ 28 years
* Diagnosis of pelvic floor disease and/or previous pelvic surgery

Exclusion Criterion:
* Pregnant or lactating women"
10514872,"['X-nuclear application', 'hyperpolarised experiments', 'sodium', 'hyperpolarised carbon', 'hyperpolarised xenon']",INTERVENTIONAL,ALL,18 Years,Not Specified,"Inclusion Criteria:

* Age ≥ 18 years
* Ability to provide written informed consent

Exclusion Criterion:
* Pregnant or lactating women"
6615588,"['Lumbar Disc Herniation', 'Pain']",INTERVENTIONAL,ALL,18 Years,Not Specified,"Inclusion Criteria:

* Age ≥ 18 years
* Diagnosis of Lumbar Disc Herniation Patients with Large Annular Defects: A Systematic Review of Techniques and Outcomes in this High-risk Population will be performed within the next 6 months

Exclusion Criterion:
* Pregnant or lactating women
* Inability to provide written informed consent"
11106436,"['HCC', 'Hepatocellular Carcinoma']",OBSERVATIONAL,ALL,18 Years,Not Specified,"Inclusion Criteria:

* Patients at high risk for HCC, such as cirrhosis, chronic hepatitis B, and a history of HCC
* Age of 18-80 years old
* Pregnant women"
12554429,"['Radiology', 'Pain']",OBSERVATIONAL,ALL,18 Years,Not Specified,"Inclusion Criteria:

* Age ≥18 years
* Patients with acute abdominal pain
* Patient with a history of bowel obstruction
* Pregnant or lactating women
* Inability to provide written informed consent"
12591743,"['Malignant Brain Tumors', 'PET Imaging']",INTERVENTIONAL,ALL,18 Years,Not Specified,"Inclusion Criteria:

* Patients with malignant brain tumors between 3 June 2019 and 9 January 2024 who underwent brain 18F-FET PET/magnetic resonance (MR) scanning followed by surgery
* Patient with significant motion artifacts on PET/MR images"
12431272,"['Ultrasonography', 'Osteoarthritis', 'Stress']",OBSERVATIONAL,ALL,18 Years,Not Specified,"Inclusion Criteria:

* Patients with unilateral or bilateral knee osteoarthritis
* Age ≥ 60 years
* Ability to walk smoothly and the presence of arthroscopic findings"
11081383,"['Lung Nodules', 'Lung Cancer', 'Cancer']",OBSERVATIONAL,ALL,18 Years,Not Specified,"Inclusion Criteria:

* Age ≥ 18 years
* Patient with a diagnosis of lung cancer
* Diagnosis of mediastinal mass
* Medically ordered MRI scan

Exclusion Criterion:
* Inability to provide written informed consent"
11797914,['Temperature'],INTERVENTIONAL,ALL,18 Years,Not Specified,"Inclusion Criteria:

* Age ≥ 18 years
* Ability to provide written informed consent

Exclusion Criterion:
* Pregnant or lactating women"
10449626,"['Prostate Cancer', 'Cancer']",INTERVENTIONAL,MALE,18 Years,Not Specified,"Inclusion Criteria:

* Age ≥ 18 years
* Ability to provide written informed consent"
11674553,"['autism spectrum disorder (ASD)', 'obsessive–compulsive disorder (OCD)', 'problematic Internet use (PIU)']",INTERVENTIONAL,ALL,18 Years,Not Specified,"Inclusion Criteria:

* Age \> 18 years
* Ability to provide written informed consent

Exclusion Criterion:
* Mental disabilities
* Language or intellectual impairments
* Pregnant or lactating women"
12308866,"['Fertility', 'Cancer']",INTERVENTIONAL,MALE,18 Years,Not Specified,"Inclusion Criteria:

* Age ≥ 18 years
* Diagnostic and prognostic implications of testicular microlithiasis
* Pregnant or lactating women
* Ability to provide written informed consent

Exclusion Criterion:
* History of undescended testis"
7867955,"['Anxiety', 'Stress', 'Pain']",INTERVENTIONAL,ALL,18 Years,Not Specified,"Inclusion Criteria:

* Patients aged 0 to 18 years
* Patient who has undergone intranasal sedation

Exclusion Criterion:
* Pregnant or lactating women"
6106645,['Inflammation'],INTERVENTIONAL,ALL,18 Years,Not Specified,"Inclusion Criteria:

* Age ≥ 18 years
* Ability to provide written informed consent

Exclusion Criterion:
* Contraindication to MRI
* Inability to provide informed consent"
9292692,['NAFLD'],INTERVENTIONAL,ALL,18 Years,Not Specified,"Inclusion Criteria:

* Patients aged 18‐75 years
* Patient with a BMI \< 25 kg/m2
* Pregnant or lactating women
* Known or suspected increased consumption of alcohol (>12 g/day for women)

Exclusion Criterion:
* Contraindication to semaglutide"
10864943,['Multiple Sclerosis'],INTERVENTIONAL,ALL,18 Years,Not Specified,"Inclusion Criteria:

* Patients with a history of receiving any treatment for MS
* Age \> 18 years
* Ability to provide written informed consent

Exclusion Criterion:
* History of hypersensitivity to GA or any component of the formulation
* Pregnant or lactating women"
12559896,['Nasopharyngeal Carcinoma'],INTERVENTIONAL,ALL,18 Years,Not Specified,"Inclusion Criteria:

* Age ≥ 18 years
* Patient with a diagnosis of NPC
* Patients with a history of lymphatic drainage in the nasopharynx

Exclusion Criterion:
* Pregnant or lactating women
* Inability to provide written informed consent
* Contraindication to MRI"
8932090,['Pain'],INTERVENTIONAL,ALL,18 Years,Not Specified,"Inclusion Criteria:

* Patients with idiopathic cerebellar ataxia
* Age ≥ 18 years
* Ability to sit safely and use a stationary exercise bike"
12286055,['Patient Safety'],INTERVENTIONAL,ALL,18 Years,Not Specified,"Inclusion Criteria:

* Age \> 18 years
* Ability to provide written informed consent

Exclusion Criterion:
* Pregnant or lactating women"
11315271,"['Prostate Cancer', 'Cancer']",INTERVENTIONAL,MALE,18 Years,Not Specified,"Inclusion Criteria:

* Age ≥ 50 years
* Diagnosis of prostate cancer
* PSA ≥ 3 ng/mL
* Previous prostate biopsy

Exclusion Criterion:
* Prior prostate cancer"
9438255,"['Pediatric anesthesia', 'Neonatal anesthesia']",INTERVENTIONAL,ALL,18 Years,Not Specified,"Inclusion Criteria:

* Patients aged from birth up to 14 years old
* Neonatal Intensive Care Unit neonates scheduled for a specified pediatric anesthesia activity for MRI

Exclusion Criterion:
* Pregnant or lactating women"
5275770,"['tumors', 'colorectal tumor models']",INTERVENTIONAL,ALL,18 Years,Not Specified,"Inclusion Criteria:

* Patients aged ≥ 18 years
* Patient with a diagnosis of colorectal carcinoma

Exclusion Criterion:
* Pregnant or lactating women
* Contraindication to MRI
* Inability to provide written informed consent"
7483757,['Meditation'],INTERVENTIONAL,ALL,18 Years,Not Specified,"Inclusion Criteria:

* Age ≥ 18 years
* Ability to provide written informed consent

Exclusion Criterion:
* Inability to understand and sign informed consent"
12643829,"['Inflammation', 'Cirrhosis']",OBSERVATIONAL,ALL,18 Years,Not Specified,"Inclusion Criteria:

* Patients with a history of cirrhosis
* Age \>18 years
* Diagnosis of liver cancer
* Patient with a diagnosis of liver disease

Exclusion Criterion:
* Pregnant or lactating women
* Contraindication to echocardiography"
6249873,"['Stress', 'Left Ventricular Ejection Fraction']",INTERVENTIONAL,ALL,18 Years,Not Specified,"Inclusion Criteria:

* Age ≥ 55 years
* Patient with known coronary artery disease
* Known coronary artery revascularization

Exclusion Criterion:
* Pregnant or lactating women"
8560591,"['Prostate Cancer', 'Cancer']",INTERVENTIONAL,MALE,18 Years,Not Specified,"Inclusion Criteria:

* Patients aged ≥ 30 years
* Patient with persistently elevated prostate-specific antigen (PSA) > 4 ng/mL
* Pregnant or lactating women"
6325447,['Safety of MRI'],INTERVENTIONAL,ALL,18 Years,Not Specified,"Inclusion Criteria:

* Patients with pacemakers or implantable cardioverter-defibrillators who underwent MRI
* Patient with a history of tachyarrhythmia
* Pregnant or lactating women"
4766093,['Glioblastoma'],INTERVENTIONAL,ALL,18 Years,Not Specified,"Inclusion Criteria:

* Patients with unequivocal evidence of recurrent bevacizumab-naïve, histologically confirmed GBM
* Age ≥ 18 years
* Diagnosis of a WHO grade II or III glioma
* Radiographic characteristics of a GBM, WHO grade IV"
11671888,"['Axial Spondyloarthritis', 'Spondyloarthritis']",INTERVENTIONAL,ALL,18 Years,Not Specified,"Inclusion Criteria:

* Patients with suspected axial spondyloarthritis
* Age ≥ 18 years
* Diagnosis of axSpA

Exclusion Criterion:
* Pregnant or lactating women"
11032209,['Gadolinium'],OBSERVATIONAL,ALL,18 Years,Not Specified,"Inclusion Criteria:

* Age 18-80 years old
* Ability to understand written consent documents and HIPAA authorization prior to initiation of study-related procedures by passing a Mini-Mental State Exam

Exclusion Criterion:
* Known allergy to ferumoxytol or any intravenous iron preparation
* History of iron saturation above the upper limit of normal
* A contraindication to MRI"
12270624,['Cirrhosis'],OBSERVATIONAL,ALL,18 Years,Not Specified,"Inclusion Criteria:

* Patients with acute kidney injury (AKI)
* Age ≥ 18 years
* Diagnosis of HRS-AKI
* Pregnant or lactating women

Exclusion Criterion:
* Contraindication to MRI
* Any condition that would impede a participant's competence, compliance, or completion of the study"
10654496,"['Inflammation', 'Cirrhosis']",OBSERVATIONAL,ALL,18 Years,Not Specified,"Inclusion Criteria:

* Age \> 18 years
* Diagnosis of cirrhosis within the past 6 months based on unambiguous clinical, biochemical and imaging results, liver elastography, or histology verified by liver biopsy
* Patients for whom the investigative program was delayed or not initiated within 6 months of their diagnosis.

Exclusion Criterion:
* Pregnant or lactating women"
12549457,['Not Specified'],INTERVENTIONAL,ALL,18 Years,Not Specified,"Inclusion Criteria:

* Age ≥ 18 years
* Patient with metallic implants
* Ability to provide written informed consent

Exclusion Criterion:
* Inability to provide informed consent"
12698388,"['Breast Cancer', 'Cancer']",INTERVENTIONAL,FEMALE,18 Years,Not Specified,"Inclusion Criteria:

* Histologically confirmed breast cancer, without previous axillary surgery, who underwent bilateral axillary US assessment, prior to any treatment.
* Patients with concurrent systemic diseases such as lymphoma, leukemia, autoimmune diseases (eg rheumatoid arthritis), as they may potentially affect the imaging appearance of the lymph nodes."
8113620,['Multiple Sclerosis'],INTERVENTIONAL,ALL,18 Years,Not Specified,"Inclusion Criteria:

* Age between 18 and 65 years
* Diagnosis of primary progressive or secondary progressive multiple sclerosis according to the McDonald criteria version 2005
* At least 30 days between the last exacerbation and study screening
* Immunomodulatory or immunosuppressive drugs, with exception of methylprednisolone up to 3 months before screening"
9994840,['Cancer'],INTERVENTIONAL,ALL,18 Years,Not Specified,"Inclusion Criteria:

* Age greater than or equal to 18 years
* History of distant metastases on baseline computed tomography (CT) or positron emission tomography-CT scan
* Evidence of positive lateral pelvic lymph node
* Prior pelvic radiation therapy"
6153507,['hypoglycemia'],INTERVENTIONAL,ALL,18 Years,Not Specified,"Inclusion Criteria:

* Age 18-40 years
* Patient willing to reside on the inpatient unit for 4 days
* Contraindication to MRI
* Previous diagnosis of type 1 or 2 diabetes mellitus
* Current use of prescription medications
* History of obsessive compulsive disorder"
12428292,"['Type 2 Diabetes', 'Stress']",OBSERVATIONAL,ALL,18 Years,Not Specified,"Inclusion Criteria:

* Patients aged 30 to 95 years
* Patient with confirmed CAD
* Hemoglobin A1c (HbA1c) 6.5-10%.BMI 22-30 kg/m2
* Valvular heart disease
* Non-ischemic cardiomyopathy"
9410701,['Stroke'],INTERVENTIONAL,ALL,18 Years,Not Specified,"Inclusion Criteria:

* Age \> 18 years
* Signed informed consent

Exclusion Criterion:
* Language and/or cognitive impairments that preclude the person from following instructions (defined as Mini-Mental State Examination, MMSE ≤ 20 score)
* Pregnant or lactating women"
10858144,['Bradycardia'],INTERVENTIONAL,ALL,18 Years,Not Specified,"Inclusion Criteria:

* Patients with a history of allergic reactions to midazolam or dexmedetomidine, liver or kidney dysfunction, severe respiratory obstruction, severe upper respiratory infection (URI), or severe cardiac arrhythmia
* Patient who underwent procedural sedation
* Pregnant or lactating women"
12612563,"['Prostate Cancer', 'Cancer']",INTERVENTIONAL,MALE,18 Years,Not Specified,"Inclusion Criteria:

* Patients aged 18-75 years
* Patient who is able to provide written informed consent

Exclusion Criterion:
* Pregnant or lactating women"
9777095,"['Heart Disease', 'Contrast Media']",OBSERVATIONAL,ALL,18 Years,Not Specified,"Inclusion Criteria:

* Patients with congenital heart disease.
* Age ≥ 18 years.

Exclusion Criterion:
* Contraindication to gadolinium-enhanced magnetic resonance imaging."
12514835,['Aortic Aneurysm'],INTERVENTIONAL,ALL,18 Years,Not Specified,"Inclusion Criteria:

* Age ≥ 18 years
* Patients with a history of aortic aneurysm
* Patient who has undergone a CT scan
* Pregnant or lactating women

Exclusion Criterion:
* Inability to provide written informed consent
* Contraindication to MRI
* Unable to provide informed consent"
6753516,"['single-sided deafness', 'Cochlear Implant']",INTERVENTIONAL,ALL,18 Years,Not Specified,"Inclusion Criteria:

* Age ≥ 18 years
* Ability to provide written informed consent

Exclusion Criterion:
* Pregnant or lactating women"
12550621,"['Parkinson’s Disease (PD)', 'GBA1']",INTERVENTIONAL,ALL,18 Years,Not Specified,"Inclusion Criteria:

* Patients aged 18-75 years
* Patient with a diagnosis of Parkinson's disease
* Pregnant or lactating women"
11986457,['Neuroendocrine Tumors'],INTERVENTIONAL,ALL,18 Years,Not Specified,"Inclusion Criteria:

* Patients must be able to provide written informed consent
* Patient must be willing to participate in the study.

Exclusion Criterion:
* Pregnant or lactating women."
11989814,"['brain metastasis progression (MP)', 'brain radionecrosis (RN)']",OBSERVATIONAL,ALL,18 Years,Not Specified,"Inclusion Criteria:

* Patients aged 18-75 years
* Patient with a diagnosis of brain metastasis
* Diagnosis of brain radionecrosis

Exclusion Criterion:
* Pregnant or lactating women
* Inability to provide informed consent
* Unable to provide written informed consent"
12316137,"['Head and Neck Cancer', 'Cancer']",INTERVENTIONAL,ALL,18 Years,Not Specified,"Inclusion Criteria:

* Newly diagnosed stage cT2-4N0-2M0 SCC of the oropharynx
* Previous anticancer treatment to the head and neck area
* History of invasive malignancies within the last 3 years"
10681241,['Cancer'],INTERVENTIONAL,ALL,18 Years,Not Specified,"Inclusion Criteria:

* Patients with confirmed pancreatic ductal adenocarcinoma (PDAC)
* Age ≥ 18 years
* Diagnosis of metastatic disease using FAP-expressing cells using histopathology as truth standard

Exclusion Criterion:
* Pregnant or lactating women"
9062225,"['Cognitive Impairment', 'Mild Cognitive Impairment']",INTERVENTIONAL,ALL,18 Years,Not Specified,"Inclusion Criteria:

* Age ≥ 18 years
* Diagnosis of AD
* Patients with a history of dementia
* Patient with a diagnosis of Alzheimer's disease
* Pregnant or lactating women"
11043703,"['Non-small Cell Lung Cancer', 'Lung Cancer', 'FDG PET/CT', '18F-FDG', 'Cancer', 'NSCLC']",OBSERVATIONAL,ALL,18 Years,Not Specified,"Inclusion Criteria:

* Pathologically proven stage III B or IV NSCLC
* Histological subtype other than adenocarcinoma, squamous cell carcinoma or undifferentiated carcinoma
* Prior treatment with ICPIs in the metastatic setting
* Evidence of evolutive concurrent cancer"
9143978,['serotoninergic system'],INTERVENTIONAL,ALL,18 Years,Not Specified,"Inclusion Criteria:

* Patients must be 18 years of age or older.
* Subjects must be able to provide written informed consent.

Exclusion Criterion:
* Pregnant or lactating women."
10216046,['noradrenergic (NA) system'],INTERVENTIONAL,ALL,18 Years,Not Specified,"Inclusion Criteria:

* Age \> 20 years
* Patients with a history of noradrenergic medications
* History of dependence on alcohol or other drugs of abuse"
11804149,"['PET Imaging', 'Atherosclerosis']",INTERVENTIONAL,ALL,18 Years,Not Specified,"Inclusion Criteria:

* Patients with symptomatic or asymptomatic atherosclerotic plaque
* Age ≥ 18 years
* Ability to provide written informed consent"
12485354,['diffuse large B-cell lymphoma (DLBCL)'],INTERVENTIONAL,ALL,18 Years,Not Specified,"Inclusion Criteria:

* Patients with newly diagnosed diffuse large B-cell lymphoma (DLBCL) who were treated with R-CHOP with available clinical data and baseline PET and iPET scans, the latter performed after cycle 2 or cycle 4

Exclusion Criterion:
* Pregnant or lactating women"
9465569,"['myelofibrosis', 'thrombocytopenia', 'anemia']",INTERVENTIONAL,ALL,18 Years,Not Specified,"Inclusion Criteria:

* Age \>18 years
* Patient who has a palpable spleen (⩾5 cm from the costal margin)
* Complete platelet count criteria at baseline
* Pregnant or lactating women

Exclusion Criterion:
* History of platelet counts \>45 × 109/L within 30 days prior to screening
* Any history or predisposition to clinically significant bleeding"
8779072,"['Inflammation', '18F-FDG']",INTERVENTIONAL,ALL,18 Years,Not Specified,"Inclusion Criteria:

* Patients with a fever of unknown origin (FUO)
* Fluorodesoxyglucose Positron Emission Tomography
* Patient using prednisone ≥10 mg/day within two weeks prior to inclusion"
10646867,['Aortic Aneurysm'],INTERVENTIONAL,ALL,18 Years,Not Specified,"Inclusion Criteria:

* Patients who have undergone elective abdominal aortic aneurysm repair using sodium [18F]fluoride
* Patient who has undergone endovascular aneurysm Repair using sodium (18F)Fluoride"
12515043,"['Prostate Cancer', 'Radiomics']",INTERVENTIONAL,MALE,18 Years,Not Specified,"Inclusion Criteria:

* Patients with unfavourable intermediate or high-risk PCa
* Patient who had either suspicion of PCa and negative systematic biopsies or clinically discordant low risk PCa (n = 20)
* Contraindication to MRI or gadolinium as per departmental safety guidelines"
12700679,"['Lung Cancer', 'Cancer']",OBSERVATIONAL,ALL,18 Years,Not Specified,"Inclusion Criteria:

* Age ≥ 18 years
* Diagnosis of atypical lung cancer
* Contraindication to MRI
* Inability to provide written informed consent"
12627303,['Pain'],INTERVENTIONAL,ALL,18 Years,Not Specified,"Inclusion Criteria:

* Age ≥ 18 years
* Ability to provide written informed consent"
3224348,"['Breast Cancer', 'Cancer']",INTERVENTIONAL,FEMALE,18 Years,Not Specified,"Inclusion Criteria:

* Pathologically confirmed breast cancer by core needle biopsy
* objective measurable lesion
* ECOG performance 0~2
* Previous untreated
Exclusion Criterion:
* Prior treatment with neoadjuvant docetaxel/doxorubicin"
12573649,"['Pain', 'Hypertension']",INTERVENTIONAL,ALL,18 Years,Not Specified,"Inclusion Criteria:

* Patients with complete medical case records and post-surgical follow-up.
* Patient with a history of moderate to severe postoperative pain requiring analgesic intervention."
12662936,"['Coronary Artery Disease', 'Coronary Physiology']",OBSERVATIONAL,ALL,18 Years,Not Specified,"Inclusion Criteria:

* Patients with known or suspected coronary artery disease to ICA, PET-MPI, or coronary CT angiography
* Patient follow-up for at least 12 months
* Pregnant or lactating women"
12623129,['Cognitive Impairment'],INTERVENTIONAL,ALL,18 Years,Not Specified,"Inclusion Criteria:

* Age ≥60 years
* Diagnosis of cognitive impairment, as defined by the evaluating HCP, and for whom AD was in the differential diagnosis,
* Patient with a history of dementia
* Signed informed consent

Exclusion Criterion:
* Pregnant or lactating women
* Contraindication to the SP‐X P‐tau217 assay"
12498954,['Dementia'],INTERVENTIONAL,ALL,18 Years,Not Specified,"Inclusion Criteria:

* Age ≥ 18 years
* Ability to provide written informed consent

Exclusion Criterion:
* Pregnant or lactating women"
11393256,['PET Imaging'],INTERVENTIONAL,ALL,18 Years,Not Specified,"Inclusion Criteria:

* Patients diagnosed with histologically confirmed thyroid carcinoma (RAI-R)
* Patient with biochemical or iconographic evidence of persistent or recurrent disease
* Female patients either post-menopausal, surgically sterile, or used highly effective contraceptives"
12362585,"['Histamine subtype 3 receptor', 'Central nervous system disorders', 'Sigma-1 receptor']",INTERVENTIONAL,ALL,18 Years,Not Specified,"Inclusion Criteria:

* Patients must meet all of the following criteria:
* Patient must be able to provide written informed consent
* Pregnant or lactating women"
12690344,"['Prostate Cancer', 'Cancer']",INTERVENTIONAL,MALE,18 Years,Not Specified,"Inclusion Criteria:

* Age ≥ 18 years
* Diagnosis of prostate cancer
* Pregnant or lactating women"
12667091,"['Prostate Cancer', 'Anxiety', 'Cancer', 'Pain']",INTERVENTIONAL,MALE,18 Years,Not Specified,"Inclusion Criteria:

* Patient with a diagnosis of prostate cancer
* Patients with a history of prostate biopsy
* Pregnant or lactating women
* Inability to provide written informed consent"
5777058,['Obesity'],INTERVENTIONAL,ALL,18 Years,Not Specified,"Inclusion Criteria:

* Participants must meet all of the following criteria:
* Patients must be 18 years of age or older.
* Subjects must be able to provide written informed consent."
8440256,['Hodgkin Lymphoma'],INTERVENTIONAL,ALL,18 Years,Not Specified,"Inclusion Criteria:

* Age ≥ 18 years
* Diagnosis of aggressive non-Hodgkin lymphoma
* Biopsy-proven, centrally confirmed diagnosis of DLBCL
* Primary mediastinal B-cell lymphoma (PMBCL"
12093727,['Learning'],INTERVENTIONAL,ALL,18 Years,Not Specified,"Inclusion Criteria:

* Age 18-65 years
* Patients with bipolar disorder meeting the diagnostic criteria of the Diagnostic and Statistical Manual of Mental Disorders (DSM-IV-TR)

Exclusion Criterion:
* Pregnant or lactating women"
12593330,"['Radiology', 'Oncology', 'Cancer']",INTERVENTIONAL,FEMALE,18 Years,Not Specified,"Inclusion Criteria:

* Patients with a Karnofsky PS ≥80 or Eastern Cooperative Oncology Group (ECOG) PS ≤2
* Able to provide written informed consent

Exclusion Criterion:
* Pregnant or lactating women"
11095424,['Dementia'],INTERVENTIONAL,ALL,18 Years,Not Specified,"Inclusion Criteria:

* Age ≥ 60 years
* Ability to provide written informed consent

Exclusion Criterion:
* Pregnant or lactating women
* History of substance abuse in the preceding 2 years"
8088438,"['Cognitive Impairment', 'PET Imaging']",INTERVENTIONAL,ALL,18 Years,Not Specified,"Inclusion Criteria:

* Age \> 40 years
* Diagnosis of AD
* Previous use (past 4 weeks) of opiates, sedative-hypnotics, cocaine, amphetamines, 3,4-Methylenedioxymethamphetamine (MDMA), and phencyclidine (PCP), as well as moderate to severe cannabis use (i.e., ≥ twice a week)
* History of cancer within the previous 5 years"
12316757,"['soft tissue sarcoma', 'leiomyosarcomas', 'dedifferentiated liposarcomas', 'undifferentiated pleomorphic sarcomas', 'myxofibrosarcomas', 'malignant peripheral nerve sheath tumour']",INTERVENTIONAL,MALE,18 Years,Not Specified,"Inclusion Criteria:

* Age ≥ 18 years
* Diagnosis of metastatic soft tissue sarcoma
* Known hypersensitivity to drugs comparative to [18F]-JK-PSMA-7
* Contraindication to any component of the PSMA-tracer binding on a recent (e.g. claustrophobia, body weight higher than the weight limit of the scanner or inability to tolerate lying down for the duration of a PET/CT scan"
8417789,"['Heart Failure', 'Endothelial Dysfunction']",INTERVENTIONAL,ALL,18 Years,Not Specified,"Inclusion Criteria:

* Age ≥ 18 years
* Patients with a history of heart failure
* Patient who is able to provide written informed consent

Exclusion Criterion:
* Pregnant or lactating women"
12397253,['Hypothyroidism'],INTERVENTIONAL,ALL,18 Years,Not Specified,"Inclusion Criteria:

* Pregnant or lactating women
* Able to provide written informed consent

Exclusion Criterion:
* Inability to provide informed consent"
12691807,"['Colorectal Cancer', 'Cancer']",INTERVENTIONAL,ALL,18 Years,Not Specified,"Inclusion Criteria:

* Age ≥ 18 years
* Diagnosis of colorectal carcinoma
* Patients with a diagnosis of metastatic CRC
* Pregnant or lactating women

Exclusion Criterion:
* Inability to provide written informed consent
* Contraindication to the study"
4315487,"['Recurrent Prostate Cancer', 'Prostate Cancer']",INTERVENTIONAL,MALE,18 Years,Not Specified,"Inclusion Criteria:

* Patients with a diagnosis of recurrent prostate cancer (e.g. prostate-specific antigen (PSA) level \>20 ng/mL
* Patient who underwent a PET/CT 1 h post-injection (p.i.)
* PSA level \< 20 ng/L

Exclusion Criterion:
* Contraindication to MRI
* Inability to provide written informed consent"
12426723,"['Central disorders of hypersomnolence', 'Narcolepsy type 1', 'Narcolepsy type 2', 'Idiopathic hypersomnia', 'Kleine‐Levin syndrome', 'Excessive daytime sleepiness']",OBSERVATIONAL,ALL,18 Years,Not Specified,"Inclusion Criteria:

* Age ≥ 18 years
* Patients with a history of hypersomnolence

Exclusion Criterion:
* Pregnant or lactating women
* Inability to provide written informed consent"
12384129,['Cancer'],INTERVENTIONAL,FEMALE,18 Years,Not Specified,"Inclusion Criteria:

* Age ≥ 18 years
* Diagnosis of endometrial cancer
* Pregnant or lactating women
* Inability to provide written informed consent

Exclusion Criterion:
* Contraindication to MRI
* Unwilling to participate in the study"
2702339,['Cancer'],OBSERVATIONAL,FEMALE,18 Years,Not Specified,"Inclusion Criteria:

* Patients with advanced ovarian cancer who have completed a systematic surgical exploration and may be asymptomatic
* Patient with persistent disease detected at second-look procedures"
12691119,"['Breast Cancer', 'Cancer']",INTERVENTIONAL,ALL,18 Years,Not Specified,"Inclusion Criteria:

* Patients with HR+/HER2-early breast cancer
* Age ≥ 18 years
* Diagnosis of HER2-low breast cancer"
12155355,['Cancer'],INTERVENTIONAL,FEMALE,18 Years,Not Specified,"Inclusion Criteria:

* Patients must meet all of the following criteria:
* Patient must be able to provide written informed consent

Exclusion Criterion:
  * Pregnant or lactating women"
7910264,['Cancer'],INTERVENTIONAL,ALL,18 Years,Not Specified,"Inclusion Criteria:

* Healthy cynomolgus monkeys
* Age ≥ 18 years
* Ability to provide written informed consent

Exclusion Criterion:
* Contraindication to humanized monoclonal antibody targeting PD-1
* Prior immunotherapy
* Pregnant or lactating women"
9014075,"['Cancer', 'Abdomen']",INTERVENTIONAL,ALL,18 Years,Not Specified,"Inclusion Criteria:

* Patients undergoing preoperative primary staging for urothelial carcinoma or bladder cancer for consideration of treatment with curative intent
* Known metastatic bladder or other urotherial carcinomas

Exclusion Criterion:
* Contraindication to FDG PET/CT
* Pregnant or lactating women"
12673219,"['Breast Cancer', 'Cancer']",INTERVENTIONAL,FEMALE,18 Years,Not Specified,"Inclusion Criteria:

* Female patients aged ≥18 years
* Histologically or cytologically confirmed primary locally advanced breast cancer, defined according to the American Joint Committee on Cancer (AJCC) TNM staging system as T2-T4 (tumor size >2 cm), N0-N3 (lymph node status ranging from no involvement to extensive regional nodal involvement, and M0 (no distant metastasis)

Exclusion Criterion:
* History of other malignancies within the past 2 years"
12325996,['Learning'],INTERVENTIONAL,MALE,18 Years,Not Specified,"Inclusion Criteria:

* Age between 18 and 60 years
* Presence of cardiovascular disease
* Contraindication to adenosine
* Smoking within the past 12 months
* renal failure with estimated glomerular filtration rate \< 90 mL/min/1.73m2"
11559468,['neoplastic tissues'],INTERVENTIONAL,ALL,18 Years,Not Specified,"Inclusion Criteria:

* Patients aged ≥ 18 years
* Patient with a history of cardiac myxoma and adipose tissue
* Pregnant or lactating women
* Inability to provide written informed consent

Exclusion Criterion:
* Contraindication to MRI
* Unwilling to participate in the study"
11892667,"['Idiopathic Pulmonary Fibrosis', 'PET Imaging']",INTERVENTIONAL,ALL,18 Years,Not Specified,"Inclusion Criteria:

* Age ≥ 40 years
* Diagnosis of IPF within 8 years before screening
* Known acute IPF exacerbation or suspicion of such within 6 months of screening"
10599921,"['Cognitive Impairment', 'Prostate Cancer', 'Dementia', 'Cancer']",INTERVENTIONAL,MALE,18 Years,Not Specified,"Inclusion Criteria:

* Age \> 50 years
* Diagnosis of luteinizing hormone releasing hormone agonists (LHRHa) for ≥ 3 months
* Patient with a known history of organic brain disorders and associated dementia, delirium, and other specific neuropsychiatric conditions, including stroke and head injury

Exclusion Criterion:
* Pregnant or lactating women"
12598933,['loneliness'],INTERVENTIONAL,ALL,18 Years,Not Specified,"Inclusion Criteria:

* Age ≥50 years
* Ability to provide social or emotional interaction

Exclusion Criterion:
* Inability to provide written informed consent"
10142396,['PET Imaging'],INTERVENTIONAL,ALL,18 Years,Not Specified,"Inclusion Criteria:

* Patients with biopsiable stage III/IV cutaneous melanoma who had not previously received PD1 inhibitors.

Exclusion Criterion:
* Pregnant or lactating women."
8973291,"['Recurrent Prostate Cancer', 'Prostate Cancer']",INTERVENTIONAL,MALE,18 Years,Not Specified,"Inclusion Criteria:

* Patients with histologically proven prostate cancer
* Patient who has another active malignancy within the last 2 y (excluding skin basal cell or cutaneous superficial squamous cell carcinoma that has not metastasized and superficial bladder cancer)

Exclusion Criterion:
* Pregnant or lactating women"
12254103,['PET-CT'],INTERVENTIONAL,ALL,18 Years,Not Specified,"Inclusion Criteria:

* Patients aged 18-75 years
* Patient who is able to provide written informed consent

Exclusion Criterion:
* Pregnant or lactating women"
10809445,['Dementia'],INTERVENTIONAL,ALL,18 Years,Not Specified,"Inclusion Criteria:

* Age ≥ 50 years
* Diagnosis of mild to moderate dementia due to AD and at least 6 months of cognitive decline
* Patient who had received an anti-Aβ monoclonal antibody or BACE inhibitor within 180 days or who had previously received an Aβ-targeting vaccine within one month prior to screening"
12676787,"['Coronary Artery Disease', 'Echocardiography']",OBSERVATIONAL,ALL,18 Years,Not Specified,"Inclusion Criteria:

* Patients with severe cardiomyopathy, valvular heart disease or other serious diseases that may affect cardiac function (e.g. hepatic vs. renal failure), unable to complete echocardiography

Exclusion Criterion:
* Pregnant or lactating women"
11320856,"['Cognitive Impairment', 'Dementia', '18F-FDG']",OBSERVATIONAL,ALL,18 Years,Not Specified,"Inclusion Criteria:

* Age ≥ 18 years
* Diagnosis of dementia in the French National Health Data System (NAB)
* Pregnant or lactating women

Exclusion Criterion:
* Previous neurologist/geriatrician and neuropsychological assessment at the tertiary memory clinic
* Prior brain 18F-FDG PET scan"
12247225,"['Oncology', 'Dementia']",INTERVENTIONAL,ALL,18 Years,Not Specified,"Inclusion Criteria:

* Age ≥ 18 years
* Patient with a diagnosis of neurodegenerative diseases
* Patients who are able to provide written informed consent

Exclusion Criterion:
* Pregnant or lactating women"
11811760,"[""Parkinson's Disease""]",INTERVENTIONAL,ALL,18 Years,Not Specified,"Inclusion Criteria:

* Patients with severe brain atrophy or vascular lesions
* Contraindication to apomorphine or levodopa-carbidopa intestinal gel"
12661342,['Temperature'],INTERVENTIONAL,ALL,18 Years,Not Specified,"Inclusion Criteria:

* Age between 65 and 92 years
* Ability to provide written informed consent

Exclusion Criterion:
* Contraindication to MRI
* Inability to provide informed consent"
8263391,['Not Specified'],INTERVENTIONAL,ALL,18 Years,Not Specified,"Inclusion Criteria:

* Age ≥ 18 years
* Ability to provide written informed consent"
12324559,"['Head and Neck Cancer', 'Cancer']",INTERVENTIONAL,ALL,18 Years,Not Specified,"Inclusion Criteria:

* Patients must meet all of the following criteria:
* Age ≥ 18 years
* Ability to provide written informed consent"
11936851,['Not Specified'],INTERVENTIONAL,ALL,18 Years,Not Specified,"Inclusion Criteria:

* Age ≥ 18 years
* Ability to provide written informed consent
* Signed informed consent"
10267081,"['heart', 'brain', 'kidneys']",INTERVENTIONAL,ALL,18 Years,Not Specified,"Inclusion Criteria:

* Age \> 55 years
* Ability to provide written informed consent

Exclusion Criterion:
* Prior ketone treatment
* Previous ketone therapy"
11300492,['Radiation Exposure'],INTERVENTIONAL,ALL,18 Years,Not Specified,"Inclusion Criteria:

* Patients aged 18-75 years
* Patient who is able to provide written informed consent

Exclusion Criterion:
* Contraindication to PET radiotracers"
12695124,['Stress'],OBSERVATIONAL,FEMALE,18 Years,Not Specified,"Inclusion Criteria:

* Patients between 18 and 45 years old
* Patient with a diagnosis of EOP
* Pregnant women who receive regular prenatal care
* Contraindication to antihypertensive drugs
* Taking nonsteroidal anti-inflammatory drugs"
8975951,['Dementia'],INTERVENTIONAL,ALL,18 Years,Not Specified,"Inclusion Criteria:

* Age ≥ 55 years
* Diagnosis of Parkinson's disease
* Previous surgery or radiation therapy to the head, thorax, or abdomen

Exclusion Criterion:
* History of previous cancer
* Prior surgery or radiotherapy"
12700938,"['diabetes', 'diabetic foot amputation', 'lower extremity amputation']",INTERVENTIONAL,ALL,18 Years,Not Specified,"Inclusion Criteria:

* Patients diagnosed with type 2 diabetes mellitus (T2DM) between 2009 and 2012
* Patient with at least one annual claim for diabetic medication under ICD-10 codes E11–E14
* A fasting blood glucose (FBG) level of 126 mg/dL or higher

Exclusion Criterion:
* Pregnant or lactating women"
12359722,"['Breast Cancer', 'Cancer']",OBSERVATIONAL,FEMALE,18 Years,Not Specified,"Inclusion Criteria:

* Patients who have undergone liquid biopsy testing and FDG PET/CT
* Patient who, after receiving necessary treatments, experienced disease progression during follow-up and were evaluated at Ege University for treatment modification in ABC.

Exclusion Criterion:
* Pregnant or lactating women"
9388574,"['Esophageal Cancer', 'Cancer', 'Pain']",INTERVENTIONAL,ALL,18 Years,Not Specified,"Inclusion Criteria:

* Patients diagnosed with head and neck squamous cell carcinoma or esophageal cancer who completed a PET/CT study for the clinical indication of cancer staging.

Exclusion Criterion:
* Pregnant or lactating women."
12564744,"['Dementia', 'Stroke']",OBSERVATIONAL,ALL,18 Years,Not Specified,"Inclusion Criteria:

* Age ≥ 18 years
* Ability to provide written informed consent

Exclusion Criterion:
* Pregnant or lactating women"
12272086,['metabotropic glutamate receptor (mGluR5)'],INTERVENTIONAL,ALL,18 Years,Not Specified,"Inclusion Criteria:

* Age ≥ 18 years
* Diagnosis of cerebrovascular disease or neurodegenerative processes
* Patient with ante mortem history of DSM-IV psychiatric conditions or neurological disorders

Exclusion Criterion:
* Pregnant or lactating women"
10299969,['Hypertension'],OBSERVATIONAL,ALL,18 Years,Not Specified,"Inclusion Criteria:

* Patients referred for FDG-PET/CT for any indication, except treated oncologic disease, as part of the PACTEP study (Central Arterial Pressure and Positron Emission Tomography; Clinicaltrials.gov site number: NCT03345290)

Exclusion Criterion:
* Age \> 18 years
* Pregnant or lactating women"
7488419,"['Metastatic Breast Cancer', 'Breast Cancer']",INTERVENTIONAL,ALL,18 Years,Not Specified,"Inclusion Criteria:

* Age ≥ 18 years
* Patient with amenorrhea for ≥ 12 months
* Pregnant or lactating women
* Histologically proven ER+ (defined as ≥ 1% staining by immunohistochemistry
* Prior bilateral ovariectomy"
11754335,"['schizophrenia-spectrum disorders', 'psychotic disorders']",INTERVENTIONAL,ALL,18 Years,Not Specified,"Inclusion Criteria:

* Patients with schizophrenia-spectrum disorders
* Age ≥ 18 years
* Diagnosis of schizophrenia
* Pregnant or lactating women
* Inability to provide written informed consent

Exclusion Criterion:
* Contraindication to PET/MRI"
11109037,"['Primary Aldosteronism', 'Cancer']",INTERVENTIONAL,ALL,18 Years,Not Specified,"Inclusion Criteria:

* Patients with a range of adrenal pathologies (primary aldosteronism, cortisol-producing adenoma, non-functioning adrenal adenomas)
* Age ≥ 55 years
* Ability to provide written informed consent

Exclusion Criterion:
* Pregnant or lactating women"
9626740,"['Echocardiography', 'Heart Disease']",INTERVENTIONAL,ALL,18 Years,Not Specified,"Inclusion Criteria:

* Age ≥ 18 years
* Ability to provide written informed consent

Exclusion Criterion:
* Pregnant or lactating women"
8041674,['Huntington disease (HD)'],INTERVENTIONAL,ALL,18 Years,Not Specified,"Inclusion Criteria:

* Age \> 18 years
* Patient with a diagnosis of Huntington disease
* Pregnant or lactating women"
8921097,['FDG PET/CT'],OBSERVATIONAL,ALL,18 Years,Not Specified,"Inclusion Criteria:

* Histopathologically confirmed DLBCL
* Patients who underwent pre-treatment with R-CHOP (rituximab, cyclophosphamide, prednisone) or R-EPOCH
* Patient who had coexistent central nervous system lymphoma or other malignancies"
12698578,"['Coronary Artery Disease', 'Heart Disease']",OBSERVATIONAL,ALL,18 Years,Not Specified,"Inclusion Criteria:

* Age ≥ 18 years
* Patients hospitalized with a diagnosis of CHD who underwent limb vascular ultrasound
* Pregnant or lactating women"
11440881,['PET Imaging'],INTERVENTIONAL,ALL,18 Years,Not Specified,"Inclusion Criteria:

* Age ≥ 18 years
* Ability to provide written informed consent

Exclusion Criterion:
* Pregnant or lactating women"
12294262,['Obesity'],INTERVENTIONAL,ALL,18 Years,Not Specified,"Inclusion Criteria:

* Age ≥ 18 years
* Diagnosis of HIV-associated lipodystrophy
* Previous antiretroviral therapy

Exclusion Criterion:
* Pregnant or lactating women
* Inability to provide written informed consent"
12183142,"['Alzheimer’s disease (AD)', 'β-amyloid (Aβ)']",INTERVENTIONAL,ALL,18 Years,Not Specified,"Inclusion Criteria:

* Age ≥ 50 years
* Diagnosis of probable AD
* Signed informed consent

Exclusion Criterion:
* Pregnant or lactating women"
8940757,"['Epilepsy', '18F-FDG']",OBSERVATIONAL,ALL,18 Years,Not Specified,"Inclusion Criteria:

* Age between 6 and 18 years
* Patient who underwent 18F-FDG PET/CT examination

Exclusion Criterion:
* Any history of central nervous system disease other than epilepsy
* Pregnant or lactating women"
10071780,"['Prostate Cancer', 'Cancer']",INTERVENTIONAL,MALE,18 Years,Not Specified,"Inclusion Criteria:

* Patients with suspected PCa recurrence, defined as 3 consecutive PSA increases or a PSA rise greater than or equal to 2.0 ng/mL after radiotherapy or brachytherapy
* Patient who has prior definitive therapy for prostatectomy
* PSA levels greater than 2 ng/ml after biopsy

Exclusion Criterion:
* Contraindication to 18F-PSMA-1007 PET/CT"
3756176,"['Allergic Diseases', 'Sensitization to Animal Allergens', 'Dermatophagoides pteronyssinus', 'Dermatophagoides farinae']",INTERVENTIONAL,ALL,18 Years,Not Specified,"Inclusion Criteria:

* Age ≥ 18 years
* Patient who has a history of allergic diseases

Exclusion Criterion:
* Patients who have allergies to any of the following allergens
* Pregnant or lactating women
* Inability to provide written informed consent"
11906790,['PET Imaging'],INTERVENTIONAL,ALL,18 Years,Not Specified,"Inclusion Criteria:

* Patients with a history of cholecystectomy in the male subject of 18F-SPAL-T-06
* Age between 63 and 73 years
* Ability to provide written informed consent"
8421477,['PET Imaging'],INTERVENTIONAL,ALL,18 Years,Not Specified,"Inclusion Criteria:

* Patients with metastatic gastroenteropancreatic neuroendocrine tumours
* Age ≥ 18 years
* Patient with a diagnosis of grade 1/2 SSTR-positive GEP-NETs

Exclusion Criterion:
* Pregnant or lactating women"
12486790,"['Cancer', 'Clear Cell Renal Cell Carcinoma']",INTERVENTIONAL,ALL,18 Years,Not Specified,"Inclusion Criteria:

* Patients must meet all of the following criteria:
* Patient must be able to provide written informed consent

Exclusion Criterion:
  * Patients who are unable to provide informed consent"
8860937,"['Mild Cognitive Impairment', 'Cognitive Impairment']",INTERVENTIONAL,ALL,18 Years,Not Specified,"Inclusion Criteria:

* Age ≥ 18 years
* Ability to provide written informed consent

Exclusion Criterion:
* Pregnant or lactating women"
12701236,"[""Alzheimer's disease (AD)""]",INTERVENTIONAL,ALL,18 Years,Not Specified,"Inclusion Criteria:

* Patients 55 to 85 years of age
* Patient who met caregiver-specific eligibility criteria for probable AD based on the 2011 National Institute on Aging Alzheimer's Association (NIA-AA) guidelines

Exclusion Criterion:
* Pregnant or lactating women"
4873260,"['Metastatic Colorectal Cancer', 'Colorectal Cancer']",OBSERVATIONAL,ALL,18 Years,Not Specified,"Inclusion Criteria:

* Patients with unresectable KRAS wild-type mCRC who had been treated according to standard care (fluoropyrimidines, oxaliplatin and irinotecan) and were candidates for anti-EGFR antibody monotherapy

Exclusion Criterion:
* Pregnant or lactating women"
9986170,"['Coronary Artery Disease', 'Atherosclerosis', 'Inflammation', 'PET Imaging', 'Sarcoidosis']",OBSERVATIONAL,ALL,18 Years,Not Specified,"Inclusion Criteria:

* Age ≥ 18 years
* Ability to provide written informed consent

Exclusion Criterion:
* Contraindication to FDG-PET/CT
* Pregnant or lactating women"
9346926,"['Oncology', 'Brain Diseases']",INTERVENTIONAL,ALL,18 Years,Not Specified,"Inclusion Criteria:

* Age ≥ 18 years
* Patient with a diagnosis of neurodegenerative disorders
* Inability to provide written informed consent

Exclusion Criterion:
* Pregnant or lactating women"
11951477,['Echocardiography'],INTERVENTIONAL,ALL,18 Years,Not Specified,"Inclusion Criteria:

* Age ≥ 18 years
* Patient with a diagnosis of myocardial infarction (MI) less than 3 months old
* Diagnosis of hypertrophic cardiomyopathy
* Severe concomitant pathology (end-stage renal failure and hepatic insufficiency, cancer of any location), cognitive dysfunction and indications for revascularization"
12637744,"['Alzheimer’s disease (AD)', 'amyloid-PET']",INTERVENTIONAL,ALL,18 Years,Not Specified,"Inclusion Criteria:

* Age ≥ 18 years
* Memory score as a function of age and p-tau

Exclusion Criterion:
* Pregnant or lactating women"
12255161,"['Inflammation', 'Malignant Tumors']",INTERVENTIONAL,ALL,18 Years,Not Specified,"Inclusion Criteria:

* Patients aged 18-75 years
* Patient with a diagnosis of a solid malignant tumor

Exclusion Criterion:
* Pregnant or lactating women"
9305618,"['Prostate Cancer', 'Cancer']",INTERVENTIONAL,MALE,18 Years,Not Specified,"Inclusion Criteria:

* Patients ≥ 18 years of age with histologically confirmed prostate cancer in the prostatectomy specimen and any pT, pN0/Nx with a confirmatory PSA level ≥ 0.15 ng/mL, WHO performance status 0–1, and with adequate laboratory findings according to the study protocol.
* Patient with a history of previous pelvic radiotherapy or malignancies other than prostate cancer or basal cell carcinoma in the past five years.

Exclusion Criterion:
* PSA-PET patients who were undergoing or had undergone previous ADT."
11664794,"['Cervical Cancer', 'Cancer']",INTERVENTIONAL,FEMALE,18 Years,Not Specified,"Inclusion Criteria:

* Patients with radical hysterectomy of cervical cancer, treated with free-hand interstitial needles in three-dimensional high-dose-rate brachytherapy for vaginal stump recurrence.

Exclusion Criterion:
* Pregnant or lactating women."
12647357,"['Dementia', 'Stress']",INTERVENTIONAL,ALL,18 Years,Not Specified,"Inclusion Criteria:

* Age ≥ 18 years
* Diagnosis of Alzheimer's disease

Exclusion Criterion:
* Pregnant or lactating women
* Inability to provide written informed consent"
12659966,"['Giant Cell Arteritis', 'Aortic Aneurysm']",OBSERVATIONAL,ALL,18 Years,Not Specified,"Inclusion Criteria:

* Age ≥ 18 years
* Patients with a diagnosis of GCA
* Patient with a contraindication to MRI
* Pregnant or lactating women"
7142191,['Radiation Safety'],INTERVENTIONAL,ALL,18 Years,Not Specified,"Inclusion Criteria:

* Patients with histologically confirmed non-small cell lung carcinoma of the lung with measurable lesions (≥ 10 mm according to RECIST 1.1)
* Patient with a contraindication to the class of drugs under study, pregnancy or breast-feeding, clinically significant concomitant disease states (e.g., renal failure, hepatic dysfunction, or cardiovascular disease) and poor performance status (ECOG > 2)."
6324512,"['Cervical Cancer', 'Cancer']",INTERVENTIONAL,FEMALE,18 Years,Not Specified,"Inclusion Criteria:

* Patients with newly diagnosed histologically confirmed FIGO stage IB-IVA carcinoma of the cervix
* Contraindications to radiotherapy or cisplatin chemotherapy
* Known pregnancy or lactating
* History of another invasive malignant tumor within the previous 5 years"
7854611,"['Breast Cancer', 'Cancer']",OBSERVATIONAL,ALL,18 Years,Not Specified,"Inclusion Criteria:

* Age ≥ 60 years
* Diagnosis of locally advanced primary cancer
* Histologically proven recurrent or metastatic disease
* Pregnant or lactating women"
8241642,"['PET Imaging', 'Epilepsy']",OBSERVATIONAL,ALL,18 Years,Not Specified,"Inclusion Criteria:

* Age \> 18 years
* Diagnosis of temporal lobe epilepsy (TLE)
* Patient with a history of neurologic disorders, psychiatric illnesses, chemotherapy, or radiotherapy

Exclusion Criterion:
* Pregnant or lactating women"
11008283,['PET Imaging'],INTERVENTIONAL,ALL,18 Years,Not Specified,"Inclusion Criteria:

* Age ≥ 50 years
* Diagnosis of prodromal to mild AD
* Pregnant or lactating women"
12519498,"['opioid‐induced constipation (OIC)', 'constipation']",INTERVENTIONAL,ALL,18 Years,Not Specified,"Inclusion Criteria:

* Age ≥ 18 years
* Ability to provide written informed consent

Exclusion Criterion:
* Pregnant or lactating women"
6594723,['PET Imaging'],INTERVENTIONAL,ALL,18 Years,Not Specified,"Inclusion Criteria:

* Patients with a confirmed diagnosis of NF2
* Patient who had undergone previous radiotherapy or antiangiogenic treatment
* Pregnant or intending to become pregnant"
11199706,['Stress'],INTERVENTIONAL,ALL,18 Years,Not Specified,"Inclusion Criteria:

* Patients aged 18-65 years
* Patient who is able to provide written informed consent

Exclusion Criterion:
* Pregnant or lactating women"
11817173,"['Alzheimer’s disease (AD)', 'Neuroinflammation']",INTERVENTIONAL,ALL,18 Years,Not Specified,"Inclusion Criteria:

* Age ≥ 18 years
* Patients with a history of Alzheimer's disease
* Ability to provide written informed consent

Exclusion Criterion:
* Pregnant or lactating women"
11739740,['Opioid Use Disorder'],OBSERVATIONAL,ALL,18 Years,Not Specified,"Inclusion Criteria:

* Age ≥18 years
* Patient with a history of opioid use disorder or overdose
* Pregnant or lactating women"
11180158,['Periapical lesions'],INTERVENTIONAL,ALL,18 Years,Not Specified,"Inclusion Criteria:

* mandibular single-rooted teeth that were diagnosed with asymptomatic apical periodontitis and had a periapical index (PAI) score of 3 or higher
* patients using drugs that affect bone metabolism (such as steroids and bisphosphonates)"
12575514,"['Acute Myocardial Infarction', 'Cardiac Rehabilitation']",INTERVENTIONAL,ALL,18 Years,Not Specified,"Inclusion Criteria:

* Age ≥ 18 years
* Patient with a history of acute myocardial infarction
* Patients who are able to provide written informed consent

Exclusion Criterion:
* Pregnant or lactating women"
7142196,"['acute kidney injury (AKI)', 'venous congestion']",OBSERVATIONAL,ALL,18 Years,Not Specified,"Inclusion Criteria:

* Patients with critical illness, AKI or delirium before surgery
* Patient with conditions that may have interfered with portal Doppler assessment (cirrhosis, portal thrombosis) and patients with severe chronic kidney disease (estimated glomerular filtration rate \< 15 mL/min per 1.73 m2 calculated using the Modified Diet in Renal Disease formula

Exclusion Criterion:"
10410925,"['Endotracheal intubation', 'Difficult endotracheal intubation']",INTERVENTIONAL,ALL,18 Years,Not Specified,"Inclusion Criteria:

* Age between 18 and 85 years.
* Able to provide written informed consent.

Exclusion Criterion:
* Pregnant or lactating women."
11499276,['Echocardiography'],OBSERVATIONAL,ALL,18 Years,Not Specified,"Inclusion Criteria:

* Age ≥ 18 years
* Ability to provide written informed consent

Exclusion Criterion:
* Pregnant or lactating women"
12700240,"['COVID-19', 'Stress', 'ARDS']",OBSERVATIONAL,ALL,18 Years,Not Specified,"Inclusion Criteria:

* Patients with acute respiratory distress syndrome (ARDS) who are coenrolled in the IMPACC (Immunophenotyping Assessment in a COVID-19 Cohort) study (including 21 subjects included in the present study)
* Patient who is able to provide written informed consent

Exclusion Criterion:
* Pregnant or lactating women"
11498722,['lumbo-pelvic-hip (LPH) complex'],INTERVENTIONAL,ALL,18 Years,Not Specified,"Inclusion Criteria:

* Age between 19 and 30 years
* Right lateralisation of the hand and foot
* No discernible anomalies were observed in the subject's body composition.

Exclusion Criterion:
* Pregnant or lactating women"
12565891,"['Inflammation', 'Cancer']",INTERVENTIONAL,ALL,18 Years,Not Specified,"Inclusion Criteria:

* Patients aged 18-75 years
* Patient with a diagnosis of bladder cancer
* Pregnant or lactating women"
8999405,"['Heart Failure', 'Echocardiography']",INTERVENTIONAL,ALL,18 Years,Not Specified,"Inclusion Criteria:

* Age ≥ 18 years
* Use of pharmacological and renal biomarkers
* Patient with a history of mechanical or biological mitral prosthesis
* History of severe valvular heart disease requiring surgery within one-month
* Chronic renal failure requiring dialysis
* Left Ventricular Ejection Fraction (LVEF) ≥ 90 mm Hg for ≥30 min"
11454954,"['Ultrasonography', 'Cerebral Edema']",OBSERVATIONAL,ALL,18 Years,Not Specified,"Inclusion Criteria:

* Age 18-75 years
* Diagnosis of diabetes with ocular or neurological complications
* Pregnant or lactating women"
12007855,['Pain'],INTERVENTIONAL,ALL,18 Years,Not Specified,"Inclusion Criteria:

* Patients aged 0-12 years
* Patient with a history of acute postoperative pain

Exclusion Criterion:
* Pregnant or lactating women
* Inability to provide written informed consent"
12701735,"['Residual Gastric Content', 'Esophagogastroduodenoscopy']",INTERVENTIONAL,ALL,18 Years,Not Specified,"Inclusion Criteria:

* Patients with type 2 diabetes and obesity
* History of gastroparesis or gastric obstruction
* Pregnant or lactating women"
12674455,"['Breast Cancer', 'Cancer']",INTERVENTIONAL,ALL,18 Years,Not Specified,"Inclusion Criteria:

* Female patients diagnosed with breast cancer and scheduled to undergo major breast surgery under general anaesthesia
* Age ≥ 18 years
* Contraindications to regional anaesthesia such as infection at the injection site or coagulopathy"
7866905,"['Cesarean section', 'Spinal anesthesia', 'General anesthesia', 'Epidural anesthesia']",OBSERVATIONAL,ALL,18 Years,Not Specified,"Inclusion Criteria:

* Patients with a previously scheduled cesarean section
* Pregnant or lactating women"
12250487,['Prematurity'],INTERVENTIONAL,ALL,18 Years,Not Specified,"Inclusion Criteria:

* Age ≥ 18 years
* Diagnosis of diabetes mellitus
* Pregnant or lactating women

Exclusion Criterion:
* Contraindication to insulin
* Inability to provide written informed consent"
4715842,"['Pulmonary Embolism', 'Obesity']",INTERVENTIONAL,ALL,18 Years,Not Specified,"Inclusion Criteria:

* Age ≥ 18 years
* Diagnosis of venous thromboembolism
* Pregnant or lactating women"
11436167,['Thoracic Outlet Syndrome (TOS)'],OBSERVATIONAL,ALL,18 Years,Not Specified,"Inclusion Criteria:

* Patients with a diagnosis of thoracic outlet syndrome (TOS)
* Age ≥ 18 years
* Ability to provide written informed consent

Exclusion Criterion:
* Pregnant or lactating women"
11846222,['Pain'],INTERVENTIONAL,ALL,18 Years,Not Specified,"Inclusion Criteria:

* Patients aged 18-75 years
* Patient who is able to provide written informed consent

Exclusion Criterion:
* Pregnant or lactating women"
7825196,['Handheld Ultrasound'],OBSERVATIONAL,ALL,18 Years,Not Specified,"Inclusion Criteria:

* Age below 18 years
* Pregnancy
* Contraindication to the performance of ultrasound examination in the ward (e.g., surgical dressings, anatomical abnormalities), lung or cardiac transplant
* RRT calling by the emergency department
* Unable follow-up"
11929079,"['Radiation Exposure', 'Ultrasonography']",INTERVENTIONAL,ALL,18 Years,Not Specified,"Inclusion Criteria:

* Patients with radicular low back pain with evidence of nerve root compression due to herniated discopathy or spinal stenosis shown on magnetic resonance imaging, along with medical history, physical examination, and electromyography
* Age ≥ 18 years
* Contraindication to contrast material or local anesthetics"
12005672,['Diaphragmatic Dysfunction (DD)'],INTERVENTIONAL,ALL,18 Years,Not Specified,"Inclusion Criteria:

* Patients aged 58 ± 36 years
* Diagnosis of known or suspected acquired thoracic disorders

Exclusion Criterion:
* Inability to provide informed consent
* Unable to provide written informed consent"
12248689,['Airway management'],INTERVENTIONAL,ALL,18 Years,Not Specified,"Inclusion Criteria:

* Age ≥ 18 years
* Patient who is able to provide written informed consent

Exclusion Criterion:
* Inability to provide informed consent"
5336536,['Radiology'],INTERVENTIONAL,ALL,18 Years,Not Specified,"Inclusion Criteria:

* Patients with a history of carpal tunnel surgery
* Patient who has a confirmation of diagnosis by electromyogram

Exclusion Criterion:
* Pregnant or lactating women
* Unable to provide written informed consent"
11907226,"['Chronic Obstructive Pulmonary Disease', 'Pulmonary Disease', 'Heart Failure']",OBSERVATIONAL,ALL,18 Years,Not Specified,"Inclusion Criteria:

* Age ≥ 18 years
* Pregnant
* Contraindication to mechanical ventilation"
10337411,"['Comfort', 'Anxiety', 'Stress', 'Pain', 'Fall']",INTERVENTIONAL,ALL,18 Years,Not Specified,"Inclusion Criteria:

* Patients scheduled to undergo radial artery blood collection during their visit to the ED in order to pursue routine care
* Patient with conditions that render them unable to participate in the intervention in this study (eg, cognitive impairment, major hearing loss without the use of hearing aids, acute psychiatric disorders, under intravenous or oral sedation)"
12614517,['frailty'],INTERVENTIONAL,ALL,18 Years,Not Specified,"Inclusion Criteria:

* Patients scheduled for general surgery at Weill Cornell
* Age ≥ 18 years
* Ability to provide written informed consent

Exclusion Criterion:
* Contraindication for walking down a hallway or performing a six minute walk test
* Pregnant or lactating women"
10748958,['Patient Safety'],INTERVENTIONAL,ALL,18 Years,Not Specified,"Inclusion Criteria:

* Age ≥18 years
* In need of a subclavian vein catheterisation with a needle guide (ELUSIVE): protocol for a randomised controlled study
* Ability to give written informed consent"
12463453,"['Inflammation', 'Pain']",INTERVENTIONAL,ALL,18 Years,Not Specified,"Inclusion Criteria:

* Patients aged 18-75 years
* Patient with a history of chronic pain
* Inability to provide written informed consent

Exclusion Criterion:
* Pregnant or lactating women"
4935979,"['sinusoidal obstruction syndrome', 'veno-occlusive disease', 'multi-organ dysfunction']",INTERVENTIONAL,ALL,18 Years,Not Specified,"Inclusion Criteria:

* Age ≥ 18 years
* Diagnosis of sinusoidal obstruction syndrome/veno-occlusive disease in adult patients: a new classification from the European Society for Blood and Marrow Transplantation (ESBC)
* Pregnant or lactating women"
8789825,"['Postoperative Complications', 'Stroke']",INTERVENTIONAL,ALL,18 Years,Not Specified,"Inclusion Criteria:

* Patients with suspected or proven acute lung disease (pneumonitis, acute respiratory distress syndrome (ARDS)] or chronic interstitial pulmonary disease with fibrosis)
* Patient under guardianship or curatorship, requiring intraoperative hemodynamic optimization with fluid challenge titration
* Pregnant or lactating women"
3681363,['Obesity'],INTERVENTIONAL,ALL,18 Years,Not Specified,"Inclusion Criteria:

* Patients with coagulation disorders (platelet count below 80,000 mm-3 and an international normalized ratio of at least 1.2), infection at the puncture site, and emergency tracheostomy"
11485033,['Ultrasonography'],INTERVENTIONAL,FEMALE,18 Years,Not Specified,"Inclusion Criteria:

* Women who gave birth in the Department of Obstetrics and Gynecology between 01/01/2020 and 01/09/2023 and whose gestational age was confirmed by first trimester ultrasonography

Exclusion Criterion:
* Pregnant or lactating women"
6438340,['Inflammation'],INTERVENTIONAL,ALL,18 Years,Not Specified,"Inclusion Criteria:

* Age ≥ 18 years
* Diagnosis of acute malnutrition
* Inability to provide written informed consent"
6009557,"['Ultrasonography', 'Pain']",INTERVENTIONAL,ALL,18 Years,Not Specified,"Inclusion Criteria:

* Patients with clinically confirmed lateral epicondylosis of the elbow
* Age ≥ 18 years
* Ability to provide written informed consent

Exclusion Criterion:
* Contraindication to MRI
* Inability to provide informed consent"
12543158,"['Comfort', 'Pain']",OBSERVATIONAL,ALL,18 Years,Not Specified,"Inclusion Criteria:

* Age ≥ 18 years
* Patient with lower limb fractures
* Ability to provide written informed consent

Exclusion Criterion:
* Pregnant or lactating women"
12653650,['Cardiac Arrest'],INTERVENTIONAL,ALL,18 Years,Not Specified,"Inclusion Criteria:

* Age ≥ 18 years
* Ability to provide written informed consent

Exclusion Criterion:
* Pregnant or lactating women"
11978498,['Hernia'],INTERVENTIONAL,ALL,18 Years,Not Specified,"Inclusion Criteria:

* Patients must be 18 years of age or older
* Patient must be able to provide written informed consent

Exclusion Criterion:
* Pregnant or lactating women"
6042589,"['Osteoarthritis', 'Pain']",INTERVENTIONAL,ALL,18 Years,Not Specified,"Inclusion Criteria:

* Age 18 years and older
* Patient referred to an occupational therapist for TMC OA
* Use of analgesics and non-steroidal anti-inflammatory drugs assessed by a self-administered 11-point Numeric Rating Scale (NRS) ≥30 (0, no pain, to 100, maximal pain, in 10-point increments)

Exclusion Criterion:
* Pregnant or lactating women"
11255802,['Radiology'],INTERVENTIONAL,FEMALE,18 Years,Not Specified,"Inclusion Criteria:

* Patients 18 years or above
* Patient with vertex presentation, at 36+ weeks of gestation
* History of prior caesarean section
* Availability of post-partum medical record"
8429541,"['Breast Cancer', 'Cancer']",INTERVENTIONAL,ALL,18 Years,Not Specified,"Inclusion Criteria:

* Patients aged 18-75 years
* Patient with a diagnosis of breast cancer
* Pregnant or lactating women
* Inability to provide written informed consent

Exclusion Criterion:
* Unable to provide informed consent"
10973285,['gastric contents'],OBSERVATIONAL,ALL,18 Years,Not Specified,"Inclusion Criteria:

* Patients aged ≥ 18 years
* Patient with a diagnosis of gastric malignancy
* Pregnant or lactating women
* Inability to provide written informed consent

Exclusion Criterion:
* Contraindication to MRI
* Unwilling to participate in the study"
10011737,"['Catheter Related Infections (CRI)', 'Catheter Related Bloodstream Infections (CRBSI)', 'central venous catheter (CVC)']",INTERVENTIONAL,ALL,18 Years,Not Specified,"Inclusion Criteria:

* Patients under 8 years of age
* Missing insertion date or unknown insertion site
* Peripherally inserted catheters (PICC-lines) and subcutaneous venous ports"
5544759,['Glioma'],INTERVENTIONAL,ALL,18 Years,Not Specified,"Inclusion Criteria:

* Patients aged 24-64 years
* Able to provide written informed consent

Exclusion Criterion:
* Inability to provide informed consent"
6392694,"['Interstitial Lung Disease', 'Heart Failure']",OBSERVATIONAL,ALL,18 Years,Not Specified,"Inclusion Criteria:

* Age \>18 years
* Diagnosis of systemic sclerosis
* Pregnant or lactating women

Exclusion Criterion:
* Previous pulmonary surgical procedures"
11322273,"['Ultrasonography', 'Neoplasms']",INTERVENTIONAL,ALL,18 Years,Not Specified,"Inclusion Criteria:

* Age 18 years or older
* Diagnosis of breast lesions
* Pregnant or lactating"
11805604,['Comfort'],INTERVENTIONAL,ALL,18 Years,Not Specified,"Inclusion Criteria:

* Age ≥ 18 years
* Patient with a history of invasive procedures

Exclusion Criterion:
* Pregnant or lactating women
* Inability to provide written informed consent"
4287055,"['Osteoarthritis', 'Pain']",INTERVENTIONAL,ALL,18 Years,Not Specified,"Inclusion Criteria:

* Patients with knee osteoarthritis (based on American College of Rheumatology criteria) in the age range of 40-70 years, with symptom duration of more than 3 months, confirmatory X-ray diagnosis (Kellgren–Lawrence grade 1-4) within the past 3 months
* Patient with a history of severe trauma to the knee, autoimmune and platelet disorders, treatment with anticoagulant and antiplatelet medications 10 days before injection, use of systemic corticosteroids 2 weeks before injection
* History of vasovagal shock, pregnancy, or breastfeeding, history of genu valgum/varum greater than 20 degrees, allergy to avian proteins, feathers and egg products or hypersensitivity to hyaluronate"
10702459,['Radiation Exposure'],INTERVENTIONAL,ALL,18 Years,Not Specified,"Inclusion Criteria:

* Patients with an indication for permanent transvenous pacemaker or ICD, either single chamber or dual chamber.
* Patient with a history of previously implanted endocardial lead.

Exclusion Criterion:
* Pregnant or lactating women."
12696371,['Malaria'],INTERVENTIONAL,ALL,18 Years,Not Specified,"Inclusion Criteria:

* Age ≥15 years
* Diagnosis of febrile with fever (≥37.5°C) at Manhiça District Hospital

Exclusion Criterion:
* Pregnant or lactating women
* Inability to provide written informed consent"
12431797,"['Neuropathic Pain', 'Pain']",INTERVENTIONAL,ALL,18 Years,Not Specified,"Inclusion Criteria:

* Age \> 8 weeks
* Diagnosis of sciatic nerve pain

Exclusion Criterion:
* Prior surgical surgery
* Previous surgical surgery"
12566304,['Pain'],INTERVENTIONAL,ALL,18 Years,Not Specified,"Inclusion Criteria:

* Patients aged 18-65 years
* Patient with a history of drug allergies, chronic pain, long-term opioid use, psychiatric disorders, or required emergency operations

Exclusion Criterion:
* Pregnant or lactating women"
7300802,"['COVID‐19', 'dysphagia']",OBSERVATIONAL,ALL,18 Years,Not Specified,"Inclusion Criteria:

* Age ≥ 18 years
* Patient with a diagnosis of COVID‐19
* Ability to provide written informed consent

Exclusion Criterion:
* Pregnant or lactating women"
9851451,['Percutaneous Coronary Intervention'],OBSERVATIONAL,ALL,18 Years,Not Specified,"Inclusion Criteria:

* Patients who did not receive preintervention OCT/OFDI or NIRS‐IVUS pullback
* Patient for whom adequate NIRs analysis could not be obtained
Exclusion Criterion:
* Pregnant or lactating women"
11933137,"['Hernia', 'Pain']",INTERVENTIONAL,ALL,18 Years,Not Specified,"Inclusion Criteria:

* Age ≥ 18 years
* Patient who has undergone elective inguinal hernia repair using a self-adherent mesh
* Patients who are able to speak proficient Danish
* In case of recurrent hernia, emergency surgery
* Pregnant or lactating women"
12689820,['Ultrasonography'],OBSERVATIONAL,ALL,18 Years,Not Specified,"Inclusion Criteria:

* Preterm neonates less than 35 weeks' gestational age who were about to start invasive mechanical ventilation via ETT
* Patient with upper air way anomalies or whom the caring physician deemed enrollment would disrupt the patient’s care

Exclusion Criterion:
* Pregnant or lactating women"
12506960,['Coronary Artery Stenosis'],OBSERVATIONAL,ALL,18 Years,Not Specified,"Inclusion Criteria:

* Age ≥ 18 years
* Diagnosis of coronary stenosis
* Patient with a history of coronary artery stenosis"
12309128,['Pain'],INTERVENTIONAL,ALL,18 Years,Not Specified,"Inclusion Criteria:

* Patients whose parents declined to participate, mechanical ventilation or inotropic infusion before surgery and those with a history of mental retardation or developmental delay affecting pain assessment.

Exclusion Criterion:
* Pregnant or lactating women."
11196044,['Ultrasonography'],INTERVENTIONAL,ALL,18 Years,Not Specified,"Inclusion Criteria:

* Age ≥ 18 years
* Ability to provide written informed consent

Exclusion Criterion:
* Prior regional anesthesia experience
* Previous regional anesthesia"
12376080,"['radical nephrectomy', 'post-nephrectomy']",INTERVENTIONAL,ALL,18 Years,Not Specified,"Inclusion Criteria:

* Patients with a history of radical nephrectomy
* Age ≥ 18 years
* Able to provide written informed consent
* Ability to provide informed consent"
11585379,['Pain'],INTERVENTIONAL,ALL,18 Years,Not Specified,"Inclusion Criteria:

* Patients aged 1-12 years
* Scheduled for elective urethral surgery

Exclusion Criterion:
* Pregnant or lactating women"
8568401,"['Chronic Obstructive Pulmonary Disease', 'Pulmonary Disease', 'Obesity']",INTERVENTIONAL,ALL,18 Years,Not Specified,"Inclusion Criteria:

* Patients with a history of shoulder arthroscopy
* Age ≥ 18 years
* Ability to provide written informed consent

Exclusion Criterion:
* Pregnant or lactating women"
12548990,"['Randomized Controlled Trials (RCTs)', 'Elective Hand Surgery (EHS)']",INTERVENTIONAL,ALL,18 Years,Not Specified,"Inclusion Criteria:

* Patients aged 18-75 years
* Patient with a history of elective hand surgery

Exclusion Criterion:
* Pregnant or lactating women
* Inability to provide written informed consent"
4755430,"['Anxiety', 'Stress', 'Pain']",INTERVENTIONAL,ALL,18 Years,Not Specified,"Inclusion Criteria:

* Patients with elevated serum PSA (e.g., 4 ng/dL)
* Age ≥ 18 years
* Patient with a history of prostate cancer

Exclusion Criterion:
* Previous prostate biopsies"
12681695,"['Ulcerative Colitis', 'Pancreatitis']",INTERVENTIONAL,ALL,18 Years,Not Specified,"Inclusion Criteria:

* Age ≥ 18 years
* Diagnosis of pancreatitis
* Pregnant or lactating women
* Inability to provide written informed consent

Exclusion Criterion:
* Contraindication to glucocorticoid therapy"
10503118,"['Pain', 'Pain, Postoperative']",INTERVENTIONAL,ALL,18 Years,Not Specified,"Inclusion Criteria:

* Patients aged between 35 and 90 years
* Patient with contraindications for spinal anesthesia or PENG block (infection at injection site, low ejection fraction, coagulopathy etc.).
* Participants who could not obtain written informed consent to participate in the study."
11562753,['Pain'],INTERVENTIONAL,FEMALE,18 Years,Not Specified,"Inclusion Criteria:

* Patients with a primary diagnosis of chronic pain between the ages of 18 and 65
* Patient with moderate-to-severe levels of pain
* Pregnant or lactating women"
12591897,['capillary malformation-arteriovenous malformation'],OBSERVATIONAL,ALL,18 Years,Not Specified,"Inclusion Criteria:

* Age between 1 and 16 years
* Patients with a family history of CMs
* Pregnant or lactating women"
5073778,"['Lung Cancer', 'Cancer']",INTERVENTIONAL,ALL,18 Years,Not Specified,"Inclusion Criteria:

* Patients with a mediastinal lesion in a mechanically ventilated patient
* Patient who is being invasively ventilated for respiratory failure"
9615166,"['Ultrasonography', 'Pain']",INTERVENTIONAL,ALL,18 Years,Not Specified,"Inclusion Criteria:

* Patients aged 18-70 years
* Patient with American Society Anesthesiologists physical status classification scores of I or II scheduled for elective cholecystectomy
* Known allergy to LA
* History of abdominal surgery
* Use of any pain killers in the preoperative 24 h"
12248779,"['Malignant Tumors', 'Cancer']",INTERVENTIONAL,ALL,18 Years,Not Specified,"Inclusion Criteria:

* Age ≥ 18 years
* Patient with a diagnosis of renal tumors managed using 3D-IGRAPN
* Ability to provide written informed consent

Exclusion Criterion:
* Pregnant or lactating women"
12581819,['Infective Endocarditis'],INTERVENTIONAL,ALL,18 Years,Not Specified,"Inclusion Criteria:

* Age ≥ 18 years
* Patient who has undergone a mitral valve replacement due to infective endocarditis (Part 2)
* Pregnant or lactating women"
12641887,['Pain'],INTERVENTIONAL,ALL,18 Years,Not Specified,"Inclusion Criteria:

* Age ≥ 50 years
* Patient who underwent a corticosteroid injection with 4 mL of 0.25% bupivacaine and 40 mg/mL triamcinolone, during the year 2024
Exclusion Criterion:
* Pregnant or lactating women"
11300564,"['HCC', 'Hepatocellular Carcinoma']",INTERVENTIONAL,ALL,18 Years,Not Specified,"Inclusion Criteria:

* Patients at risk for HCC presenting with untreated focal liver nodules detected on standard-of-care screening US or observation on diagnostic CT or MRI
* Patient with indeterminate probability of malignancy (LR-NC)

Exclusion Criterion:
* Pregnant women"
12688721,"['Pneumothorax', 'Lung Cancer', 'Cancer']",INTERVENTIONAL,ALL,18 Years,Not Specified,"Inclusion Criteria:

* Patients who underwent a diagnostic workup for a possible lung cancer diagnosis
* Patient with a suspicious pulmonary nodule with an ssRAB system

Exclusion Criterion:
* Pregnant or lactating women"
12014953,"['Foot ulceration', 'Diabetes mellitus (DM)', 'Peripheral artery disease', 'Medial arterial calcification (MAC)', 'Chronic kidney disease', 'Ulcer healing', 'Wound healing', 'Minor amputation']",INTERVENTIONAL,ALL,18 Years,Not Specified,"Inclusion Criteria:

* Patients who are prone to medial arterial calcification
* Inability to provide written informed consent

Exclusion Criterion:
* Pregnant or lactating women"
12452136,['Renal Cell Carcinoma (RCC)'],INTERVENTIONAL,ALL,18 Years,Not Specified,"Inclusion Criteria:

* Patients with biopsy-proven RCC, aged 18 years or older, who had undergone prior treatment with either microwave ablation (MWA) or cryoablation therapy.

Exclusion Criterion:
* Pregnant, medically unstable, or had a known allergy to components of ultrasound contrast agents."
12622827,['Multiple Sclerosis'],OBSERVATIONAL,ALL,18 Years,Not Specified,"Inclusion Criteria:

* Age ≥ 18 years
* Diagnosis of multiple sclerosis according to the 2017 revised McDonald criteria

Exclusion Criterion:
* Prior neurological events (e.g., diabetes mellitus, hypertension) or other conditions known to affect the optic nerve
* History of ocular surgery
* Pregnant or lactating women"
12619138,['ultrasound-guided arterial cannulation (USG-AC)'],INTERVENTIONAL,ALL,18 Years,Not Specified,"Inclusion Criteria:

* Age 18-70
* Diagnosis of Raynaud disease or peripheral vascular disease
* Scheduled surgery at the intended cannulation site
* Contraindication to invasive arterial pressure monitoring"
12484925,"['Radiofrequency Ablation', 'Lung Cancer']",OBSERVATIONAL,ALL,18 Years,Not Specified,"Inclusion Criteria:

* Patients who have undergone a single surgical resection for primary lung cancer between 2017 and 2022
* Pregnant or lactating women"
12682211,['Pain'],INTERVENTIONAL,ALL,18 Years,Not Specified,"Inclusion Criteria:

* Age ≥ 60 years
* Patient with a history of acute hip fracture
* Ability to provide written informed consent

Exclusion Criterion:
* Previous hip fracture"
11440713,['Learning'],OBSERVATIONAL,ALL,18 Years,Not Specified,"Inclusion Criteria:

* Patients who underwent cervical laminoplasty for OPLL- or degenerative spinal disease-induced cervical stenosis
* Age ≥ 18 years
* Ability to provide written informed consent

Exclusion Criterion:
* Pregnant or lactating women"
8492909,['Not Specified'],INTERVENTIONAL,ALL,18 Years,Not Specified,"Inclusion Criteria:

* Age \> 18 years
* Ability to provide written informed consent
* Signed informed consent"
12045139,"['Point-of-care ultrasound (POCUS)', 'soft tissue (ST)', 'fetal heart tone (FHT)']",INTERVENTIONAL,ALL,18 Years,Not Specified,"Inclusion Criteria:

* Age ≥ 18 years
* Ability to provide written informed consent

Exclusion Criterion:
* Pregnant or lactating women"
9844847,"['Bradycardia', 'Pain']",INTERVENTIONAL,ALL,18 Years,Not Specified,"Inclusion Criteria:

* Surgical patients who received dexmedetomidine or remifentanil for controlled hypotension under general anesthesia
* Patients who were able to provide written informed consent

Exclusion Criterion:
* Pregnant or lactating women"
6257422,"['sepsis', 'systemic inflammatory response syndrome (SIRS)']",OBSERVATIONAL,ALL,18 Years,Not Specified,"Inclusion Criteria:

* Patients who meet the diagnostic criteria of sepsis and its effect on leukocytes and the expression of E-selectin and ICAM-1
* Pregnant or lactating women"
12019185,['Pain'],INTERVENTIONAL,ALL,18 Years,Not Specified,"Inclusion Criteria:

* Age below 18 years
* Signed the informed consent to be involved in the study at least 24 h before the scheduled surgery
* Patient who planned for laparoscopic scheduled abdominal surgery

Exclusion Criterion:
* Pregnant women
* History of hypermagnesemia, hyponatremia, hypocalcemia, hyperkalemia; acidosis states
* Acute or chronic kidney disease"
11129060,"['Psoriasis', 'Psoriatic Arthritis']",INTERVENTIONAL,ALL,18 Years,Not Specified,"Inclusion Criteria:

* Age 18-65 years
* Diagnosis of cutaneous psoriasis
* History of musculoskeletal trauma
* Taking anti-inflammatory non-steroidal or glucocorticoid drugs in the last two weeks"
12649930,['Stroke'],INTERVENTIONAL,ALL,18 Years,Not Specified,"Inclusion Criteria:

* Patients with chronic stroke diagnosed with a stroke within the past 6 months, those who scored ≥24 on the Korean Mini-Mental State Examination, and who were able to walk over 10 m.
* Patient who had a grade of 1 to 3 on the modified Ashworth scale."
8132376,['Ventriculoperitoneal shunt (VPS) placement'],INTERVENTIONAL,ALL,18 Years,Not Specified,"Inclusion Criteria:

* Age ≥18 years
* Patient who is capable of judgement (e.g. dementia/neurologic state), an informed consent of the next o"
8886458,['Hernia'],INTERVENTIONAL,ALL,18 Years,Not Specified,"Inclusion Criteria:

* Patients with uterine leiomyoma who were treated in our organization between June 2019 and December 2019
* Patient who signed an informed consent form before the operation

Exclusion Criterion:
* Contraindications to laparoscopic surgery"
10590726,"['Ultrasonography', 'Comfort']",INTERVENTIONAL,FEMALE,18 Years,Not Specified,"Inclusion Criteria:

* Preterm birth, twin pregnancy, abnormal invasive placentation (placenta previa, placenta accreta)
* Intrapartum ultrasound
* Vaginal examination"
12696570,"['Ultrasonography', 'Pain']",OBSERVATIONAL,ALL,18 Years,Not Specified,"Inclusion Criteria:

* Patients aged 20 years or older
* Patient who underwent ultrasound evaluation during the working hours of the first author
* Unable to obtain informed consent for participation in the study"
12664190,"['Stroke', 'Pain']",INTERVENTIONAL,ALL,18 Years,Not Specified,"Inclusion Criteria:

* Age ≥ 18 years
* Patient with a history of neurological disorders
* Ability to provide written informed consent

Exclusion Criterion:
* Pregnant or lactating women"
10943822,"['Cognitive Impairment', 'Behavior']",INTERVENTIONAL,ALL,18 Years,Not Specified,"Inclusion Criteria:

* Age \> 18 years
* Ability to provide written informed consent

Exclusion Criterion:
* Pregnant or lactating women
* Previous sevoflurane treatment
* Prior sevulin treatment"
2940021,['Muscular Dystrophies'],INTERVENTIONAL,ALL,18 Years,Not Specified,"Inclusion Criteria:

* Age ≥ 18 years
* Ability to provide written informed consent"
11969942,['modified electroconvulsive therapy (MECT)'],INTERVENTIONAL,ALL,18 Years,Not Specified,"Inclusion Criteria:

* Diagnoses of schizophrenia, depression, mania, or bipolar disorder per ICD-10 criteria, with a documented illness duration of 1 month to 20 years.

Exclusion Criterion:
* Absence of medications with significant cardiovascular effects within 48 h pre-procedure.
* Normal cardiovascular/pulmonary function and electrolyte balance confirmed via preoperative assessment."
6205538,"['Hypertension', 'Cirrhosis', 'Radiology']",INTERVENTIONAL,ALL,18 Years,Not Specified,"Inclusion Criteria:

* Age ≥ 18 years
* Patient with a history of liver cirrhosis
* Pregnant or lactating women
* Inability to provide written informed consent"
12649075,"['difficult videolaryngoscopy', 'Cormack-Lehane classification']",OBSERVATIONAL,ALL,18 Years,Not Specified,"Inclusion Criteria:

* Patients must be at least 18 years of age
* Subjects must be able to provide written informed consent

Exclusion Criterion:
* Prior intubation using a single-lumen endotracheal tube with VL under general anesthesia"
11735703,['Pain'],OBSERVATIONAL,ALL,18 Years,Not Specified,"Inclusion Criteria:

* Age 18-75
* Patient with low back or referred pain above or just below the gluteal fold (≥ 3/10 on a numerical pain rating scale) lasting at least 3 months, present at least 50% of the time during the day"
7113160,['Pain'],INTERVENTIONAL,ALL,18 Years,Not Specified,"Inclusion Criteria:

* Patient scheduled for elective CS by Pfannenstiel incision under spinal anesthesia
* Pregnant women with a body mass index (BMI) ≥ 35 kg m2"
10967091,['Pain'],OBSERVATIONAL,ALL,18 Years,Not Specified,"Inclusion Criteria:

* Age ≥ 18 years
* Patient with a history of Achilles tendinopathy
* Metatarsalgia
* Orthopedic foot surgery
* Inability to provide written informed consent

Exclusion Criterion:
* Pregnant or lactating women"
12001422,"['Van den Ende–Gupta syndrome', '22q11.2 Deletion Syndrome', 'talipes equinovarus', 'cerebellar hypoplasia', 'micrognathia']",INTERVENTIONAL,ALL,18 Years,Not Specified,"Inclusion Criteria:

* Pregnant or lactating women
* Age \> 30 years
* Ability to provide written informed consent

Exclusion Criterion:
* Contraindication to MRI
* Inability to provide informed consent"
12697853,"['Lung Cancer', 'Cancer']",INTERVENTIONAL,ALL,18 Years,Not Specified,"Inclusion Criteria:

* Patients aged ≥ 18 years
* Patient who is able to provide written informed consent

Exclusion Criterion:
* Pregnant or lactating women"
12546777,"['Cirrhosis', 'Liver Transplantation']",OBSERVATIONAL,ALL,18 Years,Not Specified,"Inclusion Criteria:

* Age ≥18 years
* Diagnosis of hepatocellular carcinoma (HCC) outside the Milan criteria
* A single nodule <5 cm or multiple nodules (maximum three], the largest of which ≤3 cm) at the time of inclusion
* Contraindication to mechanical ventilation
* Inability to provide informed consent"
12696336,"['bradyarrhythmias', 'pneumothoraces', 'lead dislodgements', 'hematomas']",INTERVENTIONAL,ALL,18 Years,Not Specified,"Inclusion Criteria:

* Patients with bradyarrhythmias (e.g., complete heart block, sinus node dysfunction, drug‐induced bradycardia) requiring temporary pacing.
* Inability to provide written informed consent."
12371962,"['Pain', 'Postoperative Complications']",INTERVENTIONAL,ALL,18 Years,Not Specified,"Inclusion Criteria:

* Age ≥ 18 years
* Ability to provide written informed consent

Exclusion Criterion:
* Pregnant or lactating women
* History of smoking"
12663127,"['respiratory illnesses', 'bacterial pneumonia', 'viral infections', 'asthma exacerbations']",INTERVENTIONAL,ALL,18 Years,Not Specified,"Inclusion Criteria:

* Patients aged 0 to 19 years
* Patient with a pre-existing chronic lung disease
* Pregnant or lactating women"
12584387,['Pain'],INTERVENTIONAL,ALL,18 Years,Not Specified,"Inclusion Criteria:

* Patients aged 18 to 75 years
* Known allergy to ropivacaine
* Contraindications to peripheral nerve block (e.g. skin infection around the hip, neuromuscular disorders or coagulation dysfunction)."
12584877,"['Pancreatitis', 'Pancreatic Cancer']",INTERVENTIONAL,ALL,18 Years,Not Specified,"Inclusion Criteria:

* Patients with autoimmune pancreatitis
* Age ≥ 18 years
* Patient who has undergone EUS‐TA using FNB

Exclusion Criterion:
* Pregnant or lactating women"
12620460,['Pain'],INTERVENTIONAL,ALL,18 Years,Not Specified,"Inclusion Criteria:

* Patients with whiplash syndrome
* Patient who has undergone surgery in the last year
* Subjects who present any type of alteration (skin or infection, sensitivity or pain perception).
* Subjects who have undergone surgery within the past year.

Exclusion Criterion:
* Pregnant or lactating women"
10569988,['Pulmonary Embolism'],OBSERVATIONAL,ALL,18 Years,Not Specified,"Inclusion Criteria:

* Pregnant patients referred to a tertiary care hospital for suspected, first episode of DVT during hours when research coordinators were available (generally weekdays and selected evenings).
* Patient with a single whole-leg CUS of the symptomatic leg."
12691399,['Carpal Tunnel Syndrome (CTS)'],OBSERVATIONAL,ALL,18 Years,Not Specified,"Inclusion Criteria:

* Age ≥ 18 years
* Diagnosis of acute CTS
* History of paresis or cervical radiculopathy (confirmed by clinical examination and, when indicated, cervical imaging)
* Presence of proximal compressive neuropathies (e.g., thoracic outlet syndrome), confirmed diabetic polyneuropathy, previous fractures or malunited callus affecting the wrist, prior CTS decompression surgery, local glucocorticoid or anesthetics injection in the wrist region within the last three months
* Use of oral contraceptives within the preceding six months"
12688383,"['Stroke', 'Subarachnoid Hemorrhage']",INTERVENTIONAL,ALL,18 Years,Not Specified,"Inclusion Criteria:

* Age ≥ 18 years
* Patient with a history of stroke
* Diagnosis of acute stroke

Exclusion Criterion:
* Pregnant or lactating women
* Inability to provide written informed consent"
6030101,['Behavior'],INTERVENTIONAL,ALL,18 Years,Not Specified,"Inclusion Criteria:

* Age \> 18 years
* Ability to provide written informed consent

Exclusion Criterion:
* Known medication contraindications to other non-invasive neuromodulation techniques"
11512518,"['Postoperative Complications', 'Pain']",INTERVENTIONAL,ALL,18 Years,Not Specified,"Inclusion Criteria:

* Patients scheduled to receive laparoscopic partial hepatectomy 1:1 to receive local infiltration anesthesia or TAP block
* Age 18-65 years
* History of chronic pain and long-term use of analgesics; History of drug or alcohol abuse
* Refusal to participate in observation"
11520544,"['Head and Neck Cancer', 'Cancer']",OBSERVATIONAL,ALL,18 Years,Not Specified,"Inclusion Criteria:

* Patients must have a history of CEA or carotid stent placement
* Have undergone a prior CUS between the completion of RT and study registration, if their most recent RT was for the treatment of recurrent or second primary HN cancer
* History of re-irradiation in the HN region"
12580448,"['Liver Metastases', 'Ultrasonography']",OBSERVATIONAL,ALL,18 Years,Not Specified,"Inclusion Criteria:

* Age ≥18 years
* Diagnosis of gastrointestinal or pancreatic NEN confirmed at biopsy or final pathology
* No other malignancies in the previous 5 years"
12122155,"['Osteoarthritis', 'Pain']",INTERVENTIONAL,ALL,18 Years,Not Specified,"Inclusion Criteria:

* Patients with a history of prior knee surgery or trauma or those scheduled for revision knee arthroplasty"
11788937,['Ultrasonography'],INTERVENTIONAL,ALL,18 Years,Not Specified,"Inclusion Criteria:

* Age ≥ 18 years
* Ability to provide written informed consent
* Able to provide informed consent"
8458366,"['Obesity', 'Ultrasonography']",INTERVENTIONAL,FEMALE,18 Years,Not Specified,"Inclusion Criteria:

* Pregnant women who are undergoing a fetal morphology examination by ultrasound from 20+0 to 25+0 gestational weeks (GW)
* Contraindication to have the ultrasound examination or to participate in the study."
12676223,"['Hepatocellular Carcinoma', 'Cirrhosis']",INTERVENTIONAL,ALL,18 Years,Not Specified,"Inclusion Criteria:

* Age 18 to 75 years
* Diagnosis of hepatocellular carcinoma diagnosed between 2009 and 2013
Exclusion Criterion:
* Pregnant or lactating women"
12597412,"['Lung Cancer', 'Cancer']",INTERVENTIONAL,ALL,18 Years,Not Specified,"Inclusion Criteria:

* Patients 18 years of age or older
* Patient with a PPL ≤ 5 cm (mean short-long on axial CT scan)

Exclusion Criterion:
* PPL not believed to be accessible bronchoscopically"
9811764,"['Osteoarthritis', 'Inflammation']",INTERVENTIONAL,ALL,18 Years,Not Specified,"Inclusion Criteria:

* Patients with symptomatic knee OA according to American College of Rheumatology criteria
* Age ≥ 45 years
* Ability to read, speak, read, and understand Chinese
* Able to cooperate with the researchers during the study"
11890536,"['spinal anesthesia-induced hypotension', 'hypotension']",OBSERVATIONAL,ALL,18 Years,Not Specified,"Inclusion Criteria:

* Patients who were scheduled for elective orthopedic, gynecologic, or urologic surgery under spinal anesthesia
* Age ≥ 18 years
* History of cerebrovascular accident or transient ischemic attack"
6308281,['Pain'],INTERVENTIONAL,ALL,18 Years,Not Specified,"Inclusion Criteria:

* Patients aged 18-75 years
* Patient with a history of chronic low-back pain
* Pregnant or lactating women"
12481102,"['Ultrasonography', 'Cough']",INTERVENTIONAL,ALL,18 Years,Not Specified,"Inclusion Criteria:

* Age ≥18 years
* Patient with acute respiratory tract infections (e.g. fever, sputum, dyspnoea, wheezing, chest discomfort)
* Pregnant or lactating women"
12626378,['Atrophic Edentulous Maxilla'],OBSERVATIONAL,ALL,18 Years,Not Specified,"Inclusion Criteria:

* Patients aged at least 20 years at time of surgery
* Age \> 20 years
* Pregnant or lactating women"
9515664,['shoulder surgery'],INTERVENTIONAL,ALL,18 Years,Not Specified,"Inclusion Criteria:

* Age ≥ 18 years
* Ability to provide written informed consent

Exclusion Criterion:
* Pregnant or lactating women"
12016225,['Pain'],INTERVENTIONAL,ALL,18 Years,Not Specified,"Inclusion Criteria:

* Patients with marginal bone preservation and soft tissue healing
* Age ≥ 18 years
* Patient with a history of dental surgery
* Prior dental implant surgery

Exclusion Criterion:
* Pregnant or lactating women"
12534733,"['Cerebral Oxygen Saturation', 'End-Tidal Carbon Dioxide Partial Pressure']",OBSERVATIONAL,ALL,18 Years,Not Specified,"Inclusion Criteria:

* Patients with cerebrovascular diseases, convulsions, respiratory disease (pulmonary or inflammatory), ischemic heart disease, and uncontrolled blood hypertension or diabetes
* Age ≥ 65 years
* Ability to provide written informed consent

Exclusion Criterion:
* Pregnant or lactating women"
12399226,"['Mitral Annulus Calcification', 'Mitral Stenosis']",INTERVENTIONAL,ALL,18 Years,Not Specified,"Inclusion Criteria:

* Patients must be 18 years of age or older
* Able to provide written informed consent

Exclusion Criterion:
* Pregnant or lactating women"
12700717,"['Prostate Cancer', 'Cancer']",INTERVENTIONAL,MALE,18 Years,Not Specified,"Inclusion Criteria:

* Age ≥ 18 years
* Diagnosis of prostate cancer
* Patients with stage T2c or T3b disease

Exclusion Criterion:
* Pregnant or lactating women"
11973045,"['Ultrasonography', 'Pain']",INTERVENTIONAL,ALL,18 Years,Not Specified,"Inclusion Criteria:

* Patients aged 18-65 years
* Patient who has undergone a midline sternotomy

Exclusion Criterion:
* Pregnancy
* Inability to provide written informed consent
* Contraindication to regional anesthesia"
5907430,"['Breast Cancer', 'Cancer', 'Pain']",INTERVENTIONAL,ALL,18 Years,Not Specified,"Inclusion Criteria:

* Women aged 18-75 years
* Patients with a history of breast cancer
* Pregnant or lactating women
* Inability to provide written informed consent

Exclusion Criterion:
* Prior breast surgery
* Previous breast surgery"
12697000,['Not Specified'],INTERVENTIONAL,ALL,18 Years,Not Specified,"Inclusion Criteria:

* Patients aged 18-75 years
* Patient with a history of allergic reactions to dexamethasone
Exclusion Criterion:
* Pregnant or lactating women
* Inability to provide written informed consent"
6783485,"['Radiology', 'Abdomen']",INTERVENTIONAL,ALL,18 Years,Not Specified,"Inclusion Criteria:

* 18 years of age or older
* mechanical ventilation (MV) required at ICU admission"
12078629,['Prematurity'],INTERVENTIONAL,ALL,18 Years,Not Specified,"Inclusion Criteria:

* Patients with a diagnosis of periventricular leukomalacia or BPD
* Pregnant or lactating women
* Able to understand and sign informed consent

Exclusion Criterion:
* Inability to understand the study procedures"
10625150,"['lumbar lordosis', 'spinal anesthesia']",OBSERVATIONAL,ALL,18 Years,Not Specified,"Inclusion Criteria:

* Patients between 18...45 years old with American Society of Anesthesiologists (ASA) physical status I...III and scheduled for spinal anesthesia
* Patient who presented a history of previous lumbar vertebral surgery
* Pregnant or lactating women"
10532641,"['Tongue Cancer', 'Cancer']",INTERVENTIONAL,ALL,18 Years,Not Specified,"Inclusion Criteria:

* Patients who meet the inclusion criteria (described in ) will undergo a preoperative in vivo ultrasound scan to measure the depth of invasion.

Exclusion Criterion:
* Pregnant or lactating women.
* Inability to provide written informed consent."
12468648,['Intensive Care Units (ICUs)'],INTERVENTIONAL,ALL,18 Years,Not Specified,"Inclusion Criteria:

* Patients aged ≥ 18 years
* Patient with a diagnosis of pathogenic bacteria
* Pregnant or lactating women
* Inability to provide written informed consent

Exclusion Criterion:
* Contraindication to MRI
* Unable to provide informed consent"
12687616,['Pain'],INTERVENTIONAL,ALL,18 Years,Not Specified,"Inclusion Criteria:

* Age ≥ 65 years
* Patient with a BMI of 18.5-30kg/m2
Exclusion Criterion:
* Contraindication to general anesthesia
* History of allergy to local anesthetics
* Need for a nerve block for severe or compound trauma"
11535733,['erectile dysfunction (ED)'],INTERVENTIONAL,MALE,18 Years,Not Specified,"Inclusion Criteria:

* Patients with mild to moderate ED as defined by the abridged IIEF-5, also known as the Sexual Health Inventory for Men (SHIM) score,
* Age ≥ 18 years
* Use of any erectile aids for 2 weeks prior to the start of their LiSWT treatment"
12590770,"['Epilepsy', 'Prognostic Factors']",INTERVENTIONAL,ALL,18 Years,Not Specified,"Inclusion Criteria:

* Patients diagnosed with refractory epilepsy and were not eligible for resective surgery due to the presence of multiple seizure foci or poor surgical prognosis."
7231147,['gastrointestinal disease'],INTERVENTIONAL,ALL,18 Years,Not Specified,"Inclusion Criteria:

* Age ≥ 18 years
* Ability to provide informed consent
* Pregnant or lactating women"
3625421,"['gastrointestinal dysfunction', 'mechanical ventilation', 'gastrointestinal failure', 'intra-abdominal pressures', 'organ dysfunction']",OBSERVATIONAL,ALL,18 Years,Not Specified,"Inclusion Criteria:

* Age ≥18 years
* Patients with expected duration of MV for at least 6 h
* Ability to provide written informed consent

Exclusion Criterion:
* Prior surgery
* Previous cystectomy"
12681079,"['Cirrhosis', 'Stroke']",INTERVENTIONAL,ALL,18 Years,Not Specified,"Inclusion Criteria:

* Patients aged ≥ 80 years
* Patient who underwent transvenous lead extractions for Cardiac Device Infections in the Very Elderly Patients

Exclusion Criterion:
* Pregnant or lactating women
* Inability to provide written informed consent"
5964111,['Brain Diseases'],INTERVENTIONAL,ALL,18 Years,Not Specified,"Inclusion Criteria:

* Patients aged 18-75 years
* Patient who is able to provide written informed consent

Exclusion Criterion:
* Pregnant or lactating women"
8580107,['Pain'],INTERVENTIONAL,ALL,18 Years,Not Specified,"Inclusion Criteria:

* Pregnant women
* Patients who are able to provide written informed consent

Exclusion Criterion:
* Inability to provide informed consent"
11476798,['Pain'],INTERVENTIONAL,ALL,18 Years,Not Specified,"Inclusion Criteria:

* Age 18-70 years
* Scheduled for elective lumbar spinal stabilization and fusion surgery with instrumentation
* Patient who has a physical status I-IIIAbility to provide informed consent
* Known allergies to local anesthetics
* Pregnancy
* Inability to understand the visual analog scale (VAS) for pain assessment"
11807241,['Pain'],OBSERVATIONAL,ALL,18 Years,Not Specified,"Inclusion Criteria:

* Age 18 to 80 years
* Patient with severe systemic disease that is a constant threat to life
* Patients who are not expected to survive without the operation"
11679272,"['Radiofrequency Ablation', 'Pain']",INTERVENTIONAL,ALL,18 Years,Not Specified,"Inclusion Criteria:

* Patients with a history of chronic lumbar facet joint pain, without a radicular pattern or neurologic symptoms in the lower extremity, persisting for at least 3 months despite conservative treatment (e.g., NSAIDs, exercise regimens, and physical therapy).
* Patient who was pregnant, on anticoagulant medication, had a systemic or local infection, or had a pacemaker."
10284040,['aortic valve stenosis'],INTERVENTIONAL,ALL,18 Years,Not Specified,"Inclusion Criteria:

* Patients with symptomatic aortic valve stenosis
* Age ≥ 18 years
* Ability to provide written informed consent"
12509261,['transfemoral cardiac catheterization'],INTERVENTIONAL,ALL,18 Years,Not Specified,"Inclusion Criteria:

* Patients who were scheduled to undergo an elective transfemoral procedure
* Patient with peripheral artery disease with no palpable pulse"
12655550,"['Heart Failure', 'Heart Disease']",INTERVENTIONAL,ALL,18 Years,Not Specified,"Inclusion Criteria:

* Patients with perioperative congenital heart disease and heart failure
* Patient requiring mechanical circulatory support in the intensive care unit
* Inability to provide written informed consent

Exclusion Criterion:
* Pregnant or lactating women"
7428099,['Upper Limb Surgery'],INTERVENTIONAL,ALL,18 Years,Not Specified,"Inclusion Criteria:

* Patients with a bodyweight over 50 kg
* Patient with a known history of chronic obstructive pulmonary disease, renal impairment, hepatic impairment, mental illness, allergy to ropivacaine, infection at the site of injection, coagulopathy, and peripheral neuropathy

Exclusion Criterion:
* Pregnant or lactating women"
12396039,"['lung adenocarcinoma', 'pleural metastasis', 'malignant pleural effusion (MPE)']",INTERVENTIONAL,ALL,18 Years,Not Specified,"Inclusion Criteria:

* Patients with murine lung adenocarcinoma
* Age \> 6 years
* Ability to provide written informed consent

Exclusion Criterion:
* Pregnant or lactating women"
10138008,['Pain'],INTERVENTIONAL,ALL,18 Years,Not Specified,"Inclusion Criteria:

* Patients with a high suspicion or confirmed diagnosis of PFS
* Patient is in a supine or long sitting position with the involved knee flexed

Exclusion Criterion:
* Patellar malalignment
* Contraindication to MRI"
11316281,['Pain'],INTERVENTIONAL,ALL,18 Years,Not Specified,"Inclusion Criteria:

* Patients diagnosed with primary knee osteoarthritis
* Patient willing to participate in the study"
12135639,"['Heart Failure', 'Echocardiography']",INTERVENTIONAL,ALL,18 Years,Not Specified,"Inclusion Criteria:

* Age 18 years
* Clinical symptoms or signs of fluid overload, among which fluid overload was defined as having met at least two of the following criteria: Pitting edema 2+ of the lower extremities
* moist rales in the lungs
* pulmonary edema or pleural effusion on chest X-ray
* Contraindications to heparin anticoagulation"
8641363,"['COVID-19', 'ARDS']",OBSERVATIONAL,ALL,18 Years,Not Specified,"Inclusion Criteria:

* Patients with coronavirus disease 2019 (COVID-19) presenting to the emergency department
* Patient who is able to provide written informed consent

Exclusion Criterion:
* Pregnant or lactating women"
12562578,"['Echocardiography', 'Left Ventricular Ejection Fraction']",OBSERVATIONAL,ALL,18 Years,Not Specified,"Inclusion Criteria:

* Age \> 4 years
* Diagnosis of SARS-CoV-2 infection: a positive serology or positive RT-PCR

Exclusion Criterion:
* Pregnant or lactating women
* Contraindication to echocardiography"
12678636,"['Musculoskeletal Diseases', 'Inflammation']",INTERVENTIONAL,ALL,18 Years,Not Specified,"Inclusion Criteria:

* Patients with a history of osteoarthritis, osteoporosis, and intervertebral disc degeneration.
* Age ≥ 18 years.

Exclusion Criterion:
* Pregnant or lactating women."
12142901,"['Comfort', 'Pain']",INTERVENTIONAL,ALL,18 Years,Not Specified,"Inclusion Criteria:

* Patients with anterior cruciate ligament reconstruction (ACLR)
* Patient with a history of severe postoperative pain

Exclusion Criterion:
* Pregnant or lactating women"
11273703,"['Mediastinal Lymphadenopathy', 'Hemorrhage']",OBSERVATIONAL,ALL,18 Years,Not Specified,"Inclusion Criteria:

* Patient with a contusion of the lung parenchyma with edema and hemorrhage

Exclusion Criterion:
* Pregnant or lactating women
* Inability to provide informed consent
* Unable to provide written informed consent"
12506423,"['Breast Cancer', 'Cancer']",INTERVENTIONAL,FEMALE,18 Years,Not Specified,"Inclusion Criteria:

* Age ≥ 35 years
* Diagnosis of breast cancer (including in-situ cancer), or any other cancers in the previous 5 years"
12598225,"['Subscapularis failure', 'Subscapularis insufficiency', 'Anatomic total shoulder arthroplasty']",INTERVENTIONAL,ALL,18 Years,Not Specified,"Inclusion Criteria:

* Patients must be able to provide written informed consent

Exclusion Criterion:
* Unable to provide informed consent"
12464049,"['Early-stage Breast Cancer', 'Breast Cancer', 'Cancer']",INTERVENTIONAL,FEMALE,18 Years,Not Specified,"Inclusion Criteria:

* Patients with small to moderate breast size and mild to moderate ptosis
* Pregnant or lactating women"
12595635,"['post-extubation inspiratory muscle weakness', 'ICU-acquired weakness', 'prolonged mechanical ventilation', 'inspiratory muscle weakness']",OBSERVATIONAL,ALL,18 Years,Not Specified,"Inclusion Criteria:

* Age ≥ 18 years
* History of solid organ transplantation
* Palliative care or planned therapeutic withdrawal
* Contraindication to non-invasive ventilation"
5370326,"['Peribulbar Block', 'Ophthalmic Surgeries', 'ASA grade I', 'ASA grade II']",INTERVENTIONAL,ALL,18 Years,Not Specified,"Inclusion Criteria:

* Age ≥15 years
* Known allergic reaction to drug, local infection at the puncture site, patients with impaired orbital and periorbital sensation
* Patients with complicated vitreous hemorrhage as retinal detachment, extensive epiretinal membrane, dropped nucleus or intraocular lens
* Patient's refusal to give written informed consent"
11897065,"['Robotic radical prostatectomy', 'Lung ultrasound score (LUS)', 'Respiratory outcomes', 'Intubation', 'Extubation', 'Intensive care unit (ICU) admission', 'Postoperative pulmonary complication']",INTERVENTIONAL,MALE,18 Years,Not Specified,"Inclusion Criteria:

* Patients with pre-existing chronic obstructive pulmonary disease requiring inhaled therapy
* Patient with ejection fraction lower than 40 mmHg
Exclusion Criterion:
* Pregnant or lactating women"
12647274,"['Pain', 'Temperature']",INTERVENTIONAL,ALL,18 Years,Not Specified,"Inclusion Criteria:

* Patients aged between 20 and 70 years, with an American Society of Anaesthesiologists (ASA) physical status of I or II
* Patient who presented with unilateral cervical radicular pain due to cervical disc prolapse affecting a single nerve root"
12611513,"['Ultrasonography', 'Pain']",INTERVENTIONAL,ALL,18 Years,Not Specified,"Inclusion Criteria:

* Age ≥ 18 years
* Ability to provide written informed consent

Exclusion Criterion:
* Pregnant or lactating women"
12540638,['Pain'],INTERVENTIONAL,ALL,18 Years,Not Specified,"Inclusion Criteria:

* Patients aged 18 years or older who were indicated to undergo minimally invasive sleeve gastrectomy in the RCT setting
* Patient randomized to receive TAP block"
6004341,['mechanical ventilation (MV)'],OBSERVATIONAL,ALL,18 Years,Not Specified,"Inclusion Criteria:

* Age ≥ 18 years
* Patient who has signed the informed consent (Additional file ) and met the following inclusion criteria (1) more than 24 h on MV
* Able to provide written informed consent

Exclusion Criterion:
* Pregnant or lactating women"
12700708,['Ultrasonography'],OBSERVATIONAL,ALL,18 Years,Not Specified,"Inclusion Criteria:

* Patients diagnosed with a radial head fracture in our emergency department between January 2021 and November 2022
* Patient who is able to provide written informed consent

Exclusion Criterion:
* Pregnant or lactating women"
12530971,['Obesity'],INTERVENTIONAL,ALL,18 Years,Not Specified,"Inclusion Criteria:

* Patients aged ≥ 18 years
* Patient with a history of obesity
* Inability to provide written informed consent

Exclusion Criterion:
* Pregnant or lactating women"
4742471,['Ultrasonography'],OBSERVATIONAL,ALL,18 Years,Not Specified,"Inclusion Criteria:

* Patients with a prior obstetric history of advanced cervical dilation and/or membrane bulging to the external os in the second trimester
* A history of conization (n=22)
* History of preterm delivery at 28 weeks of gestation"
9644364,"['Heart Failure', 'Systolic Heart Failure']",INTERVENTIONAL,ALL,18 Years,Not Specified,"Inclusion Criteria:

* Patients admitted with acute heart failure (AHF)
* Able to provide written informed consent
* Ability to understand and sign the informed consent form

Exclusion Criterion:
* Uninterpretable lung or inferior vena cava ultrasound
* Lack of ultrasound visualisation
* Unable to provide informed consent"
12654764,"['Radiofrequency Ablation', 'Metabolic Syndrome', 'Thyroid Nodule', 'Obesity']",INTERVENTIONAL,ALL,18 Years,Not Specified,"Inclusion Criteria:

* Patients who are unsuitable for, decline, or are participating in clinical studies involving other thermal ablation modalities"
12697432,"['Obesity', 'Ultrasonography']",INTERVENTIONAL,ALL,18 Years,Not Specified,"Inclusion Criteria:

* Age \> 18 years
* Patient scheduled for elective surgery under general anaesthesia with endotracheal intubation
* Scheduled for anterior neck soft tissue thickness ≥ 35 kg/m2
Exclusion Criterion:
* Pregnant or lactating women"
11697622,"['Inflammation', 'Pain']",INTERVENTIONAL,FEMALE,18 Years,Not Specified,"Inclusion Criteria:

* Patients who meet the eligibility criteria and provide informed consent
* Patient who meets the following criteria and provides written informed consent"
11095191,['Pain'],INTERVENTIONAL,ALL,18 Years,Not Specified,"Inclusion Criteria:

* Patients with systemic autoimmune rheumatologic conditions, poorly controlled diabetes mellitus (glycosylated hemoglobin >9%), blood disorders, severe heart diseases, active cancer, or a cancer diagnosis in the last 5 years
* Pregnant or lactating women
* Patient with an analytical diagnosis of hepatitis B, C, or human immunodeficiency virus infection"
11988711,"['Hemorrhage', 'Neoplasms']",INTERVENTIONAL,ALL,18 Years,Not Specified,"Inclusion Criteria:

* Age ≥ 18 years
* Diagnosis of malignant ovarian cysts
* Known malignancy
* Pregnant or lactating women
* Inability to provide written informed consent"
12590548,['Not Specified'],INTERVENTIONAL,ALL,18 Years,Not Specified,"Inclusion Criteria:

* Age ≥ 18 years
* Ability to provide written informed consent

Exclusion Criterion:
* Pregnant or lactating women"
12541851,['thoracoscopic surgery'],INTERVENTIONAL,ALL,18 Years,Not Specified,"Inclusion Criteria:

* Patients aged 18 to 75 years
* Patient who underwent thoracoscopic surgery with at least one blood vessel that required sealing, as determined by preoperative computed tomography (ACE+7) images

Exclusion Criterion:
* Pregnant or lactating women"
12630327,['Hereditary Renal Cell Carcinoma'],INTERVENTIONAL,ALL,18 Years,Not Specified,"Inclusion Criteria:

* Patients with a known pathogenic/likely pathogenic (P/LP) variant in a cancer susceptibility gene
* Patient with a diagnosis of RCC and one or more first- or second-degree relatives with RCC
* Contraindication to uro-oncological management of confirmed cases"
9061797,['American Society of Anesthesiologists Physical Status Classification (ASA)'],OBSERVATIONAL,ALL,18 Years,Not Specified,"Inclusion Criteria:

* Age ≥ 18 years
* Patient with a history of comorbidities
* Inability to provide written informed consent

Exclusion Criterion:
* Pregnant or lactating women"
11829684,"['Regional anesthesia', 'Fascia iliaca compartment blockade (FICB)', 'Suprainguinal fascia iliaca (SIFI) block', 'Hip surgery', 'Thigh surgery', 'Femur surgery']",INTERVENTIONAL,ALL,18 Years,Not Specified,"Inclusion Criteria:

* Age ≥ 18 years
* Patient with a history of hip and femur surgery
* Ability to move the leg with motor blockade of the hip adductors and quadriceps muscle"
7091518,['Pain'],INTERVENTIONAL,ALL,18 Years,Not Specified,"Inclusion Criteria:

* Age ≥ 18 years
* Patient who is able to provide written informed consent

Exclusion Criterion:
* Patients who are unable to provide informed consent"
5330007,['Pneumothorax'],OBSERVATIONAL,ALL,18 Years,Not Specified,"Inclusion Criteria:

* Patients with a positive chest injury finding (e.g. flail chest, multiple rib fractures, lung contusion)
* Patient who needed mechanical ventilation due to receiving surgical interventions
* Pregnant or lactating women"
12693418,"['Cervical insufficiency', 'pregnancies', 'second-trimester loss', 'spontaneous preterm birth', 'preterm birth']",INTERVENTIONAL,FEMALE,18 Years,Not Specified,"Inclusion Criteria:

* Patients with cervical insufficiency
* Able to provide written informed consent

Exclusion Criterion:
* Contraindication to cerclage
* Pregnant or lactating women"
12351347,['Virtual Reality'],INTERVENTIONAL,ALL,18 Years,Not Specified,"Inclusion Criteria:

* Age ≥ 18 years
* Ability to provide written informed consent

Exclusion Criterion:
* Inadequate data reported (e.g. intervention, outcome or population not clearly defined)"
12053316,['Atrial Fibrillation'],OBSERVATIONAL,ALL,18 Years,Not Specified,"Inclusion Criteria:

* Patients with a history of atrial fibrillation
* Patient who underwent a cryoballoon (CA) or radiofrequency (RF) ablation

Exclusion Criterion:
* Pregnant or lactating women"
12608985,"['Pancreatic Cancer', 'Cancer']",INTERVENTIONAL,ALL,18 Years,Not Specified,"Inclusion Criteria:

* Patients aged ≥ 18 years
* Patient with a diagnosis of pancreatic cancer
* Pregnant or lactating women
* Inability to provide written informed consent

Exclusion Criterion:
* Contraindication to EUS-BD"
11671082,['Thoracic CT Imaging'],INTERVENTIONAL,ALL,18 Years,Not Specified,"Inclusion Criteria:

* Age \> 4 years
* Diagnostic nonsedated thoracic CT scans

Exclusion Criterion:
* Patients with a history of respiratory, cardiac, and gross motion artifact
* Pregnant or lactating women"
12604609,"['Endotension', 'Aneurysm', 'Endoleak', 'Endovascular Aneurysm Repair (EVAR)']",OBSERVATIONAL,ALL,18 Years,Not Specified,"Inclusion Criteria:

* Age ≥ 18 years
* Diagnosis of progressive aneurysm sac expansion (types I-IV)
* Radiologically demonstrable endoleak
* Contraindication to CTA
Exclusion Criterion:
* Pregnant or lactating women"
12669431,"['Deep Vein Thrombosis', 'COVID‐19 Pneumonia', 'Venous Thromboembolism', 'DVT']",OBSERVATIONAL,ALL,18 Years,Not Specified,"Inclusion Criteria:

* Patients aged 18 years or older
* Patient with evidence of SARS‐CoV‐2 infection as per World Health Organization (WHO) criteria within 14 days of the onset of symptom initiation, confirmed through PCR testing of nasopharyngeal, oropharynx, or tracheal aspirate samples. These individuals also had chest imaging abnormalities at the time of screening.

Exclusion Criterion:
* Pregnant or lactating women"
9600626,['Pain'],OBSERVATIONAL,ALL,18 Years,Not Specified,"Inclusion Criteria:

* Patients with a clinical suspicion of a long-bone fracture of the upper extremity who presented to our pER over a period of 53 weeks.
* Patient needing immediate medical attention (Australasian Triage Score: score 1 or 2) []; severely displaced or open fractures; fractures complicated by neurovascular compromise distally to the injured region; patients with known allergy to ultrasound gel; patient with suspected ‘battered child’ syndrome."
6967358,['Pain'],INTERVENTIONAL,ALL,18 Years,Not Specified,"Inclusion Criteria:

* Patients with known bleeding diathesis
* History of allergy to local anaesthetics
* Known diaphragmatic motion abnormalities"
3429966,['Pain'],INTERVENTIONAL,ALL,18 Years,Not Specified,"Inclusion Criteria:

* Age between 18 and 24 years
* Bilateral impacted lower third molars (class B and 2 of Pell & Gregory classification)
* History of allergic reactions to local anesthetic agents"
10828124,"['Cancer', 'Pain']",INTERVENTIONAL,MALE,18 Years,Not Specified,"Inclusion Criteria:

* Patients with a history of radical prostatectomy
* Age ≥ 18 years
* Inability to provide written informed consent

Exclusion Criterion:
* Pregnant or lactating women"
8125558,['Pain'],INTERVENTIONAL,ALL,18 Years,Not Specified,"Inclusion Criteria:

* Patients with unilateral pain in the lateral epicondylalgia (LE) and/or within 2 cm of the lateral humeral epicondyle on the extension of the wrist and could not practice sport due to the pain
* Subjects who had radicular pain, any previous surgery or acute trauma in the upper extremity, bilateral symptoms, electrophysiological findings referable to another peripheral nerve, were currently taking medication or receiving physiotherapeutic treatment (massage, therapeutic exercise and electrotherapy) (before and during the study), and patients exercising during treatment were excluded."
12646828,['Ultrasonography'],INTERVENTIONAL,ALL,18 Years,Not Specified,"Inclusion Criteria:

* Age ≥ 18 years
* Patients with stage IV or higher chronic kidney disease, uncontrolled liver disease, terminal oncologic conditions and refusal to sign the informed consent.
* Patient with a nutritional history, anthropometric measurements, electrical bioimpedance analysis, quadriceps rectus femoris muscle ultrasonography and handgrip strength tests."
12692212,"['Aortic Valve Disease', 'Atherosclerosis', 'Myocardial Infarction']",INTERVENTIONAL,ALL,18 Years,Not Specified,"Inclusion Criteria:

* Age ≥ 18 years
* Patients with a history of myocardial infarction
* Ability to provide written informed consent

Exclusion Criterion:
* Pregnant or lactating women"
11642398,['Ultrasonography'],OBSERVATIONAL,ALL,18 Years,Not Specified,"Inclusion Criteria:

* Age \> 18 years
* Patients who were scheduled for elective intra-abdominal surgery under general anesthesia who were not planned for long-term postsurgical mechanical ventilation, and who had no past medical history of cardiovascular or respiratory issues.
* Patient who had pre-existing moderate or severe heart or lung disease.

Exclusion Criterion:
* Pregnant or lactating women."
10517529,"['central venous cannulation (CVC)', 'internal jugular vein cannulation (IJVC)', 'femoral vein cannulation (FVC)']",INTERVENTIONAL,ALL,18 Years,Not Specified,"Inclusion Criteria:

* Patients with critical illness requiring central venous catheterization in critical care
* Patient with a history of acute renal failure

Exclusion Criterion:
* Pregnant or lactating women"
12479773,['Pain'],INTERVENTIONAL,ALL,18 Years,Not Specified,"Inclusion Criteria:

* Patients aged between 20 and 70 years
* Patient with active MTrPs within the upper trapezius identified according to the Simon criteria

Exclusion Criterion:
* Pregnant or lactating women"
6800496,['Pain'],INTERVENTIONAL,ALL,18 Years,Not Specified,"Inclusion Criteria:

* Patients aged between 18 and 70 years
* Scheduled to undergo elective laparoscopic radical nephrectomy through the retroperitoneal approach
* Able to communicate due to severe dementia, language barrier, or end-stage disease
* allergic to local anaesthetics"
7448324,['Pain'],OBSERVATIONAL,ALL,18 Years,Not Specified,"Inclusion Criteria:

* Patients with a distal radius fracture who underwent closed reduction and casting in our A&E
* Patient who was initially treated at an outside facility or who did not undergo closed reduction manoeuvres in the emergency operating theatre

Exclusion Criterion:
* Pregnant or lactating women"
7811728,['pancreatobiliary diseases'],INTERVENTIONAL,ALL,18 Years,Not Specified,"Inclusion Criteria:

* Age ≥ 18 years
* Ability to provide written informed consent

Exclusion Criterion:
* Lack of experience or training in EUS
* Pregnant or lactating women"
12411160,['Ultrasonography'],INTERVENTIONAL,FEMALE,18 Years,Not Specified,"Inclusion Criteria:

* Age between 34 and 39 years
* Normal ovarian reserve, established as AFC between 8 and 16
* indication to either IVF or intracytoplasmic sperm injection (ICSI)
* Patient with polycystic ovary syndrome (PCOS) determined by Rotterdam criteria
* Poor ovarian response according to ESHRE criteria"
12691144,"['Muscular Atrophy', 'Stress']",INTERVENTIONAL,ALL,18 Years,Not Specified,"Inclusion Criteria:

* Patients aged 18-75 years
* Patient with a diagnosis of SMA
* Able to provide written informed consent

Exclusion Criterion:
* Pregnant or lactating women
* Unable to provide informed consent"
6944786,"['Ultrasonography', 'Pain']",INTERVENTIONAL,ALL,18 Years,Not Specified,"Inclusion Criteria:

* Patients who underwent unilateral PNI for a therapeutic purpose in University of Health Sciences, Derince Training and Research Hospital between November 2016 and September 2017
* Patient who underwent a prediagnosis (according to the first 4 Nantes criteria) of unilateral PN by a senior neuropelveologist (AK).
* Informed consent obtained from each patient before the first diagnostic PNI.

Exclusion Criterion:
* Pregnant or lactating women."
4247231,['Difficult Laryngoscopy'],INTERVENTIONAL,ALL,18 Years,Not Specified,"Inclusion Criteria:

* Patients with facial, cervical, pharyngeal, and epiglottis surgical or trauma history

Exclusion Criterion:
* Pregnant or lactating women
* Unable to provide written informed consent"
11011777,"['Idiopathic Pulmonary Fibrosis', 'Interstitial Lung Disease']",OBSERVATIONAL,ALL,18 Years,Not Specified,"Inclusion Criteria:

* Age ≥ 18 years
* Diagnosis of Idiopathic Interstitial Pneumonias
* Patients with a history of interstitial pulmonary disease
* Patient who is able to provide written informed consent

Exclusion Criterion:
* Pregnant or lactating women"
12650948,['Acute cholecystitis'],INTERVENTIONAL,ALL,18 Years,Not Specified,"Inclusion Criteria:

* Age ≥ 18 years
* Diagnosis of acute cholecystitis at high surgical risk or deemed unfit for surgery
* Contraindication to LAMSs
* Pregnant or lactating women"
12688573,"['Interstitial Lung Disease', 'Idiopathic Pulmonary Fibrosis']",OBSERVATIONAL,ALL,18 Years,Not Specified,"Inclusion Criteria:

* Patients with undifferentiated interstitial lung disease
* Patient with a history of bleeding diathesis or use of any anticoagulant for 5 days before procedure"
12380934,['Ultrasonography'],OBSERVATIONAL,ALL,18 Years,Not Specified,"Inclusion Criteria:

* Age ≥ 18 years
* Diagnosis of pSOS/VOD in pediatric hematopoietic stem cell transplant recipients

Exclusion Criterion:
* Acute graft-versus-host disease (aGVHD)
* Pregnant or lactating women"
10940262,['Neoplasms'],INTERVENTIONAL,ALL,18 Years,Not Specified,"Inclusion Criteria:

* Age ≥ 18 years
* Diagnosis of pancreatic neuroendocrine neoplasia type 1

Exclusion Criterion:
* Pregnant or lactating women
* Inability to provide written informed consent"
12652162,['Stress'],INTERVENTIONAL,ALL,18 Years,Not Specified,"Inclusion Criteria:

* Patients with lower-limb fractures
* Age \>20 years
* Diagnosis of carpal tunnel syndrome

Exclusion Criterion:
* Pregnant or lactating women
* Inability to provide written informed consent"
12696141,"['Migraine', 'Stress']",INTERVENTIONAL,ALL,18 Years,Not Specified,"Inclusion Criteria:

* Age ≥ 18 years
* Diagnosis of migraine
* Pregnant or lactating women"
12687344,"['Pulmonary Arterial Hypertension', 'Hypertension']",OBSERVATIONAL,ALL,18 Years,Not Specified,"Inclusion Criteria:

* Patients with SLE-associated PAH who are able to provide written informed consent

Exclusion Criterion:
* Pregnant or lactating women"
11554317,['Pain'],OBSERVATIONAL,ALL,18 Years,Not Specified,"Inclusion Criteria:

* Patients with ophthalmic branch postherpetic neuralgia who received the supraorbital nerve PRF treatment in our hospital from July 2018 to November 2022
* Patient who has used pregabalin for at least 2 weeks
* Pregnant or lactating women"
12357342,['Pain'],INTERVENTIONAL,ALL,18 Years,Not Specified,"Inclusion Criteria:

* Patients with a PEDro score greater than or equal to four
* Age ≥ 18 years
* Ability to provide written informed consent"
12699981,"['Colorectal Cancer', 'Cancer']",INTERVENTIONAL,ALL,18 Years,Not Specified,"Inclusion Criteria:

* Age ≥70 years
* Contraindication to laparoscopic radical resection"
11134963,"['Hernia', 'Pain']",INTERVENTIONAL,ALL,18 Years,Not Specified,"Inclusion Criteria:

* Age \> 18 years
* Body Mass Index (BMI) 18.5-40
* Weight \< 65 kg
* Scheduled hospital stay \> 24 h"
7882469,['Learning'],INTERVENTIONAL,ALL,18 Years,Not Specified,"Inclusion Criteria:

* Age ≥ 18 years
* Ability to provide written informed consent"
12323229,['laparoscopic cholecystectomy (LC)'],INTERVENTIONAL,ALL,18 Years,Not Specified,"Inclusion Criteria:

* Patients with known local anesthetic allergy, a history of infection in the application area, prior abdominal surgery, neurological or psychological disorders, communication difficulties, ASA III status, or BMI > 35 kg/m²
* Scheduled for elective cholecystectomy"
12334499,"['fetal anomalies', 'dichorionic (DC) twins', 'monochorionic diamniotic (MCDA) twins']",INTERVENTIONAL,ALL,18 Years,Not Specified,"Inclusion Criteria:

* Age ≥ 18 years
* Diagnosis of dual-to-twin pregnancy
* Pregnant or lactating women

Exclusion Criterion:
* Inability to provide written informed consent
* Contraindication to MRI
* Unwilling to participate in the study"
10589435,"['Echocardiography', 'Ischemic Stroke']",INTERVENTIONAL,ALL,18 Years,Not Specified,"Inclusion Criteria:

* Age ≥ 18 years
* Patient with a history of ischemic stroke
* Pregnant or lactating women"
12679204,['Stress'],OBSERVATIONAL,ALL,18 Years,Not Specified,"Inclusion Criteria:

* Patients must be able to provide written informed consent
* Participants must be 18 years of age or older

Exclusion Criterion:
* Pregnant or lactating women"
6347732,['Pain'],INTERVENTIONAL,ALL,18 Years,Not Specified,"Inclusion Criteria:

* Patients scheduled for elective day surgery
* Age of younger than 18 years
* Ability to express themselves
* Visual dysfunction
* Lack of understanding of Dutch"
12276445,"['Cirrhosis', 'Hypertension']",INTERVENTIONAL,ALL,18 Years,Not Specified,"Inclusion Criteria:

* Patients referred for a procedure involving measuring HVPG
* Patient referred for transjugular balloon occlusion measurement in patients with cirrhosis (ENCOUNTER): A bicentric EU study

Exclusion Criterion:
* Pregnant or lactating women"
12351916,['Pain'],INTERVENTIONAL,ALL,18 Years,Not Specified,"Inclusion Criteria:

* Patients with mild to moderate idiopathic carpal tunnel syndrome
* Patient who are failed to respond to conservative treatment (such as splint, medications, physical therapy) for at least three months

Exclusion Criterion:
* Previous release surgery for the median nerve or wrist surgery
* Pregnancy."
7326201,"['Ultrasonography', 'Pain']",INTERVENTIONAL,ALL,18 Years,Not Specified,"Inclusion Criteria:

* Age between 15 and 60 years
* Having signs/symptoms of CTS including pain, numbness, paresthesia and/or tingling along the distribution of median nerve in the hand (the first three radial digits and the radial side of the fourth finger).

Exclusion Criterion:
* Previous surgical release or injection for CTS signs such as polyneuropathy, cervical radiculopathy, and thoracic outlet syndrome."
5743212,"['tuberculosis (TB)', 'HIV']",INTERVENTIONAL,ALL,18 Years,Not Specified,"Inclusion Criteria:

* Age \> 15 years
* Diagnosis of tuberculosis
* Complete TB treatment
* Signed informed consent

Exclusion Criterion:
* Contraindication to the study"
6503651,"['septic shock', 'intussusception', 'pneumonia', 'trauma', 'hemorrhagic shock', 'shock', 'hypotension']",INTERVENTIONAL,ALL,18 Years,Not Specified,"Inclusion Criteria:

* Age ≥ 18 years
* Ability to provide written informed consent

Exclusion Criterion:
* Pregnant or lactating women"
11450216,['Type 2 Diabetes'],INTERVENTIONAL,ALL,18 Years,Not Specified,"Inclusion Criteria:

* Age range between 30 and 75 years
* Ability to provide complete access to their medical records

Exclusion Criterion:
* History of kidney disease
* Pregnant or breastfeeding
* Contraindication to oral glucose tolerance test"
11034160,"['Postoperative Complications', 'Bradycardia', 'Pain']",INTERVENTIONAL,ALL,18 Years,Not Specified,"Inclusion Criteria:

* Patients with a local infection at the puncture site
* A history of allergy to study drugs (bupivacaine, fentanyl), hematological disorders including coagulation abnormalities, severe hepatic or kidney impairment, or chronic pain
* Patient has the right to withdraw from the study at any time without any negative consequences for their medical or surgical treatment plan."
12224653,['adenomyosis'],OBSERVATIONAL,ALL,18 Years,Not Specified,"Inclusion Criteria:

* Age ≥ 18 years
* Diagnosis of adenomyosis
* Pregnant or lactating women"
10875539,['Learning'],INTERVENTIONAL,ALL,18 Years,Not Specified,"Inclusion Criteria:

* Age ≥ 18 years
* Ability to provide informed consent
* Able to provide written informed consent"
11213984,"['Comfort', 'Pain']",INTERVENTIONAL,ALL,18 Years,Not Specified,"Inclusion Criteria:

* Patients scheduled for elective total hip arthroplasty
* ASA physical status 1-3
* BMI \<45 kg m−2
* Pre-existing medical conditions precluding spinal anaesthesia or regional blocks
* Pregnant
* Contraindication to local anaesthetics or components of the multimodal analgesic regimen"
12124694,['Hip Fracture'],OBSERVATIONAL,ALL,18 Years,Not Specified,"Inclusion Criteria:

* Patients aged 50 years or older
* Patient with a history of hip fracture
* Age \>18 years
* Diagnosis of a hip fracture within the past 5 years

Exclusion Criterion:
* Pregnant or lactating women
* Inability to provide written informed consent"
12514706,['Pain'],INTERVENTIONAL,ALL,18 Years,Not Specified,"Inclusion Criteria:

* Age older than 18 years
* History of use of glucocorticosteroids, muscle relaxants, or other systemic disease affecting one's ability to sit or stand
* Pregnant or lactating women"
11076349,"['Neoplasms', 'Epilepsy']",INTERVENTIONAL,ALL,18 Years,Not Specified,"Inclusion Criteria:

* Age ≥ 18 years
* Patient with a diagnosis of neurodegenerative disease
* Ability to provide written informed consent

Exclusion Criterion:
* Inability to provide informed consent"
12679511,"['digital ischemia', 'peripheral artery disease', 'diabetes']",OBSERVATIONAL,ALL,18 Years,Not Specified,"Inclusion Criteria:

* Patient must meet all of the following criteria:
* Patients must be able to provide written informed consent
* Age ≥ 18 years
* Able to provide informed consent"
12090303,"['Ultrasonography', 'Cough']",INTERVENTIONAL,ALL,18 Years,Not Specified,"Inclusion Criteria:

* Age \> 18 years
* Patient with acute respiratory tract infection (e.g. fever, sputum production, dyspnea, wheezing, discomfort of the chest) where the GP suspected pneumonia during usual care.

Exclusion Criterion:
* Pregnant or lactating women."
11927608,['Hypertension'],INTERVENTIONAL,ALL,18 Years,Not Specified,"Inclusion Criteria:

* Patients with a diagnosis of portal hypertension
* Patient with a history of hepatic cirrhosis

Exclusion Criterion:
* Pregnant or lactating women"
12219377,"['pregnancy', 'preterm delivery']",INTERVENTIONAL,FEMALE,18 Years,Not Specified,"Inclusion Criteria:

* Age ≥ 18 years
* Pregnant women with an equal HMO insurance status
* Able to provide written informed consent

Exclusion Criterion:
* Unwilling to participate in the study"
7041196,"['critically ill neonates', 'critically ill children']",INTERVENTIONAL,ALL,18 Years,Not Specified,"Inclusion Criteria:

* Age ≥ 18 years
* Ability to provide written informed consent

Exclusion Criterion:
* Pregnant or lactating women"
4006330,['Behavior'],INTERVENTIONAL,ALL,18 Years,Not Specified,"Inclusion Criteria:

* Patients with gestational age over 37 weeks and estimated fetal weight over 2500 g
* Pregnant or lactating women"
12275638,['Pain'],INTERVENTIONAL,ALL,18 Years,Not Specified,"Inclusion Criteria:

* Age between 30 and 70 years
* Patient with preexisting hemodynamic instability requiring inotropes or intra-aortic balloon pump insertion
* Patients with contraindications to the block procedure, such as allergies to LAs or patient refusal."
12020580,['Periodontitis'],INTERVENTIONAL,ALL,18 Years,Not Specified,"Inclusion Criteria:

* Age between 18 and 75 years old.
* Diagnosis of stages III and IV periodontitis.

Exclusion Criterion:
* Pregnant or lactating.Allergy to chlorhexidine or erythritol."
4353283,['Pain'],INTERVENTIONAL,ALL,18 Years,Not Specified,"Inclusion Criteria:

* Age ≥ 18 years
* Patient with a diagnosis of chronic low back pain
* Patients with a history of inflammatory articular conditions (such as ankylosing spondylitis), spinal stenosis, or fractures

Exclusion Criterion:
* Pregnant or lactating women"
5952861,['Pain'],INTERVENTIONAL,ALL,18 Years,Not Specified,"Inclusion Criteria:

* Age \> 18 years
* Patient with a history of drug allergy or local anaesthetic toxicity
* BMI (body mass index) > 35 kg/m2
* pregnancy weight \< 50 kg (to limit maximum ropivacaine dose to 3 mg/kg)
* Contraindications to regional anaesthesia (bleeding diathesis, infection at the site of block and peripheral neuropathy)"
11899042,['Marfan Syndrome'],OBSERVATIONAL,ALL,18 Years,Not Specified,"Inclusion Criteria:

* Age ≥ 18 years
* Diagnosis of presumed MFS
* Patient with a diagnosis of HCTD

Exclusion Criterion:
* Pregnant or lactating women"
11925964,['Behavior'],OBSERVATIONAL,ALL,18 Years,Not Specified,"Inclusion Criteria:

* Age 18 to 30 years
* Diagnosis of intended trauma to the anterior neck
* Inability to provide written informed consent
* Signed informed consent"
6894198,['Patient Safety'],INTERVENTIONAL,ALL,18 Years,Not Specified,"Inclusion Criteria:

* Age ≥ 18 years
* Patient with a diagnosis of acute coronary syndrome (ACS)

Exclusion Criterion:
* Pregnant or lactating women
* Inability to provide written informed consent"
5735096,"['postpartum urinary retention', 'covert postpartum urinary retention (cPUR)']",INTERVENTIONAL,ALL,18 Years,Not Specified,"Inclusion Criteria:

* Age ≥ 18 years
* Patient who underwent a routine urinary catheterization during the third trimester of pregnancy or a history of surgery on the urinary tract
* Pregnant or lactating women"
10813052,"['Histology', 'Cancer', 'NSCLC']",INTERVENTIONAL,ALL,18 Years,Not Specified,"Inclusion Criteria:

* Patients older than 18 years old who had (1) cytologically or histologically and radiographically confirmed NSCLC at diagnosis, (2) a disease status measurable by Response Evaluation Criteria in Solid Tumors (RECIST) version 1.1, (3) stage III with inoperable (or contraindicated for surgical therapy) lung cancer patients with indications for radiotherapy.

Exclusion Criterion:
* Previous history of irradiation or work in medical ionizing radiation posts or other types with high risk for ionizing-radiation exposure."
11939329,"['Age-related macular degeneration (AMD)', 'Choroidal neovascularization (CNV)']",INTERVENTIONAL,ALL,18 Years,Not Specified,"Inclusion Criteria:

* Age ≥ 60 years
* Patients with a history of macular degeneration
* Pregnant or lactating women"
11835717,['Radiology'],INTERVENTIONAL,ALL,18 Years,Not Specified,"Inclusion Criteria:

* Age ≥ 18 years
* Ability to provide written informed consent

Exclusion Criterion:
* Pregnant or lactating women"
11417896,['Pediatric Dental Panoramic Radiographs (DPRs)'],INTERVENTIONAL,ALL,18 Years,Not Specified,"Inclusion Criteria:

* Age ≥ 18 years
* Diagnosis of permanent dentition
* Prior dental surgery

Exclusion Criterion:
* Pregnant or lactating women
* Inability to provide written informed consent"
6381229,['Osteoarthritis'],INTERVENTIONAL,ALL,18 Years,Not Specified,"Inclusion Criteria:

* Age ≥ 18 years
* Patients with a mean or median follow-up of more than 15 years

Exclusion Criterion:
* Pregnant or lactating women
* Inability to provide written informed consent"
12163333,['Liver Transplantation'],INTERVENTIONAL,ALL,18 Years,Not Specified,"Inclusion Criteria:

* Age ≥18 years
* Ability to provide written informed consent

Exclusion Criterion:
* Contraindication to indocyanine green (ICG) fluorescence
* Inability to provide informed consent"
11573128,['Contrast Media'],OBSERVATIONAL,ALL,18 Years,Not Specified,"Inclusion Criteria:

* Patients with a history of hypersensitivity reactions to iopromide
* Patient who has undergone intra-venous or intra-arterial administration of the drug

Exclusion Criterion:
* Pregnant or lactating women"
12659085,['hemodialysis'],INTERVENTIONAL,ALL,18 Years,Not Specified,"Inclusion Criteria:

* Patients with prior failed attempts at fluoroscopy-free catheters
* Patient with documented central venous stenosis or thrombosis on CT angiography"
11615633,['Liver Tumors'],INTERVENTIONAL,ALL,18 Years,Not Specified,"Inclusion Criteria:

* Patients with hepatic radioembolization
* Age \> 65 years
* Ability to provide written informed consent

Exclusion Criterion:
* Inability to undergo additional examination time of 30–90 minutes
* Pregnant or lactating women"
12316388,"['tuberculosis (TB)', 'tuberculosis disease (TBD)', 'tuberculosis infection (TBI)', 'HIV']",INTERVENTIONAL,ALL,18 Years,Not Specified,"Inclusion Criteria:

* Age 5-50 years old
* Known to have had a CXR or TBI test in the past 3 months
* Pregnant or lactating women"
12109309,"['biliary tract infections', 'bile duct infections']",OBSERVATIONAL,ALL,18 Years,Not Specified,"Inclusion Criteria:

* Patients with a history of endoscopic retrograde cholangiography
* Patient who has undergone a sphincterotomy for microbiological diagnostic
* Pregnant or lactating women
* Inability to provide written informed consent

Exclusion Criterion:
* Contraindication to contrast media"
12625403,"['impacted maxillary canines', 'root resorption']",INTERVENTIONAL,ALL,18 Years,Not Specified,"Inclusion Criteria:

* Age \> 13 years
* Ability to provide written informed consent

Exclusion Criterion:
* Prior dental surgery
* Previous dental surgery"
8928377,"['Axial Spondyloarthritis', 'Spondyloarthritis']",INTERVENTIONAL,ALL,18 Years,Not Specified,"Inclusion Criteria:

* Patients with a clinical diagnosis of adult-onset nr-axSpA meeting the Assessment of Spondyloarthritis international Society (ASAS) criteria
* Patient who has switched to open-label CZP
* Pregnant or lactating women"
9264035,['Radiation Exposure'],INTERVENTIONAL,ALL,18 Years,Not Specified,"Inclusion Criteria:

* Age ≥ 18 years
* Ability to provide written informed consent

Exclusion Criterion:
* Pregnant or lactating women"
5537094,"['Endotracheal Tube', 'X-ray Image Classification', 'Radiography', 'Chest Radiographs', 'Abdominal Radiographs']",OBSERVATIONAL,ALL,18 Years,Not Specified,"Inclusion Criteria:

* Age ≥ 18 years
* Ability to provide written informed consent

Exclusion Criterion:
* Pregnant or lactating women"
12337901,['Body Composition'],OBSERVATIONAL,ALL,18 Years,Not Specified,"Inclusion Criteria:

* Age ≥ 18 years
* Ability to provide written informed consent

Exclusion Criterion:
* Pregnant or lactating women"
10055017,"['Radiation Exposure', 'Humeral Fractures']",INTERVENTIONAL,ALL,18 Years,Not Specified,"Inclusion Criteria:

* Patients with proximal humerus plating
* Age ≥ 18 years
* Ability to provide written informed consent

Exclusion Criterion:
* Pregnant or lactating women"
9967502,"['Pneumothorax', 'Radiation Exposure']",OBSERVATIONAL,ALL,18 Years,Not Specified,"Inclusion Criteria:

* Patients with scheduled flexible bronchoscopies with TBFB, TBLC or EBV treatment between 1 September 2019 and 30 September 2020
* Patient under 18 years of age
* Signed informed consent

Exclusion Criterion:
* Pneumothorax
* Contraindication to propofol sedation"
11000292,['carious posterior permanent teeth'],INTERVENTIONAL,ALL,18 Years,Not Specified,"Inclusion Criteria:

* Age \> 12 years
* Patient willing to participate in the study
* Signed informed consent form

Exclusion Criterion:
* Any developmental or formative abnormalities
* Molar incisor hypomineralization"
12060925,['Radiation Exposure'],INTERVENTIONAL,ALL,18 Years,Not Specified,"Inclusion Criteria:

* Age ≥ 18 years
* Ability to provide informed consent

Exclusion Criterion:
* Contraindication to MRI
* Inability to provide written informed consent"
12458852,"['Ultrasonography', 'Comfort']",INTERVENTIONAL,ALL,18 Years,Not Specified,"Inclusion Criteria:

* Patients with a diagnosis of HBD imaging/graph according to the Joanna Briggs Institute (JBI) Review Manual and the Preferred Reporting Items for Systematic reviews and Meta-Analyses (PRISMA) extension for Scoping Reviews
* Age ≥ 18 years
* Ability to provide written informed consent

Exclusion Criterion:
* Pregnant or lactating women"
11696795,['Stress'],OBSERVATIONAL,ALL,18 Years,Not Specified,"Inclusion Criteria:

* Patients with a preoperative HVA of more than 15 degrees or an intermetatarsal angle (IMA) more than 10 degrees
* Patient with radiographic evidence of osteoarthritic change in the first metatarsophalangeal joint

Exclusion Criterion:
* Pregnant or lactating women"
12067538,['paediatric endocrinology diagnoses'],INTERVENTIONAL,ALL,18 Years,Not Specified,"Inclusion Criteria:

* Age \> 18 years
* Ability to provide written informed consent

Exclusion Criterion:
* Pregnant or lactating women"
10856002,['Early Onset Idiopathic Scoliosis (EOIS)'],INTERVENTIONAL,ALL,18 Years,Not Specified,"Inclusion Criteria:

* Age \> 10 years
* Patient with a diagnosis of idiopathic scoliosis below the age of 10, diagnosed by clinical examination and a standard standing posteroanterior radiograph of the whole spine

Exclusion Criterion:
* History of surgery
* Prior intention-to-treat analysis"
12663028,['Prognostic Factors'],INTERVENTIONAL,ALL,18 Years,Not Specified,"Inclusion Criteria:

* Age ≥ 18 years
* Diagnosis of acute idiopathic scoliosis
* History of bone deformity
* Histologically confirmed bone deformities"
9275109,"['Hypertension', 'Smoking']",OBSERVATIONAL,ALL,18 Years,Not Specified,"Inclusion Criteria:

* Patients aged 40-55 years
* Patient with a history of carotid artery stenosis
* Pregnant or lactating women"
12553159,"['fluid overload', 'systemic venous congestion', 'pulmonary congestion']",INTERVENTIONAL,ALL,18 Years,Not Specified,"Inclusion Criteria:

* Patients aged 1 month to 18 years
* Patient with a cumulative fluid balance exceeding 5% within the first 24 h of PICU admission
* Contraindication to extracorporeal membrane oxygenation"
12043478,"['Cancer', 'Glioma']",INTERVENTIONAL,ALL,18 Years,Not Specified,"Inclusion Criteria:

* Patients must meet all of the following criteria:
* Age ≥ 18 years
* Diagnosis of glioma
* Previous radiotherapy
* Prior radiotherapy"
12678713,['Not Specified'],INTERVENTIONAL,ALL,18 Years,Not Specified,"Inclusion Criteria:

* Patients between the ages of 60 and 79 years
* Patient who is able to provide written informed consent

Exclusion Criterion:
* Pregnant or lactating women
* Inability to provide informed consent"
12532782,"['Pulmonary Embolism', 'Heart Failure', 'Pneumothorax']",OBSERVATIONAL,ALL,18 Years,Not Specified,"Inclusion Criteria:

* Adults ≥ 18 years of age who presented to the emergency room with dyspnea listed as one of their complaints.
* Pregnant patients, non-English speaking patients, prisoners, and those with altered mental status were excluded from the study."
6332516,['Pain'],INTERVENTIONAL,ALL,18 Years,Not Specified,"Inclusion Criteria:

* Age \> 18 years
* Patients who were prescribed PAR that was performed in the two EDs between 1 January and 31 December 2015
* Contraindication to contrast medium injection"
12033135,"['mammography', 'quality control (QC)', 'image quality (IQ) metrics', 'TORMAS phantoms']",INTERVENTIONAL,ALL,18 Years,Not Specified,"Inclusion Criteria:

* Age ≥ 18 years
* Ability to provide written informed consent

Exclusion Criterion:
* Pregnant or lactating women"
12696010,"['Echocardiography', 'Ultrasonography']",OBSERVATIONAL,ALL,18 Years,Not Specified,"Inclusion Criteria:

* Patients must be between 18 and 40 years of age
* Patient must be able to provide written informed consent

Exclusion Criterion:
* Pregnant or lactating women"
12691365,"['Ankylosing Spondylitis', 'Inflammation']",INTERVENTIONAL,ALL,18 Years,Not Specified,"Inclusion Criteria:

* Age ≥ 18 years
* Patients with a diagnosis of ankylosis spondylitis
* Ability to provide written informed consent

Exclusion Criterion:
* Pregnant or lactating women"
11997706,"['Breast Cancer', 'Cancer']",INTERVENTIONAL,ALL,18 Years,Not Specified,"Inclusion Criteria:

* Patients who have received suspicious breast imaging results (Suspicious Abnormality) or 5 (Highly Suggestive of Malignancy) that had been read by a radiologist trained in breast imaging (obtained from diagnostic mammography, ultrasound, and/or MRI) and who underwent a standard of care diagnostic biopsy within 60 days to determine the pathological characteristics of the breast.

Exclusion Criterion:
* Pregnant or lactating women."
12686638,['Osteoarthritis'],INTERVENTIONAL,ALL,18 Years,Not Specified,"Inclusion Criteria:

* Patients with knee osteoarthritis
* Age ≥ 18 years
* Ability to provide written informed consent

Exclusion Criterion:
* Pregnant or lactating women"
11674558,"['Ultrasonography', 'Handheld Ultrasound']",INTERVENTIONAL,ALL,18 Years,Not Specified,"Inclusion Criteria:

* Age ≥ 18 years
* Patient with a diagnosis of atypical pneumonia
* Patients who are able to provide written informed consent

Exclusion Criterion:
* Pregnant or lactating women"
